record_id,title,journal,year,source_database
FS-008625,Toward reducing the immunogenic potential of wheat flour: identification and characterization of wheat lines missing omega-5 gliadins encoded by the 1D chromosome,Theoretical and Applied Genetics,2023,Scopus;Web of Science Core Collection
FS-008632,Lipid transfer protein syndrome in a Northern European patient: An unusual case report,Frontiers in Medicine,2023,Scopus;Web of Science Core Collection
FS-008642,Cryptotanshinone Protects Against Acute Pulmonary Edema,Experimed,2023,Scopus;Web of Science Core Collection
FS-008643,Is Tako-tsubo cardiomyopathy really reversible ?; [La Cardiomyopathie de Tako-tsubo est-elle réellement réversible ?],Annales de Cardiologie et d'Angeiologie,2022,Scopus
FS-008651,Curcumin: The Active Compound in Turmeric has the Potential to Reduce Pain Intensity and Increase Range of Motion During Exercise-Induced Muscle Damage; [Curcumina: el compuesto activo de la cúrcuma tiene el potencial de reducir la intensidad del dolor y aumentar el rango de movimiento durante el daño muscular inducido por el ejercicio],Retos,2023,Scopus
FS-008653,Blueberry Extract Modulates Brain Enzymes Activities and Reduces Neuroinflammation: Promising Effect on Lipopolysaccharide-Induced Depressive-Like Behavior,Neurochemical Research,2023,Scopus;Web of Science Core Collection
FS-008655,STING controls energy stress-induced autophagy and energy metabolism via STX17,Journal of Cell Biology,2022,Scopus;Web of Science Core Collection
FS-008659,A pilot study: effect of irisin on trabecular bone in a streptozotocin-induced animal model of type 1 diabetic osteopathy utilizing a micro-CT,PeerJ,2023,Scopus;Web of Science Core Collection
FS-008661,Diastolic Cardiomyopathy Secondary to Experimentally Induced Exacerbated Emphysema,American Journal of Respiratory Cell and Molecular Biology,2023,Scopus;Web of Science Core Collection
FS-008662,The acetabular labrum tissue shows unique transcriptome signatures compared to cartilage and responds to combined cyclic compression and surface shearing,Gene,2023,Scopus;Web of Science Core Collection
FS-008664,Meta-transcriptomic comparison of two sponge holobionts feeding on coral- and macroalgal-dissolved organic matter,BMC Genomics,2022,Scopus;Web of Science Core Collection
FS-008665,No evidence of metabolic costs following adaptive immune activation or reactivation in house sparrows,Biology Letters,2022,Scopus;Web of Science Core Collection
FS-008668,"D-dimers-Normal Levels versus Elevated Levels Due to a Range of Conditions, Including D-dimeritis, Inflammation, Thromboembolism, Disseminated Intravascular Coagulation, and COVID-19",Seminars in Thrombosis and Hemostasis,2022,Scopus;Web of Science Core Collection
FS-008669,Recurrent Acute Kidney Injury Caused by Idiopathic Renal Hypouricemia: The First Report from Iran with A Novel Mutation,Iranian Journal of Kidney Diseases,2022,Scopus;Web of Science Core Collection
FS-008670,The Effects of Water Temperature and Simulated Angling on the Physiological Stress Response of Largemouth Bass,Transactions of the American Fisheries Society,2022,Scopus;Web of Science Core Collection
FS-008677,Is there a relationship between aortic valve degeneration and left ventricle function?,Cor et Vasa,2023,Scopus;Web of Science Core Collection
FS-008679,Effect of surgical staples and stitches on the critical swimming speed of Sebastes schlegelii after implantation of ultrasonic pingers,Aquatic Biology,2023,Scopus;Web of Science Core Collection
FS-008688,<i>Salmonella enteritidis</i> and <i>Listeria monocytogenes</i>: inactivation effect and aerobic respiratory limitation of cold plasma treatment,JOURNAL OF CONSUMER PROTECTION AND FOOD SAFETY,2022,Scopus;Web of Science Core Collection
FS-008694,Gas-Permeable Highly Sensitive Nanomesh Humidity Sensor for Continuous Measurement of Skin Humidity,Advanced Materials Technologies,2022,Scopus;Web of Science Core Collection
FS-008695,Optimizing Athletic Performance and PostExercise Recovery: The Significance of Carbohydrates and Nutrition,Montenegrin Journal of Sports Science and Medicine,2023,Scopus
FS-008703,The modulatory role of dopamine receptors within the hippocampal cornu ammonis area 1 in stress-induced analgesia in an animal model of persistent inflammatory pain,Behavioural Pharmacology,2022,Scopus;Web of Science Core Collection
FS-008704,"Outcomes of Antineoplastic Immunotherapy at a Large Healthcare Organization: Impact of Provider, Race and Socioeconomic Status",Cancer Management and Research,2023,Scopus;Web of Science Core Collection
FS-008706,Case report: Anterior mediastinal mass in a patient with pleural effusion and dyspnea,Frontiers in Surgery,2023,Scopus;Web of Science Core Collection
FS-008717,Primary ectopic meningioma in the thoracic cavity: A rare case report and review of the literature,Frontiers in Oncology,2023,Scopus
FS-008719,"Exploration of essential oil from Psychotria poeppigiana as an anti-hyperalgesic and anti-acetylcholinesterase agent: Chemical composition, biological activity and molecular docking",Journal of Ethnopharmacology,2022,Scopus
FS-008721,Nafamostat reduces systemic inflammation in TLR7-mediated virus-like illness,Journal of Neuroinflammation,2022,Scopus;Web of Science Core Collection
FS-008728,Identification of C-C motif chemokine ligand 5 as a heatdependent myokine,Endocrine Journal,2023,Scopus;Web of Science Core Collection
FS-008733,"Bacteria binding and antibacterial activities of three small heat shock protein from the swimming crab, <i>Portunus trituberculatus</i>",AQUACULTURE RESEARCH,2022,Scopus;Web of Science Core Collection
FS-008752,Impaired vascular function induced by aging: Role of irisin and perivascular adipose tissue,Journal of Research in Pharmacy,2023,Scopus
FS-008755,Treadmill Exercise Prevents Cognitive Impairments in Adolescent Intermittent Ethanol Rats by Reducing the Excessive Activation of Microglia Cell in the Hippocampus,International Journal of Molecular Sciences,2022,Scopus;Web of Science Core Collection
FS-008758,The effects of sex differences on delayed-onset muscle soreness by cold-water immersion following resistance exercise,Gazzetta Medica Italiana Archivio per le Scienze Mediche,2022,Scopus;Web of Science Core Collection
FS-008762,The effect of lower airway inflammation on inflammatory cytokine gene expression in bronchoalveolar lavage fluid and whole blood in racing Thoroughbreds,Veterinary Immunology and Immunopathology,2021,Scopus;Web of Science Core Collection
FS-008787,"Race, Specificity, and Statistics in Victorian Medicine",Journal of Victorian Culture,2022,Scopus;Web of Science Core Collection
FS-008789,"Chloramine-T application for Trichodina sp. in Arapaima gigas juveniles: Acute toxicity, histopathology, efficacy, and physiological effects",Veterinary Parasitology,2022,Scopus;Web of Science Core Collection
FS-008801,EFFECTS OF CINNAMOMUM BURMANII SUPPLEMENTATION ON CD4+/ CD8 + T LYMPHOCYTES RATIO DUE TO HIGH INTENSITY TRAINING ON MUS MUSCULUS BALB/C,Biochemical and Cellular Archives,2021,Scopus
FS-008815,Phonophoresis of semisolid formulation of<i> Zingiber</i><i> officinale</i> Roscoe hydroalcoholic extract improves quality of life in patients with moderate knee osteoarthritis: A randomized clinical trial,JOURNAL OF HERBAL MEDICINE,2021,Scopus;Web of Science Core Collection
FS-008833,Incidental operating room fire from a breathing circuit warmer system: a case report,BMC Anesthesiology,2021,Scopus;Web of Science Core Collection
FS-008851,Shear wave elastography in the diagnosis of rhabdomyolysis,Russian Military Medical Academy Reports,2022,Scopus
FS-008853,Multi-Ingredient Supplement Supports Mitochondrial Health through Interleukin-15 Signaling in Older Adult Human Dermal Fibroblasts,Cosmetics,2022,Scopus;Web of Science Core Collection
FS-008869,Minocycline-Loaded Poly(α-Lipoic Acid)– Methylprednisolone Prodrug Nanoparticles for the Combined Anti-Inflammatory Treatment of Spinal Cord Injury,International Journal of Nanomedicine,2022,Scopus
FS-008871,Chronic antidepressant use: Effects on various organ histology and blood cell counts in adult albino rats,Journal of Reports in Pharmaceutical Sciences,2022,Scopus;Web of Science Core Collection
FS-008874,"Histopathological parameters, antioxidant enzyme levels, transcriptome, and hematology parameters of Amur minnow (<i>Phoxinus lagowskii</i>) infection with <i>Tetrahymena pyriformis</i>",AQUACULTURE INTERNATIONAL,2021,Scopus;Web of Science Core Collection
FS-008876,Active immunization against GnRH as an alternative therapeutic approach for the management of Bos indicus oocyte donors diagnosed with chronic cystic ovarian disease,Theriogenology,2021,Scopus;Web of Science Core Collection
FS-008877,<i>Phoenix dactylifera</i> pollen does not affect eccentric resistance exercise-induced delayed-onset muscle soreness (DOMS) in female athletes,SPORT SCIENCES FOR HEALTH,2021,Scopus;Web of Science Core Collection
FS-008884,Association of Anti-β1 and Anti-M2 Antibodies with Autonomic Nervous System Modulation in Patients with Chronic Chagas Cardiomyopathy,International Journal of Cardiovascular Sciences,2022,Scopus
FS-008895,Inhibition of Nigral Microglial Activation Reduces Age-Related Loss of Dopaminergic Neurons and Motor Deficits,Cells,2022,Scopus;Web of Science Core Collection
FS-008900,Cryotherapy Induced Burns: A Case Series of Three Patients,Journal of Burn Care and Research,2022,Scopus;Web of Science Core Collection
FS-008905,Systemic administration of β-glucan induces immune training in microglia,Journal of Neuroinflammation,2021,Scopus;Web of Science Core Collection
FS-008907,Sudden death after inappropriate shocks of implantable cardioverter defibrillator in a catecholaminergic polymorphic ventricular tachycardia case with a novel RyR2 mutation,Journal of Electrocardiology,2021,Scopus;Web of Science Core Collection
FS-008912,Inhibition of TRIM14 protects cerebral ischemia/reperfusion injury through regulating NF-κB/NLRP3 pathway-mediated inflammation and apoptosis,Journal of Receptors and Signal Transduction,2022,Scopus;Web of Science Core Collection
FS-008915,Comparison of Ergometrine Maleate and Carbetocin in Prevention of Postpartum Hemorrhage in Cesarean Section and Their Effect on Inflammatory Factors,Latin American Journal of Pharmacy,2022,Scopus;Web of Science Core Collection
FS-008918,Combined training in patient with aids: improved quality of life and preserved BDNF,Sport Sciences for Health,2022,Scopus;Web of Science Core Collection
FS-008922,Cannabidiol prevents lipopolysaccharide-induced sickness behavior and alters cytokine and neurotrophic factor levels in the brain,Pharmacological Reports,2021,Scopus;Web of Science Core Collection
FS-008953,"Recovery from discrete wound severities in side-blotched lizards (Uta stansburiana): implications for energy budget, locomotor performance, and oxidative stress","Journal of Comparative Physiology B: Biochemical, Systemic, and Environmental Physiology",2021,Scopus;Web of Science Core Collection
FS-008954,Predictive value of childhood airway hyper-responsiveness to indirect stimuli: 10-year longitudinal study,Pediatric Allergy and Immunology,2020,Scopus;Web of Science Core Collection
FS-008959,"Effect of Low-Level Laser Therapy on Muscle Strength and Endurance and Post-Exercise Recovery of Young Adult: A DoubleBlind, Placebo-Controlled, Randomized Clinical Trial",Annals of Applied Sport Science,2021,Scopus
FS-008960,ROLE OF SPINAL MOBILITY ON UNSUPPORTED UPPER EXTREMITY EXERCISE CAPACITY IN ASYMPTOMATIC YOUNG ADULTS: A CROSS-SECTIONAL STUDY,TURKISH JOURNAL OF PHYSIOTHERAPY REHABILITATION-TURK FIZYOTERAPI VE REHABILITASYON DERGISI,2021,Scopus;Web of Science Core Collection
FS-008966,Involvement of GPX4 in irisin's protection against ischemia reperfusion-induced acute kidney injury,Journal of Cellular Physiology,2021,Scopus;Web of Science Core Collection
FS-008968,A possible COVID-19 reinfection case in a healthcare professional,Eurasian Journal of Family Medicine,2021,Scopus
FS-008973,Effect of prostaglandin J_2 nanoparticles on repairing exercise-induced bone defect,NANOMATERIALS AND ENERGY,2020,Scopus;Web of Science Core Collection
FS-008974,Influence of 8 km training on cardiac biomarkers alongside haematobiochemical profiles in race camels,Journal of Camel Practice and Research,2021,Scopus
FS-008976,IVIG in childhood primary angiitis of the central nervous system: A case report,Brain and Development,2020,Scopus;Web of Science Core Collection
FS-008977,Patients with Kawasaki disease have significantly low aerobic metabolism capacity and peak exercise load capacity during adolescence,International Journal of Environmental Research and Public Health,2020,Scopus;Web of Science Core Collection
FS-008980,A step forward in the defense against infections: From gut microbiome to postbiotics; [Una nuova scoperta nella difesa contro le infezioni: Dal microbioma intestinale alla postbiotica],Medicina dello Sport,2021,Scopus;Web of Science Core Collection
FS-008982,The Effect of Exercise on Reducing Tumor Necrosis Factor Alpha Levels and Attenuating Serotonin Transporter Gene Expression: A Research Protocol,Undergraduate Research in Natural and Clinical Sciences and Technology Journal,2021,Scopus
FS-008984,Work Group Report: Perspectives in Diagnosis and Management of Exercise-Induced Bronchoconstriction in Athletes,Journal of Allergy and Clinical Immunology: In Practice,2020,Scopus;Web of Science Core Collection
FS-008985,The influence of long-chain omega-3 fatty acids on eccentric exercise-induced delayed muscle soreness: Reported outcomes are compromised by study design issues,International Journal of Sport Nutrition and Exercise Metabolism,2021,Scopus;Web of Science Core Collection
FS-008988,Evaluation of Brain Cytokines and the Level of Brain-Derived Neurotrophic Factor in an Inflammatory Model of Depression,NeuroImmunoModulation,2021,Scopus;Web of Science Core Collection
FS-008992,Acute acalculous cholecystitis after measles,Archives of Iranian Medicine,2021,Scopus;Web of Science Core Collection
FS-008995,Developmental delay in 14 month old boy with grade i malnutrition,Journal of Medical Pharmaceutical and Allied Sciences,2021,Scopus
FS-009009,Obesity-induced alterations to the immunoproteasome: A potential link to intramuscular lipotoxicity,"Applied Physiology, Nutrition and Metabolism",2021,Scopus;Web of Science Core Collection
FS-009016,How much does the platelet aggregate influence the total leukocyte count? Comparison between manual and automated impedance methods in domestic cats,Acta Scientiae Veterinariae,2021,Scopus;Web of Science Core Collection
FS-009027,"The effects of exercise treatment on learning and memory ability, and cognitive performance in diet-induced prediabetes animals",Scientific Reports,2020,Scopus;Web of Science Core Collection
FS-009028,Response of creatine kinase to anaerobic supramaximal exercise in actn3 genotypes; [Respuesta de creatina quinasa a un ejercicio anaerobio supramáximo en genotipos de actn3],Revista Internacional de Medicina y Ciencias de la Actividad Fisica y del Deporte,2020,Scopus;Web of Science Core Collection
FS-009029,Therapeutic Efficacy of Aerobic Exercise Training along with Oak Husk Hydroalcoholic Extract for Amelioration of Inflammation in Obese Elderly Male Mice,BioMed Research International,2021,Scopus;Web of Science Core Collection
FS-009050,Strength training with blood flow restriction in HIV patients positive: a case study,Motricidade,2021,Scopus
FS-009055,Clinical improvement of cardiac function in a patient with systemic lupus erythematosus and heart failure with preserved ejection fraction treated with belimumab,BMJ Case Reports,2021,Scopus;Web of Science Core Collection
FS-009058,Dojuksan ameliorates tubulointerstitial fibrosis through irisin-mediated muscle-kidney crosstalk,Phytomedicine,2021,Scopus;Web of Science Core Collection
FS-009059,Effects of physical exercise on the lipid and inflammatory profile of young women using combined oral contraceptives: Protocol of a cross-sectional study; [Efeitos do exercício físico sobre o perfil lipídico e inflamatório de mulheres jovens em uso de contraceptivo oral combinado: Protocolo de um estudo sequencial cruzado],Revista Pesquisa em Fisioterapia,2021,Scopus
FS-009063,Ferulic acid alleviates lipopolysaccharide-induced depression-like behavior by inhibiting inflammation and apoptosis,Asian Pacific Journal of Tropical Biomedicine,2020,Scopus;Web of Science Core Collection
FS-009068,"Effect of Low-Level Laser Therapy on Muscle Strength and Endurance and Post-Exercise Recovery of Young Adult: A Double- Blind, Placebo-Controlled, Randomized Clinical Trial",Annals of Applied Sport Science,2021,Scopus;Web of Science Core Collection
FS-009069,Effects of empagliflozin on proinflammatory cytokines and other coronary risk factors in patients with type 2 diabetes mellitus: A single-arm real-world observation,International Journal of Clinical Pharmacology and Therapeutics,2021,Scopus
FS-009082,Mineralocorticoid Receptor in Smooth Muscle Contributes to Pressure Overload-Induced Heart Failure,Circulation: Heart Failure,2021,Scopus;Web of Science Core Collection
FS-009083,Inhibition of swim bladder inflation in Japanese medaka (Oryzias latipes) embryos following exposure to select pharmaceuticals alone and in combination,Aquatic Toxicology,2021,Scopus;Web of Science Core Collection
FS-009092,"Phase 1B, Randomized, Double-Blinded, Dose Escalation, Single-Center, Repeat Dose Safety and Pharmacodynamics Study of the Oral NLRP3 Inhibitor Dapansutrile in Subjects With NYHA II-III Systolic Heart Failure",Journal of Cardiovascular Pharmacology,2021,Scopus;Web of Science Core Collection
FS-009098,Nanomembrane-based apheresis as safe and effective therapy for cytomegalovirus and epstein-barr virus reactivation,Open Access Macedonian Journal of Medical Sciences,2021,Scopus
FS-009108,The effects of wild ginseng extract on psychomotor and neuromuscular performance recovery following acute eccentric exercise: A preliminary study,Applied Sciences (Switzerland),2020,Scopus;Web of Science Core Collection
FS-009111,Pleural lump after paragonimiasis treated by thoracoscopy: A case report,World Journal of Clinical Cases,2021,Scopus;Web of Science Core Collection
FS-009113,A Challenging Diagnosis of Atypical Glut1-DS: A Case Report and Literature Review,Frontiers in Neurology,2021,Scopus;Web of Science Core Collection
FS-009120,Breast Cancer Early Detection in Eswatini: Evaluation of a training curriculum and patient receipt of recommended follow-up care,JCO Global Oncology,2021,Scopus;Web of Science Core Collection
FS-009121,"Antioxidant and antifatigue effect of a standardized fraction (HemoHIM) from Angelica gigas, Cnidium officinale, and Paeonia lactiflora",Pharmaceutical Biology,2021,Scopus;Web of Science Core Collection
FS-009132,Duloxetine reverses the symptoms of overactive bladder co-existing with depression via the central pathways,Pharmacology Biochemistry and Behavior,2020,Scopus;Web of Science Core Collection
FS-009133,"Effects of prolonged confined isolation on status of inflammation, endothelial activation and function: In preparation for possible future manned space expedition to mars",Pertanika Journal of Science and Technology,2020,Scopus;Web of Science Core Collection
FS-009137,Ganoderma lucidum Ameliorates Neurobehavioral Changes and Oxidative Stress Induced by Ethanol Binge Drinking,Oxidative Medicine and Cellular Longevity,2020,Scopus;Web of Science Core Collection
FS-009140,Modified acid-PAGE method for rapid screening and phenotyping of wheat gliadin mutant lines,MethodsX,2020,Scopus;Web of Science Core Collection
FS-009145,Tuberculosis Infection Among People With Diabetes: United States Population Differences by Race/Ethnicity,American Journal of Preventive Medicine,2020,Scopus;Web of Science Core Collection
FS-009149,"Associations between prenatal exposure to DDT and DDE and allergy symptoms and diagnoses in the Venda Health Examination of Mothers, Babies and their Environment (VHEMBE), South Africa",Environmental Research,2020,Scopus;Web of Science Core Collection
FS-009152,Comparison of pre-race inflammatory marker mRNA expression with race-related parameters in thoroughbreds,Comparative Exercise Physiology,2020,Scopus
FS-009165,Food Allergy from Infancy Through Adulthood,Journal of Allergy and Clinical Immunology: In Practice,2020,Scopus
FS-009171,"Prophylactic (R,S)-ketamine selectively protects against inflammatory stressors",Behavioural Brain Research,2020,Scopus;Web of Science Core Collection
