record_id,pmid,doi,title,abstract,authors,journal,year,source_database
FS-000040,10344463,10.1007/s004210050548,Nonselective beta blockade attenuates the recruitment of CD62L(-)T lymphocytes following exercise.,,Mills PJ; Rehman J; Ziegler MG; Carter SM; Dimsdale JE; Maisel AS,European journal of applied physiology and occupational physiology,1999,PubMed/MEDLINE;Scopus;Web of Science Core Collection
FS-000159,10922016,10.1111/j.1469-7793.2000.00663.x,Marathon running transiently increases c-Jun NH2-terminal kinase and p38 activities in human skeletal muscle.,,Boppart MD; Asp S; Wojtaszewski JF; Fielding RA; Mohr T; Goodyear LJ,The Journal of physiology,2000,PubMed/MEDLINE;Scopus;Web of Science Core Collection
FS-000228,1138808,10.1016/s0007-0971(75)80029-5,Skin tests and clinical features of asthma. A report to the research committee of the British Thoracic and Tuberculosis Association.,,,British journal of diseases of the chest,1975,PubMed/MEDLINE
FS-000349,12070198,10.1152/japplphysiol.01262.2001,Lymphocyte apoptosis after exhaustive and moderate exercise.,,Mooren FC; Blöming D; Lechtermann A; Lerch MM; Völker K,"Journal of applied physiology (Bethesda, Md. : 1985)",2002,PubMed/MEDLINE;Scopus;Web of Science Core Collection
FS-000360,12135936,10.1161/01.cir.0000025425.20606.69,Cardiorespiratory fitness and C-reactive protein among a tri-ethnic sample of women.,,LaMonte MJ; Durstine JL; Yanowitz FG; Lim T; DuBose KD; Davis P; Ainsworth BE,Circulation,2002,PubMed/MEDLINE;Scopus;Web of Science Core Collection
FS-000866,16266380,10.1111/j.1398-9995.2005.00901.x,Exhaled nitric oxide and exercise-induced bronchoconstriction in young male conscripts: association only in atopics.,,Rouhos A; Ekroos H; Karjalainen J; Sarna S; Sovijärvi AR,Allergy,2005,PubMed/MEDLINE;Scopus;Web of Science Core Collection
FS-000873,16286856,10.1249/01.mss.0000177064.65927.98,Delayed leukocytosis and cytokine response to high-force eccentric exercise.,,Paulsen G; Benestad HB; Strøm-Gundersen I; Mørkrid L; Lappegård KT; Raastad T,Medicine and science in sports and exercise,2005,PubMed/MEDLINE;Scopus;Web of Science Core Collection
FS-000912,16431998,10.1136/bjsm.2005.019489,"Serum concentrations of C reactive protein, alpha1 antitrypsin, and complement (C3, C4, C1 esterase inhibitor) before and during the Vuelta a Espańa.",,Semple SJ; Smith LL; McKune AJ; Hoyos J; Mokgethwa B; San Juan AF; Lucia A; Wadee AA,British journal of sports medicine,2006,PubMed/MEDLINE;Scopus;Web of Science Core Collection
FS-001054,1713847,10.1111/j.1365-2362.1991.tb01362.x,n-3 fatty acids and acute-phase proteins.,,Ernst E; Saradeth T; Achhammer G,European journal of clinical investigation,1991,PubMed/MEDLINE;Scopus;Web of Science Core Collection
FS-001116,17473001,10.1136/bjsm.2007.035147,Effect of caffeine supplementation on haematological and biochemical variables in elite soccer players under physical stress conditions.,,Bassini-Cameron A; Sweet E; Bottino A; Bittar C; Veiga C; Cameron LC,British journal of sports medicine,2007,PubMed/MEDLINE;Scopus;Web of Science Core Collection
FS-001132,17541866,10.1055/s-2007-964966,Effect of NSAID on muscle injury and oxidative stress.,,McAnulty S; McAnulty L; Nieman D; Morrow J; Dumke C; Henson D,International journal of sports medicine,2007,PubMed/MEDLINE;Scopus;Web of Science Core Collection
FS-001170,1770751,10.1007/bf01649454,Differential patterns of PMN-elastase and type III procollagen peptide in knee joint effusions due to acute and chronic sports injuries.,,Riel KA; Jochum M; Bernett P; Fritz H,Klinische Wochenschrift,1991,PubMed/MEDLINE
FS-001500,19591221,10.1002/jca.20204,Effects of protein A immunoadsorption in patients with advanced chronic dilated cardiomyopathy.,,Doesch AO; Konstandin M; Celik S; Kristen A; Frankenstein L; Hardt S; Goeser S; Kaya Z; Katus HA; Dengler TJ,Journal of clinical apheresis,2009,PubMed/MEDLINE
FS-001555,19767796,10.1139/h09-021,The effects of increased endurance training load on biomarkers of heat intolerance during intense exercise in the heat.,,Lim CL; Pyne D; Horn P; Kalz A; Saunders P; Peake J; Suzuki K; Wilson G; Mackinnon LT,"Applied physiology, nutrition, and metabolism = Physiologie appliquee, nutrition et metabolisme",2009,PubMed/MEDLINE;Scopus;Web of Science Core Collection
FS-001831,21113612,10.1007/s00421-010-1737-7,Plasma IL-6 concentration during ultra-endurance exercise.,,Wallberg L; Mikael Mattsson C; Enqvist JK; Ekblom B,European journal of applied physiology,2011,PubMed/MEDLINE;Scopus;Web of Science Core Collection
FS-002218,22812424,10.1186/1741-7015-10-77,Ultramarathon is an outstanding model for the study of adaptive responses to extreme load and stress.,,Millet GP; Millet GY,BMC medicine,2012,PubMed/MEDLINE
FS-002451,23689525,10.1177/2047487313491656,Reduction of lymphocyte G protein-coupled receptor kinase-2 (GRK2) after exercise training predicts survival in patients with heart failure.,,Rengo G; Galasso G; Femminella GD; Parisi V; Zincarelli C; Pagano G; De Lucia C; Cannavo A; Liccardo D; Marciano C; Vigorito C; Giallauria F; Ferrara N; Furgi G; Filardi PP; Koch WJ; Leosco D,European journal of preventive cardiology,2014,PubMed/MEDLINE;Scopus;Web of Science Core Collection
FS-002467,23739902,10.1007/s40520-013-0032-y,"Body composition, fitness level, anabolic hormones, and inflammatory cytokines in the elderly: a randomized controlled trial.",,So WY; Song M; Park YH; Cho BL; Lim JY; Kim SH; Song W,Aging clinical and experimental research,2013,PubMed/MEDLINE;Scopus;Web of Science Core Collection
FS-002532,23967286,10.1371/journal.pone.0072215,Influence of a polyphenol-enriched protein powder on exercise-induced inflammation and oxidative stress in athletes: a randomized trial using a metabolomics approach.,,Nieman DC; Gillitt ND; Knab AM; Shanely RA; Pappan KL; Jin F; Lila MA,PloS one,2013,PubMed/MEDLINE;Scopus;Web of Science Core Collection
FS-002564,24130669,10.1371/journal.pone.0074722,Endurance exercise diverts the balance between Th17 cells and regulatory T cells.,,Perry C; Pick M; Bdolach N; Hazan-Halevi I; Kay S; Berr I; Reches A; Harishanu Y; Grisaru D,PloS one,2013,PubMed/MEDLINE;Scopus;Web of Science Core Collection
FS-002817,25025852,10.3109/19390211.2014.937043,Ergogenic effect of a traditional natural powder: ghavoot.,,Meamarbashi A; Tavakoli AM,Journal of dietary supplements,2014,PubMed/MEDLINE;Scopus
FS-002922,25442169,10.1016/j.jsams.2014.09.008,"Differences in the acute inflammatory and glucose regulatory responses between small-sided games and cycling in sedentary, middle-aged men.",,Mendham AE; Duffield R; Marino F; Coutts AJ,Journal of science and medicine in sport,2015,PubMed/MEDLINE;Scopus;Web of Science Core Collection
FS-003008,25789424,10.1080/02640414.2015.1024712,Impact of age on haematological markers pre- and post-marathon running.,,Martin TG; Pata RW; D'Addario J; Yuknis L; Kingston R; Feinn R,Journal of sports sciences,2015,PubMed/MEDLINE;Scopus;Web of Science Core Collection
FS-003576,28082910,10.3389/fphys.2016.00643,"Acute Effects of Different Exercise Protocols on the Circulating Vascular microRNAs -16, -21, and -126 in Trained Subjects.",,Wahl P; Wehmeier UF; Jansen FJ; Kilian Y; Bloch W; Werner N; Mester J; Hilberg T,Frontiers in physiology,2016,PubMed/MEDLINE;Scopus;Web of Science Core Collection
FS-003725,28646302,10.1007/s00421-017-3667-0,T-regulatory cells exhibit a biphasic response to prolonged endurance exercise in humans.,,Clifford T; Wood MJ; Stocks P; Howatson G; Stevenson EJ; Hilkens CMU,European journal of applied physiology,2017,PubMed/MEDLINE;Scopus;Web of Science Core Collection
FS-003783,28838344,10.14715/cmb/2017.63.7.13,Inflammatory and immune responses to a 3-day period of downhill running in active females.,,Jafariyan S; Monazzami A; Nikousefat Z; Nobahar M; Yari K,"Cellular and molecular biology (Noisy-le-Grand, France)",2017,PubMed/MEDLINE;Scopus;Web of Science Core Collection
FS-004032,2972785,,Endogenous opioids and the exercise-induced augmentation of natural killer cell activity.,,Fiatarone MA; Morley JE; Bloom ET; Benton D; Makinodan T; Solomon GF,The Journal of laboratory and clinical medicine,1988,PubMed/MEDLINE;Scopus;Web of Science Core Collection
FS-004234,30487411,10.3390/sports6040159,"Flavanol-Rich Cacao Mucilage Juice Enhances Recovery of Power but Not Strength from Intensive Exercise in Healthy, Young Men.",,Morgan PT; Wollman PM; Jackman SR; Bowtell JL,"Sports (Basel, Switzerland)",2018,PubMed/MEDLINE;Scopus;Web of Science Core Collection
FS-004280,30661331,10.20463/jenb.2018.0030,Effects of diet before endurance exercise on hepcidin response in young untrained females.,,Hayashi N; Ishibashi A; Goto K,Journal of exercise nutrition & biochemistry,2018,PubMed/MEDLINE
FS-004488,31507436,10.3389/fphys.2019.01055,Kinetics of Muscle Damage Biomarkers at Moments Subsequent to a Fight in Brazilian Jiu-Jitsu Practice by Disabled Athletes.,,Santos Silva Lopes J; Monteiro de Magalhães Neto A; Oliveira Gonçalves LC; Lourenço Alves PR; Castilho de Almeida A; Marlise Balbinotti Andrade C,Frontiers in physiology,2019,PubMed/MEDLINE;Scopus;Web of Science Core Collection
FS-004536,31664435,10.1001/jamacardio.2019.4150,Sex Differences in Cardiometabolic Traits and Determinants of Exercise Capacity in Heart Failure With Preserved Ejection Fraction.,,Lau ES; Cunningham T; Hardin KM; Liu E; Malhotra R; Nayor M; Lewis GD; Ho JE,JAMA cardiology,2020,PubMed/MEDLINE
FS-004661,32099540,10.1155/2020/3785137,Stimulation of Alpha1-Adrenergic Receptor Ameliorates Cellular Functions of Multiorgans beyond Vasomotion through PPARδ.,,Lee YJ; Kim HS; Seo HS; Na JO; Jang YN; Han YM; Kim HM,PPAR research,2020,PubMed/MEDLINE;Scopus;Web of Science Core Collection
FS-004706,32238166,10.1186/s12967-020-02301-3,High-intensity interval training in allogeneic adoptive T-cell immunotherapy - a big HIT?,,Heinemann NC; Tischer-Zimmermann S; Wittke TC; Eigendorf J; Kerling A; Framke T; Melk A; Heuft HG; Blasczyk R; Maecker-Kolhoff B; Eiz-Vesper B,Journal of translational medicine,2020,PubMed/MEDLINE;Scopus;Web of Science Core Collection
FS-004809,32619204,,"Optimized Curcumin, Pomegranate Extract, and Methylsulfonylmethane Reduce Acute, Systemic Inflammatory Response to a Half-marathon Race.",,Tanner EA; Gary MA; Michalik S; Davis AA; McFarlin BK,Alternative therapies in health and medicine,2022,PubMed/MEDLINE;Scopus;Web of Science Core Collection
FS-004853,32768573,10.1016/j.freeradbiomed.2020.06.037,Exercise-mediated downregulation of MALAT1 expression and implications in primary and secondary cancer prevention.,,Paronetto MP; Dimauro I; Grazioli E; Palombo R; Guidotti F; Fantini C; Sgrò P; De Francesco D; Di Luigi L; Capranica L; Caporossi D,Free radical biology & medicine,2020,PubMed/MEDLINE;Scopus;Web of Science Core Collection
FS-004856,32773585,10.1097/jcma.0000000000000406,Arterial stiffness late after Kawasaki disease in children: Assessment by performing brachial-ankle pulse wave velocity.,,Chien KJ; Huang HW; Weng KP; Huang SH; Li SC; Lin CC; Hsieh KS,Journal of the Chinese Medical Association : JCMA,2020,PubMed/MEDLINE;Scopus;Web of Science Core Collection
FS-004990,33285761,10.1097/md.0000000000023509,The effect of Tai Chi on the quality of life in the elderly patients recovering from coronavirus disease 2019: A protocol for systematic review and meta-analysis.,,Luo Z; Chen Y; Wang L; Chi W; Cheng X; Zhu X,Medicine,2020,PubMed/MEDLINE
FS-005092,33648546,10.1186/s12970-021-00411-x,4-week eicosapentaenoic acid-rich fish oil supplementation partially protects muscular damage following eccentric contractions.,,Tsuchiya Y; Ueda H; Yanagimoto K; Kato A; Ochi E,Journal of the International Society of Sports Nutrition,2021,PubMed/MEDLINE;Scopus;Web of Science Core Collection
FS-005208,34114918,10.1080/19390211.2021.1936335,"Short Term, Oral Supplementation with Optimized Curcumin Does Not Impair Performance Improvements Associated with High Intensity Interval Training.",,Kisiolek JN; Kheredia N; Flores V; Ramani A; Lisano J; Johnston N; Stewart LK,Journal of dietary supplements,2022,PubMed/MEDLINE;Scopus;Web of Science Core Collection
FS-005277,34400989,10.2478/hukin-2021-0064,The Impulse of Force as an Effective Indicator of Exercise Capacity in Competitive Rowers and Canoeists.,,Domaszewska K; Kryściak J; Podgórski T; Nowak A; Ogurkowska MB,Journal of human kinetics,2021,PubMed/MEDLINE;Scopus;Web of Science Core Collection
FS-005921,36978890,10.3390/antiox12030642,"Effects of Different Hydration Strategies in Young Men during Prolonged Exercise at Elevated Ambient Temperatures on Pro-Oxidative and Antioxidant Status Markers, Muscle Damage, and Inflammatory Status.",,Pałka T; Koteja PM; Tota Ł; Rydzik Ł; Leiva-Arcas A; Kałuża A; Czarny W; Ambroży T,"Antioxidants (Basel, Switzerland)",2023,PubMed/MEDLINE;Scopus;Web of Science Core Collection
FS-006011,37395680,10.1530/eor-23-0057,The effect and mechanism of motor control exercise on low back pain: a narrative review.,,Xu HR; Zhang YH; Zheng YL,EFORT open reviews,2023,PubMed/MEDLINE
FS-006024,37458775,10.1007/s00394-023-03181-1,Vitamin D status modulates innate immune responses and metabolomic profiles following acute prolonged cycling.,,Jones AW; Mironas A; Mur LAJ; Beckmann M; Thatcher R; Davison G,European journal of nutrition,2023,PubMed/MEDLINE;Scopus;Web of Science Core Collection
FS-006148,38076084,10.1016/j.heliyon.2023.e22915,Low-intensity exercise training increases systolic function of heart and MHCII low cardiac resident macrophages.,,Wang G; Wang L; Wang X; Ye H; Ni W; Shao W; Dai C; Liu B,Heliyon,2023,PubMed/MEDLINE;Scopus;Web of Science Core Collection
FS-006222,38397742,10.3390/antiox13020144,Acute Antioxidant Response to Two Types of Exercises: 2000 M Run vs. Burpee Test.,,Carrera-Quintanar L; Funes L; Herranz-López M; Vicente-Salar N; Mielgo-Ayuso J; Moya-Ramón M; Pons A; Micol V; Roche E,"Antioxidants (Basel, Switzerland)",2024,PubMed/MEDLINE;Scopus;Web of Science Core Collection
FS-006551,39876965,10.20945/2359-4292-2023-0499,Circulating endothelial progenitor cells and inflammatory markers in type 1 diabetes after an acute session of aerobic exercise.,,Bock PM; Monteiro RB; Maraschin CK; Alegretti AP; Farias MG; Spagnol F; Lopez PLDC; Santos LP; Helal L; Moraes RS; Umpierre D; Schaan BD,Archives of endocrinology and metabolism,2024,PubMed/MEDLINE;Scopus;Web of Science Core Collection
FS-006651,40311885,10.1016/j.bbi.2025.04.040,Exercise-induced β2-adrenergic receptor activation enhances effector lymphocyte mobilization in humans and suppresses lymphoma growth in mice through NK-cells.,,Smith KA; Batatinha H; Niemiro GM; Baker FL; Zúñiga TM; Diak DM; Mylabathula PL; Kistner TM; Davini D; Hoffman E; Colombo JN; Seckeler MD; Bond RA; Katsanis E; Simpson RJ,"Brain, behavior, and immunity",2025,PubMed/MEDLINE;Scopus;Web of Science Core Collection
FS-006771,40806247,10.3390/ijms26157115,"Protective Effects of Regular Physical Activity: Differential Expression of FGF21, GDF15, and Their Receptors in Trained and Untrained Individuals.",,Małkowska P; Tomasiak P; Tkacz M; Zgutka K; Tarnowski M; Maciejewska-Skrendo A; Buryta R; Rosiński Ł; Sawczuk M,International journal of molecular sciences,2025,PubMed/MEDLINE;Scopus;Web of Science Core Collection
FS-006939,41409470,10.3389/fvets.2025.1725279,Working like a mule? The physiological toll of heavy loads on mules.,,Tadich T; Calderón-Amor J; González I; Palma B; Lagos J,Frontiers in veterinary science,2025,PubMed/MEDLINE;Scopus;Web of Science Core Collection
FS-007008,41667602,10.1038/s41598-026-39013-5,Intensity-dependent lipidomic dynamic regulation following acute swimming exercise.,,Qian J; Wu B; Ren Z; Tang C; Fan Z; Zhang Y; Shi L,Scientific reports,2026,PubMed/MEDLINE;Scopus;Web of Science Core Collection
FS-007071,41885792,10.1519/jsc.0000000000005464,Acute and Long-Term Effects of Spinning-Based High-Intensity Interval Training on Inducible Nitric Oxide Synthase: A Randomized Controlled Trial.,,Uysal A; Soslu R,Journal of strength and conditioning research,2026,PubMed/MEDLINE;Scopus;Web of Science Core Collection
FS-007244,42426781,10.1186/s12937-026-01363-1,Effects of 28-day astaxanthin supplementation on psychological fatigue and biochemical markers in taekwondo athletes: a randomized controlled trial.,,Shu MY; Pei LY; Luo J; Zhang XY; Li HX; Shao L; Yang Y; Wang XY; Jiang FL; Zuo L; Tan YQ; Zhang XC; Liang J,Nutrition journal,2026,PubMed/MEDLINE
FS-007749,9302491,,A treadmill protocol to investigate independently the metabolic and mechanical stress of exercise.,,Pyne DB; Baker MS; Telford RD; Weidermann MJ,Australian journal of science and medicine in sport,1997,PubMed/MEDLINE;Scopus
FS-008150,,10.3390/ijtm5010005,"Acute Effects of Wild Ginseng Extract on Exercise Performance, Cognitive Function, and Fatigue Recovery: A Randomized Cross-Over, Placebo-Controlled, and Double-Blind Study",,"Lee, Sukho; Jung, Hyun Chul; Sargent, Michael; Kang, Minsoo",International Journal of Translational Medicine,2025,Scopus
FS-008177,,10.37796/2211-8039.1718,Topical Peony and Licorice Decoction attenuates exercise-induced muscle pain: a randomized double-blind self-controlled trial in Taiwan,,"Chen, Daniel Tzu-Li; Hsieh, Chang-Wei; Tsai, Chia-Han; Lee, Tzung-Yan; Chen, Pin-Chun; Hou, Pu-Wei; Su, Kuan-Pin; Chang, Hen-Hong",BioMedicine (Taiwan),2026,Scopus;Web of Science Core Collection
FS-008534,38098039,10.1186/s13018-023-04433-w,Sodium salicylate ameliorates exercise-induced muscle damage in mice by inhibiting NF-kB signaling,,"Wang, Yiming; Sun, Yuning; Yang, Chunhui; Han, Bing; Wang, Sining",Journal of Orthopaedic Surgery and Research,2023,Scopus;Web of Science Core Collection
FS-008549,,10.1007/s42978-022-00212-x,A Comparison of Acute High- and Moderate-Intensity Exercise on Cardio- Metabolic Function and Sleep Among Shift Workers,,"Collins, Blake E. G.; Hartmann, Tegan E.; Marino, Frank E.; Skein, Melissa",Journal of Science in Sport and Exercise,2024,Scopus;Web of Science Core Collection
FS-008551,37306399,10.1152/ajpregu.00047.2023,b-Cell function during a high-fat meal in young versus old adults: role of exercise,,"Malin, Steven K.; Frick, Hannah; Wisseman, William S.; Edwards, Elizabeth S.; Edwards, David A.; Emerson, Sam R.; Kurti, Stephanie P.",American Journal of Physiology - Regulatory Integrative and Comparative Physiology,2023,Scopus
FS-008741,,,From the discovery of myokines to exercise as medicine,,"Pedersen, Bente Klarlund",Ugeskrift for Laeger,2023,Scopus
FS-008779,34245811,10.1016/j.bbi.2021.07.005,"Moderate, intermittent voluntary exercise in a model of Gulf War Illness improves cognitive and mood function with alleviation of activated microglia and astrocytes, and enhanced neurogenesis in the hippocampus",,"Kodali, Maheedhar; Mishra, Vikas; Hattiangady, Bharathi; Attaluri, Sahithi; Gonzalez, Jenny Jaimes; Shuai, Bing; Shetty, Ashok K.","Brain, Behavior, and Immunity",2021,Scopus;Web of Science Core Collection
FS-008941,,10.37506/ijfmt.v15i1.13730,The effects of different intensive physical performances by athletes on selected hematological parameters,,"Alwaid, Shumoos H.",Indian Journal of Forensic Medicine and Toxicology,2021,Scopus
FS-009067,32881625,10.1152/japplphysiol.00570.2020,The effect of long-term ultra-endurance exercise and SOD2 genotype on telomere shortening with age,,"Hernando, Barbara; Gil-Barrachina, Marta; Tomás-Bort, Elena; Martinez-Navarro, Ignacio; Collado-Boira, Eladio; Hernando, Carlos",Journal of Applied Physiology,2020,Scopus
FS-009305,31504216,10.1093/gerona/glz201,Accelerometer-Measured Sleep Duration and Clinical Cardiovascular Risk Factor Scores in Older Women,,"Full, Kelsie M; Malhotra, Atul; Gallo, Linda C; Kerr, Jacqueline; Arredondo, Elva M; Natarajan, Loki; Lamonte, Michael J; Stefanick, Marcia L; Stone, Katie L; Lacroix, Andrea Z; Newman, Anne",Journals of Gerontology - Series A Biological Sciences and Medical Sciences,2020,Scopus;Web of Science Core Collection
FS-009364,30903866,10.1016/j.cyto.2019.03.009,Exercise-induced AMPK activation and IL-6 muscle production are disturbed in adiponectin knockout mice,,"Diniz, Tiego A.; Aquino Júnior, Jefferson Comin Jonco; Mosele, Francielle Caroline; Cabral-Santos, Carolina; Lima Junior, Edson Alves de; Teixeira, Alexandre Abilio de Souza; Lira, Fábio Santos; Rosa Neto, José Cesar",Cytokine,2019,Scopus;Web of Science Core Collection
FS-009613,,10.1515/aoas-2017-0019,Effect of physical exercise on cortisol concentration and neutrophil oxygen metabolism in peripheral blood of horses,,"Krumrych, Wiesław; Gołda, Ryszard; Gołyński, Marcin; Markiewicz, Hanna; Buzała, Mateusz",Annals of Animal Science,2018,Scopus;Web of Science Core Collection
FS-009644,,10.14198/jhse.2018.131.11,New trends in biological aids to recovery after exercise: Immunomodulators,,"Córdova Martínez, Alfredo; Fernández-Lázaro, Diego",Journal of Human Sport and Exercise,2018,Scopus;Web of Science Core Collection
FS-010001,26452676,10.1007/s00109-015-1349-0,HIF-P4H-2 deficiency protects against skeletal muscle ischemia-reperfusion injury,,"Karsikas, Sara; Myllymäki, Mikko; Heikkilä, Minna; Sormunen, Raija; Kivirikko, Kari I.; Myllyharju, Johanna; Serpi, Raisa; Koivunen, Peppi",Journal of Molecular Medicine,2016,Scopus;Web of Science Core Collection
FS-010106,,,Effects of number of aerobic training sessions on some systemic inflammatory indices in obese male students,,"Zabet, Ali; Soori, Rahman; Rezaeian, Najmeh; Azimi, Shahram",Koomesh,2014,Scopus
FS-010235,24184481,10.1016/j.bbrc.2013.10.119,Curcumin attenuates oxidative stress following downhill running-induced muscle damage,,"Kawanishi, Noriaki; Kato, Kouki; Takahashi, Masaki; Mizokami, Tsubasa; Otsuka, Yoshihiko; Imaizumi, Atsushi; Shiva, Daisuke; Yano, Hiromi; Suzuki, Katsuhiko",Biochemical and Biophysical Research Communications,2013,Scopus;Web of Science Core Collection
FS-010428,,,Influence of yogic practice in modulating inflammatory response to strenuous exercise,,"Ambarish, V.; Venkatesh, D.; Kalyani, M.; Jaisri, G.; Saraswathi, H.",Biomedicine,2011,Scopus
FS-010432,,10.5114/ceji.2012.32720,Lymphocyte proliferation activity after limited (Light class) and long (CEI) distance endurance rides in horses,,"Cywiñska, Anna; Szarska, Ewa; Górecka, Renata; Witkowski, Lucjan; Wyszyñska, Zuzanna; Hecold, Mateusz; Bereznowski, Andrzej; Schollenberger, Antoni; Winnicka, Anna",Central-European Journal of Immunology,2012,Scopus;Web of Science Core Collection
FS-010499,21874557,10.1007/s00395-011-0213-9,Mitochondrial biogenesis and PGC-1α deacetylation by chronic treadmill exercise: Differential response in cardiac and skeletal muscle,,"Li, Ling; Mühlfeld, Christian; Niemann, Bernd; Pan, Ruping; Li, Rong; Hilfiker-Kleiner, Denise; Chen, Ying; Rohrbach, Susanne",Basic Research in Cardiology,2011,Scopus;Web of Science Core Collection
FS-010967,,10.1017/s147806150891906x,Evidence supporting exercise-induced pulmonary haemorrhage in racing greyhounds,,"Epp, T.S.; Szladovits, B.; Buchannan, A.; Gates, L.; McDonough, P.; Padilla, D.J.; Smart, J.; Erickson, H.H.; Poole, D.C.",Comparative Exercise Physiology,2008,Scopus;Web of Science Core Collection
FS-011571,10541441,10.2165/00007256-199928030-00003,Effects of exercise and training on natural killer cell counts and cytolytic activity: A meta-analysis,,"Shephard, Roy J.; Shek, Pang N.",Sports Medicine,1999,Scopus
FS-011662,9051584,10.1113/jphysiol.1997.sp021897,Exercise-induced stimulation of murine macrophage chemotaxis: Role of corticosterone and prolactin as mediators,,"Ortega, E.; Forner, M.A.; Barriga, C.",Journal of Physiology,1997,Scopus;Web of Science Core Collection
FS-011697,8477862,10.1016/0014-5793(93)80123-c,Inactivation of synovial fluid α1-antitrypsin by exercise of the inflamed rheumatoid joint,,"Zhang, Zhi; Farrell, Adrian J.; Blake, David R.; Chidwick, Keith; Winyard, Paul G.",FEBS Letters,1993,Scopus;Web of Science Core Collection
FS-011744,7960319,10.1055/s-2007-1021055,Tissue distribution of radiolabelled tumor cells in wheel exercised and sedentary mice,,"Hoffman-Goetz, L.; MacNeil, B.; Arumugam, Y.",International Journal of Sports Medicine,1994,Scopus;Web of Science Core Collection
FS-011982,,,C-reactive protein as an indicator of post-exercise muscle damage,,"Pyne, D.B.",Australian Journal of Science and Medicine in Sport,1990,Scopus
FS-012079,,10.1007/bf02009854,A study of leukocytosis in exercise,,"Edwards, H.T.; Wood, W.B.",Arbeitsphysiologie,1932,Scopus
FS-012184,,10.5483/bmbrep.2022.55.12.140,<i>Mettl14</i> mutation restrains liver regeneration by attenuating mitogens derived from non-parenchymal liver cells,,"Yang, Insook; Oh, Seung Yeon; Jang, Suin; Kim, Il Yong; Sung, You Me; Seong, Je Kyung",BMB REPORTS,2022,Web of Science Core Collection
FS-012361,,10.1055/s-0035-1556066,Defining the Salvage Time Window for the Use of Ischemic Postconditioning in Skeletal Muscle Ischemia Reperfusion Injury,,"Schmucker, Ryan W.; Mendenhall, Shaun D.; Reichensperger, Joel D.; Yang, Mei; Neumeister, Michael W.",JOURNAL OF RECONSTRUCTIVE MICROSURGERY,2015,Web of Science Core Collection
FS-012374,,10.1136/bmjdrc-2015000085,Insulin therapy and dietary adjustments to normalize glycemia and prevent nocturnal hypoglycemia after evening exercise in type 1 diabetes: a randomized controlled trial,,"Campbell, Matthew D.; Walker, Mark; Bracken, Richard M.; Turner, Daniel; Stevenson, Emma J.; Gonzalez, Javier T.; Shaw, James A.; West, Daniel J.",BMJ OPEN DIABETES RESEARCH & CARE,2015,Web of Science Core Collection
FS-012441,,10.1183/1025448x.10016210,"Physical exercise, training and sports in asthmatic children and adolescents",,"Carlsen, Kai-Hakon; Carlsen, Karin C. Lodrup",European Respiratory Monograph,2012,Web of Science Core Collection
FS-012494,,10.1179/174313209x383222,Cell cycle inhibitor enhances the resolution of HSV-1-induced proinflammatory response in murine microglial cells,,"Zhou, Yu; Guo, Yuan-Jin; Liu, Xuan; Mei, Yuan-Wu",NEUROLOGICAL RESEARCH,2009,Web of Science Core Collection
FS-012616,,10.1016/s0195-668x(03)00478-0,Benefits of statin treatment in cardiac syndrome-X,,"Kayikcioglu, M; Payzin, S; Yavuzgil, O; Kultursay, H; Can, LH; Soydan, I",EUROPEAN HEART JOURNAL,2003,Web of Science Core Collection
FS-012622,,10.1016/s0022-4804(03)00088-x,Multi-organ inflammation after hepatic cryoablation in BALB/c mice,,"Wudel, LJ; Allos, TM; Washington, MK; Sheller, JR; Chapman, WC",JOURNAL OF SURGICAL RESEARCH,2003,Web of Science Core Collection
FS-012704,,,"T-independent type 2 antigens induce B cell proliferation in multiple splenic sites, but exponential growth is confined to extrafollicular foci",,"de Vinuesa, CG; O'Leary, P; Sze, DMY; Toellner, KM; MacLennan, ICM",EUROPEAN JOURNAL OF IMMUNOLOGY,1999,Web of Science Core Collection
FS-012893,,10.1099/0022-1317-73-2-437,NUCLEAR EXPRESSION OF THE LOWER MATRIX PROTEIN OF HUMAN CYTOMEGALOVIRUS IN PERIPHERAL-BLOOD LEUKOCYTES OF IMMUNOCOMPROMISED VIREMIC PATIENTS,,"REVELLO, MG; PERCIVALLE, E; DIMATTEO, A; MORINI, F; GERNA, G",JOURNAL OF GENERAL VIROLOGY,1992,Web of Science Core Collection
FS-012918,,10.1016/0090-1229(90)90158-m,"CCA (DISODIUM 4-CHLORO-2,2'-IMINODIBENZOATE) INHIBITS PROGRESSION OF HUMAN T-CELL PROLIFERATION TRIGGERED BY PHA",,"KATAGIRI, K; NAKANO, T; SUGAWARA, Y; ICHIKAWA, Y; YOSHIDA, T",CLINICAL IMMUNOLOGY AND IMMUNOPATHOLOGY,1990,Web of Science Core Collection
FS-013233,,10.3923/ijp.2022.783.793,"Asiatic acid Improves Physical Fatigue through Regulating Inflammatory Reaction, Oxidative Stress and Energy Metabolism in Mice",,Liu Xianchu; Cheng Changhao; Liu Ming,INTERNATIONAL JOURNAL OF PHARMACOLOGY,2022,Web of Science Core Collection
FS-013489,,,"EFFECT OF OMEGA-3 SUPPLEMENTATION ON THE BLOOD LEVELS OF OXIDATIVE STRESS, MUSCLE DAMAGE AND INFLAMMATION MARKERS AFTER ACUTE RESISTANCE EXERCISE IN YOUNG ATHLETES",,"Atashak, Sirvan; Sharafi, Hossein; Azarbayjani, Mohammad Ali; Stannard, Stephen Robert; Goli, Mohammad Amin; Haghighi, Marjan Mosalman",KINESIOLOGY,2013,Web of Science Core Collection
FS-014030,,10.1007/s12010-026-05668-z,Transcriptomic and Metabolomic Profiling of Heat Stress Responses and Ganoderic Acid Biosynthesis in <i>Ganoderma lucidum</i>,,"Bondzie-Quaye, Precious; Huang, Qing",APPLIED BIOCHEMISTRY AND BIOTECHNOLOGY,2026,Web of Science Core Collection
FS-014478,,10.1186/s13567-017-0489-3,Primary replication and invasion of the bovine gammaherpesvirus BoHV-4 in the genital mucosae,,"Yang, Bo; Li, Yewei; Pascottini, Osvaldo Bogado; Xie, Jiexiong; Wei, Ruifang; Opsomer, Geert; Nauwynck, Hans",VETERINARY RESEARCH,2017,Web of Science Core Collection
FS-014496,,10.1093/biolre/iox054,The expression of CXCR4 is induced by the luteinizing hormone surge and mediated by progesterone receptors in human preovulatory granulosa cells,,"Choi, Yohan; Park, Ji Yeon; Wilson, Kalin; Rosewell, Katherine L.; Brannstrom, Mats; Akin, James W.; Curry, Thomas E., Jr.; Jo, Misung",BIOLOGY OF REPRODUCTION,2017,Web of Science Core Collection
FS-014592,,10.1016/j.colsurfb.2014.11.014,"Molybdenum nanoparticles-induced cytotoxicity, oxidative stress, G2/M arrest, and DNA damage in mouse skin fibroblast cells (L929)",,"Siddiqui, Maqsood A.; Saquib, Quaiser; Ahamed, Maqusood; Farshori, Nida N.; Ahmad, Javed; Wahab, Rizwan; Khan, Shams T.; Alhadlaq, Hisham A.; Musarrat, Javed; Al-Khedhairy, Abdulaziz A.; Pant, Aditya B.",COLLOIDS AND SURFACES B-BIOINTERFACES,2015,Web of Science Core Collection
FS-014844,,10.1200/jco.2007.15.6794,Phase I Trial of Interleukin-12 Plasmid Electroporation in Patients With Metastatic Melanoma,,"Daud, Adil I.; DeConti, Ronald C.; Andrews, Stephanie; Urbas, Patricia; Riker, Adam I.; Sondak, Vernon K.; Munster, Pamela N.; Sullivan, Daniel M.; Ugen, Kenneth E.; Messina, Jane L.; Heller, Richard",JOURNAL OF CLINICAL ONCOLOGY,2008,Web of Science Core Collection
FS-015234,,10.1080/00016489850154793,Cytotoxic and genotoxic effects of paclitaxel (Taxol®) and radiation in a squamous cell carcinoma cell line of the larynx,,"Preisler, VK; Stopper, H; Schindler, D; Friedl, R; Pfreundner, L; Hoppe, F; Hagen, R",ACTA OTO-LARYNGOLOGICA,1998,Web of Science Core Collection
FS-015288,,10.1097/00002371-199707000-00006,A prospective randomized evaluation of the prophylactic use of low-dose dopamine in cancer patients receiving interleukin-2,,"Cormier, JN; Hurst, R; Vasselli, J; Lee, D; Kim, CJ; McKee, M; Venzon, D; White, D; Marincola, FM; Rosenberg, SA",JOURNAL OF IMMUNOTHERAPY,1997,Web of Science Core Collection
FS-015453,,10.1093/oxfordjournals.annonc.a058108,PROSPECTIVE-STUDY WITH COMBINED LOW-DOSE CHEMOTHERAPY AND ZIDOVUDINE IN 37 PATIENTS WITH POOR-PROGNOSIS AIDS-RELATED NON-HODGKIN LYMPHOMA,,"TIRELLI, U; ERRANTE, D; OKSENHENDLER, E; SPINA, M; VACCHER, E; SERRAINO, D; GASTALDI, R; REPETTO, L; RIZZARDINI, G; CARBONE, A; BERTOLA, G; MANDELLI, F; MONFARDINI, S; GISSELBRECHT, C",ANNALS OF ONCOLOGY,1992,Web of Science Core Collection
FS-015720,,,ETUDE DE CELLULES KB INFECTEES PAR LES MYXOVIRUS PARAINFLUENZAE 2 3 OU PAR VE VIRUS RESPIRATOIRE SYNCYTIAL .I. RAPPORT ENTRE LA MULTIPLICATION VIRALE ET SES MANIFESTATIONS CELLULAIRES,,"BONISSOL, C",ANNALES DE L INSTITUT PASTEUR,1966,Web of Science Core Collection
