sheet,record_id,source,prior_ai_code,has_abstract,title,journal,year
sample_verify,FS-000031,D_adjudicated,TI04,yes,Direct evidence of endothelial injury in acute myocardial infarction and unstable angina by demonstration of circulating endothelial cells.,Blood,1999
sample_verify,FS-000055,B_C_agreed,TI04,yes,Atherosclerosis and inflammation. Patterns of cytokine regulation in patients with peripheral arterial disease.,Atherosclerosis,1999
sample_verify,FS-000078,D_adjudicated,TI04,yes,Immunological features of asthma (Part II). A report to the Research Committee of the British Thoracic and Tuberculosis Association.,Clinical allergy,1975
sample_verify,FS-000144,D_adjudicated,TI04,yes,"Relationship between classic risk factors, plasma antioxidants and indicators of oxidant stress in angina pectoris (AP) in Tehran.",Atherosclerosis,2000
sample_verify,FS-000312,B_C_agreed,TI04,yes,"Shedding of TNF-alpha receptors, blood pressure, and insulin sensitivity in type 2 diabetes mellitus.",American journal of physiology. Endocrinology and metabolism,2002
sample_verify,FS-000363,D_adjudicated,TI04,yes,Cytokine responses differ by compartment and wasting status in patients with HIV infection and healthy controls.,Cytokine,2002
sample_verify,FS-000377,D_adjudicated,TI04,yes,Training for prevention of HIV / AIDS.,AIDS health promotion exchange,1994
sample_verify,FS-000508,B_C_agreed,TI04,yes,Changes of plasma concentrations of soluble vascular cell adhesion molecule-1 and vascular endothelial growth factor after increased perfusion of lower extremities in humans.,Endothelium : journal of endothelial cell research,2003
sample_verify,FS-000534,B_C_agreed,TI04,yes,Quiescent CD34+ early erythroid progenitors are resistant to several erythropoietic 'inhibitory' cytokines; role of FLIP.,British journal of haematology,2003
sample_verify,FS-000640,D_adjudicated,TI04,yes,Cardiovascular disease in systemic lupus erythematosus. A study of 75 patients form a defined population.,Medicine,1992
sample_verify,FS-001071,B_C_agreed,TI04,yes,Increased lymphocyte deoxyribonucleic acid damage in patients with cardiac syndrome X.,Mutation research,2007
sample_verify,FS-001174,B_C_agreed,TI04,yes,Increased plasminogen activator inhibitor antigen levels in diabetic patients with stable angina.,Blood coagulation & fibrinolysis : an international journal in haemostasis and thrombosis,1991
sample_verify,FS-001198,D_adjudicated,TI04,yes,Recombinant proteins and peptides as tools for studying IgE reactivity with low-molecular-weight glutenin subunits in some wheat allergies.,Journal of agricultural and food chemistry,2007
sample_verify,FS-001285,D_adjudicated,TI04,yes,Effect of heterogeneous ventilation and nitric oxide production on exhaled nitric oxide profiles.,"Journal of applied physiology (Bethesda, Md. : 1985)",2008
sample_verify,FS-001405,D_adjudicated,TI04,yes,"Distal myasthenia gravis with a decrement, an increment, and denervation.",Journal of clinical neuromuscular disease,2001
sample_verify,FS-001419,D_adjudicated,TI05,yes,Acute effects of dietary ginger on quadriceps muscle pain during moderate-intensity cycling exercise.,International journal of sport nutrition and exercise metabolism,2008
sample_verify,FS-001425,B_C_agreed,TI05,yes,Deficiency of skeletal muscle succinate dehydrogenase and aconitase. Pathophysiology of exercise in a novel human muscle oxidative defect.,The Journal of clinical investigation,1991
sample_verify,FS-002047,D_adjudicated,TI04,yes,Diagnostic value of the serum-specific IgE ratio of ω-5 gliadin to wheat in adult patients with wheat-induced anaphylaxis.,International archives of allergy and immunology,2012
sample_verify,FS-002089,D_adjudicated,TI05,yes,Blood rheology and body composition as determinants of exercise performance in female rugby players.,Clinical hemorheology and microcirculation,2011
sample_verify,FS-002105,D_adjudicated,TI05,yes,Can a standard dose of eicosapentaenoic acid (EPA) supplementation reduce the symptoms of delayed onset of muscle soreness?,Journal of the International Society of Sports Nutrition,2012
sample_verify,FS-002146,D_adjudicated,TI04,yes,Salmonella transiently reside in luminal neutrophils in the inflamed gut.,PloS one,2012
sample_verify,FS-002205,D_adjudicated,TI04,yes,Immunoglobulin-E reactivity and structural analysis of wheat low-molecular-weight glutenin subunits and their repetitive and nonrepetitive halves.,Journal of agricultural and food chemistry,2012
sample_verify,FS-002363,D_adjudicated,TI05,yes,High response rate and improved exercise capacity and quality of life with a new regimen of darbepoetin alfa with or without filgrastim in lower-risk myelodysplastic syndromes: a phase II study by the GFM.,Annals of hematology,2013
sample_verify,FS-002610,D_adjudicated,TI04,yes,Comparison of specific IgE antibodies to wheat component allergens in two phenotypes of wheat allergy.,Journal of Korean medical science,2013
sample_verify,FS-003112,D_adjudicated,TI05,yes,Attenuated fibroblast growth factor 21 response to acute aerobic exercise in obese individuals.,"Nutrition, metabolism, and cardiovascular diseases : NMCD",2015
sample_verify,FS-003198,D_adjudicated,TI04,yes,Results of comprehensive diagnostic work-up in 'idiopathic' dilated cardiomyopathy.,Open heart,2015
sample_verify,FS-003304,D_adjudicated,TI04,yes,Molecular Mechanisms Linking Autonomic Dysfunction and Impaired Cardiac Contractility in Critical Illness.,Critical care medicine,2016
sample_verify,FS-003395,D_adjudicated,TI04,yes,Plasma Macrophage Migration Inhibitor Factor Is Elevated in Response to Myocardial Ischemia.,Journal of the American Heart Association,2016
sample_verify,FS-003446,D_adjudicated,TI04,yes,Peripheral vascular disease. Rheologic variables during controlled ischemia.,Circulation,1989
sample_verify,FS-003516,B_C_agreed,TI04,yes,Assessment of indirect inflammatory markers in patients with myocardial bridging.,Cardiovascular journal of Africa,2017
sample_verify,FS-003573,D_adjudicated,TI04,yes,Leucocyte rheology in controlled coronary ischaemia.,International journal of cardiology,1989
sample_verify,FS-003628,D_adjudicated,TI04,yes,Investigation of the Possible Role of the Hippo/YAP1 Pathway in Asthma and Allergy.,"Allergy, asthma & immunology research",2017
sample_verify,FS-003740,D_adjudicated,TI04,yes,Gibberellin-regulated protein in Japanese apricot is an allergen cross-reactive to Pru p 7.,"Immunity, inflammation and disease",2017
sample_verify,FS-003837,D_adjudicated,TI04,yes,Irisin is a pro-myogenic factor that induces skeletal muscle hypertrophy and rescues denervation-induced atrophy.,Nature communications,2017
sample_verify,FS-004245,D_adjudicated,TI04,yes,"Cardiovascular and Metabolic Risk in Women in the First Year Postpartum: Allostatic Load as a Function of Race, Ethnicity, and Poverty Status.",American journal of perinatology,2019
sample_verify,FS-004449,D_adjudicated,TI04,yes,Clinical Features and Culprit Food Allergens of Korean Adult Food Allergy Patients: A Cross-Sectional Single-Institute Study.,"Allergy, asthma & immunology research",2019
sample_verify,FS-004551,B_C_agreed,TI02,yes,Expression profiling in exercised mdx suggests a role for extracellular proteins in the dystrophic muscle immune response.,Human molecular genetics,2020
sample_verify,FS-004662,D_adjudicated,TI04,yes,Differences in omega-5-gliadin allergy: East versus West.,Asia Pacific allergy,2020
sample_verify,FS-004753,D_adjudicated,TI04,yes,Elevated Uric Acid Prevalence and Clinical Outcomes in Patients with Heart Failure with Preserved Ejection Fraction: Insights from RELAX.,The American journal of medicine,2020
sample_verify,FS-005113,B_C_agreed,TI04,yes,Anaphylaxis.,The Journal of allergy and clinical immunology,1988
sample_verify,FS-005141,D_adjudicated,TI04,yes,Wheat Anaphylaxis in Adults Differs from Reactions to Other Types of Food.,The journal of allergy and clinical immunology. In practice,2021
sample_verify,FS-005390,D_adjudicated,TI04,yes,Clinical Features of Wheat Allergy Are Significantly Different between Tri a 14 Sensitized Patients and Tri a 19 Sensitized Ones.,International archives of allergy and immunology,2022
sample_verify,FS-005736,D_adjudicated,TI01,yes,Traumatic Glaucoma,StatPearls Publishing,2026
sample_verify,FS-006083,B_C_agreed,TI05,yes,Multiple cryosauna sessions for post-exercise recovery of delayed onset muscle soreness (DOMS): a randomized control trial.,Frontiers in physiology,2023
sample_verify,FS-006433,D_adjudicated,TI04,yes,The work-recovery cycle of kidney strain and inflammation in sugarcane workers following repeat heat exposure at work and at home.,European journal of applied physiology,2025
sample_verify,FS-006490,D_adjudicated,TI04,yes,Reported race-associated differences in control and schizophrenia post-mortem brain transcriptomes implicate stress-related and neuroimmune pathways.,Frontiers in molecular neuroscience,2024
sample_verify,FS-006583,D_adjudicated,TI04,yes,MIF-ACKR3 causes irreversible fat loss by impairing adipogenesis in cancer cachexia.,Cell metabolism,2025
sample_verify,FS-006683,D_adjudicated,TI04,yes,Modulating effects of environmental enrichment on stress-induced changes in the gut microbiome.,"Brain, behavior, & immunity - health",2025
sample_verify,FS-006733,D_adjudicated,TI04,yes,ACE-2-like enzymatic activity in COVID-19 convalescents with persistent pulmonary symptoms associated with immunoglobulin.,mBio,2025
sample_verify,FS-006816,D_adjudicated,TI05,yes,Immediate and acute effects of kinesio taping and kinesio taping combined with cupping therapy on delayed onset muscle soreness: A randomized controlled trial.,Journal of bodywork and movement therapies,2025
sample_verify,FS-006834,B_C_agreed,TI05,yes,"A randomized, placebo-controlled, crossover clinical trial to evaluate the effect of a turmeric formulation on muscle soreness and function recovery in moderately active adults.",Journal of the International Society of Sports Nutrition,2025
sample_verify,FS-006992,D_adjudicated,TI05,yes,"Acute effects of physical exercise on biomarkers of the trace elements selenium, zinc, copper, and iron.",Journal of trace elements in medicine and biology : organ of the Society for Minerals and Trace Elements (GMS),2026
sample_verify,FS-007079,B_C_agreed,TI05,yes,Suppressed brain-derived neurotrophic factor response to 6 min walking exercise in mild cognitive impairment.,"Brain, behavior, and immunity",2026
sample_verify,FS-007397,B_C_agreed,TI04,yes,Inflammation and asthma.,The Journal of allergy and clinical immunology,1984
sample_verify,FS-007409,D_adjudicated,TI04,yes,Features of bronchoalveolar lavage differentiating hypersensitivity pneumonitis and pulmonary sarcoidosis at time of initial presentation.,Clinical and investigative medicine. Medecine clinique et experimentale,1984
sample_verify,FS-007412,D_adjudicated,TI05,yes,Marathon running and immunity to coronary heart disease: fact versus fiction.,Clinics in sports medicine,1984
sample_verify,FS-007494,B_C_agreed,TI04,yes,Platelet function and fibrinolytic activity in hypertensive and normotensive sleep apnea patients.,Sleep,1995
sample_verify,FS-007499,B_C_agreed,TI04,yes,On the role of C1-inhibitor as inhibitor at tissue-type plasminogen activator in human plasma,Thrombosis and Haemostasis,1995
sample_verify,FS-007533,D_adjudicated,TI05,yes,Regulation of the beta-adrenoceptor-cAMP-system during dynamic exercise in patients with primary hypertension after acute beta-blockade.,Blood pressure,1994
sample_verify,FS-007671,B_C_agreed,TI04,yes,Monoclonal antibodies Ki-S3 and Ki-S5 yield new data on the 'Ki-67' proteins.,Cell proliferation,1996
sample_verify,FS-007882,D_adjudicated,TI04,yes,A Tarui Disease Phenotype with Compensated Hemolysis and a Homozygous <i>PFKM</i> Variant of Uncertain Significance Mimicking Chronic Myelomonocytic Leukemia,JOURNAL OF CLINICAL MEDICINE,2026
sample_verify,FS-007929,D_adjudicated,TI04,yes,Rare Models: Use of a Novel Translational Model for Diffuse Alveolar Haemorrhage,International Journal of Molecular Sciences,2026
sample_verify,FS-008092,D_adjudicated,TI04,yes,Enteric neuronal Piezo1 maintains mechanical and immunological homeostasis by sensing force,Cell,2025
sample_verify,FS-008256,B_C_agreed,TI05,yes,Rhodiola Rosea: a plant from the Crassulaceae family that has the potential to reduce muscle pain and increase range of motion during exercise-induced muscle damage; [Rhodiola Rosea: una planta de la familia de las crasuláceas que tiene el potencial de reducir el dolor muscular y aumentar el rango de movimiento durante el daño muscular inducido por el ejercicio],Retos,2024
sample_verify,FS-008343,D_adjudicated,TI04,yes,McArdle's disease revealed by acute low back pain; [Une maladie de McArdle révélée par une lombalgie aiguë],Revue de Medecine Interne,2024
sample_verify,FS-008433,D_adjudicated,TI04,yes,Acute interleukin-6 modulates key enzymes involved in prefrontal cortex and hippocampal amyloid precursor protein processing,Journal of Applied Physiology,2023
sample_verify,FS-008490,D_adjudicated,TI04,yes,Irisin drives macrophage anti-inflammatory differentiation via JAK2-STAT6-dependent activation of PPARγ and Nrf2 signaling,Free Radical Biology and Medicine,2023
sample_verify,FS-008507,D_adjudicated,TI04,yes,Not easy-peasy to diagnose: familial Mediterranean fever unaccompanied by fever,European Journal of Pediatrics,2023
sample_verify,FS-008543,D_adjudicated,TI04,yes,Cardiovascular Follow-up of Patients Treated for MIS-C,Pediatrics,2023
sample_verify,FS-008600,D_adjudicated,TI04,yes,Race and Gender Influences the Presentation of Eosinophilic Esophagitis,Dysphagia,2023
sample_verify,FS-008877,D_adjudicated,TI05,yes,<i>Phoenix dactylifera</i> pollen does not affect eccentric resistance exercise-induced delayed-onset muscle soreness (DOMS) in female athletes,SPORT SCIENCES FOR HEALTH,2021
sample_verify,FS-008918,D_adjudicated,TI05,yes,Combined training in patient with aids: improved quality of life and preserved BDNF,Sport Sciences for Health,2022
sample_verify,FS-009215,D_adjudicated,TI04,yes,Rare causes of hypoglycemia in adults; [Causes rares d'hypoglycémies de l'adulte],Annales d'Endocrinologie,2020
sample_verify,FS-009562,D_adjudicated,TI04,yes,Component-resolved diagnosis (CRD) of food anaphylaxis,Folia medica Cracoviensia,2018
sample_verify,FS-009797,D_adjudicated,TI05,yes,A rare case of quadratus femoris muscle rupture after yoga exercises,Clinical Journal of Sport Medicine,2016
sample_verify,FS-009840,D_adjudicated,TI05,yes,The impact of early aerobic exercise on brain microvascular alterations induced by cerebral hypoperfusion,Brain Research,2017
sample_verify,FS-009863,D_adjudicated,TI05,yes,Sepsis attenuates the anabolic response to skeletal muscle contraction,Shock,2015
sample_verify,FS-009993,D_adjudicated,TI04,yes,Clinical and pathological findings of a fatal systemic capillary leak syndrome (Clarkson Disease),Medicine (United States),2015
sample_verify,FS-010036,B_C_agreed,TI05,yes,Asthma Bronchiale and Exercise-Induced Bronchoconstriction,Respiration,2015
sample_verify,FS-010182,B_C_agreed,TI04,yes,Establishing IMMULITE® 2000 cut-off values for serum allergen-specific immunoglobulin and exploring their relationship to exhaled nitric oxide,"Acta Paediatrica, International Journal of Paediatrics",2014
sample_verify,FS-010231,D_adjudicated,TI04,yes,Strategies for molecular classification of asthma using bipartite network analysis of cytokine expression,Current Allergy and Asthma Reports,2012
sample_verify,FS-010266,D_adjudicated,TI04,yes,Transient receptor potentials (TRPs) and anaphylaxis,Current Allergy and Asthma Reports,2013
sample_verify,FS-010268,D_adjudicated,TI04,yes,Myalgic encephalomyelitis/chronic fatigue syndrome and encephalomyelitis disseminata/multiple sclerosis show remarkable levels of similarity in phenomenology and neuroimmune characteristics,BMC Medicine,2013
sample_verify,FS-010334,D_adjudicated,TI04,yes,Recurrent anaphylactic reactions: An uncommon debut of lymphocytic hypophysitis,International Archives of Allergy and Immunology,2012
sample_verify,FS-010347,D_adjudicated,TI04,yes,Unsuspected pheochromocytoma multisystem crisis: A fatal outcome in a young male patient,Journal of Association of Physicians of India,2012
sample_verify,FS-010490,D_adjudicated,TI05,yes,The effects of LPG massage system on delayed onset muscle soreness and muscular performance after resistance exercise,HealthMED,2011
sample_verify,FS-010587,B_C_agreed,TI05,yes,Seasonal factors influencing exercise-induced asthma,"Allergy, Asthma and Immunology Research",2012
sample_verify,FS-010770,B_C_agreed,TI05,yes,Exercise-induced bronchoconstriction - current update and implications for treating athletes,Current Allergy and Clinical Immunology,2010
sample_verify,FS-011487,D_adjudicated,TI05,yes,A randomized controlled trial of the effect of naproxen on delayed onset muscle soreness and muscle strength,Clinical Journal of Sport Medicine,1998
sample_verify,FS-011524,B_C_agreed,TI04,yes,Distribution of cycling T lymphocytes in blood and lymphoid organs during immune responses,Journal of Immunology,1999
sample_verify,FS-011775,B_C_agreed,TI05,yes,Muscle function and protein metabolism after initiation of eccentric contraction-induced injury,Journal of Applied Physiology,1995
sample_verify,FS-011821,D_adjudicated,TI04,yes,Risk factors for sudden cardiac death in middle-aged British men,Circulation,1995
sample_verify,FS-011882,D_adjudicated,TI04,yes,Depression of T-cell activity during pregnancy: part II - Identification of factor(s) in pregnancy serum inhibiting T-cell reactivity,Indian Journal of Experimental Biology,1982
sample_verify,FS-011941,B_C_agreed,TI04,yes,Mediators of hypersensitivity and inflammatory cells in the pathogenesis of bronchial asthma,European Journal of Respiratory Diseases,1983
sample_verify,FS-011943,B_C_agreed,TI04,yes,Dysregulation of mediator release in relation to bronchial asthma and bronchial hyperresponsiveness.,Agents and Actions Supplements,1984
sample_verify,FS-011971,B_C_agreed,TI04,yes,The correlation between increased reactivity of the bronchi and of mediator releasing cells in asthma,Clinical & Experimental Allergy,1980
sample_verify,FS-012127,D_adjudicated,TI04,yes,Diagnosis of Dysfunctional Breathing in Severe Asthma,JOURNAL OF ALLERGY AND CLINICAL IMMUNOLOGY-IN PRACTICE,2025
sample_verify,FS-012179,D_adjudicated,TI04,yes,Unraveling the effect of the inflammatory microenvironment in spermatogenesis progression,CELL AND TISSUE RESEARCH,2023
sample_verify,FS-012306,D_adjudicated,TI04,yes,"The effects of TRAF6 on proliferation, apoptosis and invasion in osteosarcoma are regulated by miR-124",INTERNATIONAL JOURNAL OF MOLECULAR MEDICINE,2018
sample_verify,FS-012377,B_C_agreed,TI04,yes,Rapid proliferation of activated lymph node CD4<SUP>+</SUP> T cells is achieved by greatly curtailing the duration of gap phases in cell cycle progression,CELLULAR & MOLECULAR BIOLOGY LETTERS,2014
sample_verify,FS-012381,D_adjudicated,TI04,yes,The expression of BTG1 is downregulated in nasopharyngeal carcinoma and possibly associated with tumour metastasis,MOLECULAR BIOLOGY REPORTS,2014
sample_verify,FS-012574,D_adjudicated,TI04,yes,Risk stratification in cardiac amyloidosis: Novel approaches,TRANSPLANTATION,2005
sample_verify,FS-012580,B_C_agreed,TI02,yes,Pathway-specific profiling identifies the NF-κB-dependent tumor necrosis factor α-regulated genes in epidermal keratinocytes,JOURNAL OF BIOLOGICAL CHEMISTRY,2005
sample_verify,FS-012595,D_adjudicated,TI04,yes,Dual function of the extracellular matrix: Stimulatory for cell cycle progression of naive T cells and antiapoptotic for tissue-derived memory T cells,JOURNAL OF IMMUNOLOGY,2004
sample_verify,FS-012604,D_adjudicated,TI04,yes,"A late, prolonged activation of the phosphatidylinositol 3-kinase pathway is required for T cell proliferation",JOURNAL OF IMMUNOLOGY,2004
sample_verify,FS-012630,D_adjudicated,TI05,yes,Exercise-induced pulmonary hemorrhage,VETERINARY CLINICS OF NORTH AMERICA-EQUINE PRACTICE,2003
sample_verify,FS-012643,D_adjudicated,TI04,yes,Eosinophilic folliculitis occurring in a patient affected by Hodgkin lymphoma,INTERNATIONAL JOURNAL OF DERMATOLOGY,2002
sample_verify,FS-012817,B_C_agreed,TI04,yes,EXPRESSION OF HOXC4 HOMEOPROTEIN IN THE NUCLEUS OF ACTIVATED HUMAN-LYMPHOCYTES,BLOOD,1995
sample_verify,FS-012825,D_adjudicated,TI04,yes,"CYTOKINES, NITRIC-OXIDE SYNTHESIS AND LIVER-REGENERATION",JOURNAL OF GASTROENTEROLOGY AND HEPATOLOGY,1995
sample_verify,FS-012866,D_adjudicated,TI04,yes,TUMOR-NECROSIS-FACTOR INCREASES STABILITY OF INTERLEUKIN-1 MESSENGER-RNA BY ACTIVATING PROTEIN-KINASE-C,JOURNAL OF BIOLOGICAL CHEMISTRY,1993
sample_verify,FS-012899,D_adjudicated,TI04,yes,THE EARLY INDUCTION OF THE ACTIN-SEQUESTERING PEPTIDE THYMOSIN-BETA-4 IN THYMOCYTES DEPENDS ON THE PROLIFERATIVE STIMULUS,BIOCHIMICA ET BIOPHYSICA ACTA,1991
sample_verify,FS-012904,D_adjudicated,TI04,yes,"DIFFERENTIAL REGULATION OF THE TUMOR SUPPRESSOR MOLECULES, RETINOBLASTOMA SUSCEPTIBILITY GENE-PRODUCT (RB) AND P53, DURING CELL-CYCLE PROGRESSION OF NORMAL HUMAN T-CELLS",JOURNAL OF IMMUNOLOGY,1991
sample_verify,FS-013044,D_adjudicated,TI04,yes,Sarcopenia in cognitive disorders: Toward a shared pathophysiological framework,OSTEOPOROSIS AND SARCOPENIA,2026
sample_verify,FS-013065,D_adjudicated,TI05,yes,Targeting exercise triggered irisin for therapeutic intervention of autism-associated social anxiety,JOURNAL OF PSYCHIATRIC RESEARCH,2026
sample_verify,FS-013180,D_adjudicated,TI04,yes,Differences in Self-Reported Food Allergy and Food-Associated Anaphylaxis by Race and Ethnicity Among SAPPHIRE Cohort Participants,JOURNAL OF ALLERGY AND CLINICAL IMMUNOLOGY-IN PRACTICE,2023
sample_verify,FS-013346,B_C_agreed,TI05,yes,"Exercise-Induced Bronchoconstriction Background, Prevalence, and Sport Considerations",IMMUNOLOGY AND ALLERGY CLINICS OF NORTH AMERICA,2018
sample_verify,FS-013837,D_adjudicated,TI04,yes,Interleukin-1 beta increases leukemia inhibitory factor mRNA levels through transient stimulation of transcription rate,GLIA,1996
sample_verify,FS-013908,D_adjudicated,TI04,yes,PREDICTION OF SUCCESSFUL EMBRYO IMPLANTATION BY MEASURING INTERLEUKIN-1-ALPHA AND IMMUNOSUPPRESSIVE FACTORS(S) IN PREIMPLANTATION EMBRYO CULTURE FLUID,FERTILITY AND STERILITY,1991
sample_verify,FS-013965,D_adjudicated,TI02,yes,SISTER-CHROMATID-EXCHANGES IN HUMAN-LEUKOCYTE CHROMOSOMES - SPONTANEOUS AND INDUCED FREQUENCIES IN EARLY-PROLIFERATING AND LATE-PROLIFERATING CELLS INVITRO,HUMAN GENETICS,1979
sample_verify,FS-013968,D_adjudicated,TI04,yes,REGULATORY SUBSTANCES PRODUCED BY LYMPHOCYTES .8. CELL-CYCLE SPECIFICITY OF INHIBITOR OF DNA-SYNTHESIS (IDS) ACTION IN LYMPHOCYTES,JOURNAL OF IMMUNOLOGY,1978
sample_verify,FS-013975,B_C_agreed,TI04,yes,CELL CYCLE OF BLAST CELLS INVOLVED IN SECONDARY ANTIBODY RESPONSE,JOURNAL OF IMMUNOLOGY,1964
sample_verify,FS-014193,D_adjudicated,TI02,yes,Secreted Cytokines within the Urine of AKI Patients Modulate TP53 and SIRT1 Levels in a Human Podocyte Cell Model,INTERNATIONAL JOURNAL OF MOLECULAR SCIENCES,2023
sample_verify,FS-014247,D_adjudicated,TI04,yes,Irisin reduces inflammatory signaling pathways in inflammation-mediated metabolic syndrome,MOLECULAR AND CELLULAR ENDOCRINOLOGY,2022
sample_verify,FS-014287,D_adjudicated,TI04,yes,Ankyrin-repeat and SOCS box-containing protein 9 (ASB9) regulates ovarian granulosa cells function and MAPK signaling,MOLECULAR REPRODUCTION AND DEVELOPMENT,2021
sample_verify,FS-014329,D_adjudicated,TI04,yes,Patients with Subarachnoid Hemorrhage Exhibit Disturbed Expression Patterns of the Circadian Rhythm Gene <i>Period-2</i>,LIFE-BASEL,2021
sample_verify,FS-014597,D_adjudicated,TI04,yes,Time-dependent variation in the responses to the web-based ISAAC questionnaire,ANNALS OF ALLERGY ASTHMA & IMMUNOLOGY,2014
sample_verify,FS-014665,D_adjudicated,TI04,yes,FAM190A Deficiency Creates a Cell Division Defect,AMERICAN JOURNAL OF PATHOLOGY,2013
sample_verify,FS-014740,D_adjudicated,TI05,yes,The critical role of VEGF in skeletal muscle angiogenesis and blood flow,BIOCHEMICAL SOCIETY TRANSACTIONS,2011
sample_verify,FS-014753,D_adjudicated,TI04,yes,Deciphering the luteal transcriptome: potential mechanisms mediating stage-specific luteolytic response of the corpus luteum to prostaglandin F<sub>2α</sub>,PHYSIOLOGICAL GENOMICS,2011
sample_verify,FS-014806,B_C_agreed,TI04,yes,Inflammatory Myopathies,MUSCLE PAIN: DIAGNOSIS AND TREATMENT,2010
sample_verify,FS-015090,D_adjudicated,TI04,yes,Phosphorylation at threonine-18 in addition to phosphorylation at serine-19 on myosin-II regulatory light chain is a mitosis-specific event,CYTOMETRY,2002
sample_verify,FS-015150,B_C_agreed,TI04,yes,Bloom's syndrome - a first report from India,INTERNATIONAL JOURNAL OF DERMATOLOGY,2000
sample_verify,FS-015298,D_adjudicated,TI02,yes,"Oncostatin M induces basic fibroblast growth factor expression in endothelial cells and promotes endothelial cell proliferation, migration and spindle morphology",JOURNAL OF CELL SCIENCE,1997
sample_verify,FS-015324,D_adjudicated,TI04,yes,"Alpha interferon suppresses the cyclin D3 and cdc25A genes, leading to a reversible G(0)-like arrest",MOLECULAR AND CELLULAR BIOLOGY,1996
sample_verify,FS-015471,B_C_agreed,TI04,yes,MONOCLONAL-ANTIBODIES RAISED AGAINST PRE-MIGRATORY NEURAL CREST REVEAL POPULATION HETEROGENEITY DURING CREST DEVELOPMENT,DIFFERENTIATION,1992
sample_verify,FS-015487,D_adjudicated,TI04,yes,"ANTIPROLIFERATIVE ACTIVITY OF A PREGNANCY RECOGNITION HORMONE, OVINE TROPHOBLAST PROTEIN-1",CANCER RESEARCH,1991
sample_verify,FS-015511,D_adjudicated,TI04,yes,INDUCTION OF IMMEDIATE EARLY RESPONSE GENES BY MACROPHAGE COLONY-STIMULATING FACTOR IN NORMAL HUMAN MONOCYTES,JOURNAL OF IMMUNOLOGY,1990
pilot_100_blind,FS-000228,D_adjudicated,TI04,yes,Skin tests and clinical features of asthma. A report to the research committee of the British Thoracic and Tuberculosis Association.,British journal of diseases of the chest,1975
pilot_100_blind,FS-008150,D_adjudicated,TI05,yes,"Acute Effects of Wild Ginseng Extract on Exercise Performance, Cognitive Function, and Fatigue Recovery: A Randomized Cross-Over, Placebo-Controlled, and Double-Blind Study",International Journal of Translational Medicine,2025
pilot_100_blind,FS-008177,D_adjudicated,TI05,yes,Topical Peony and Licorice Decoction attenuates exercise-induced muscle pain: a randomized double-blind self-controlled trial in Taiwan,BioMedicine (Taiwan),2026
pilot_100_blind,FS-010499,B_C_agreed,TI05,yes,Mitochondrial biogenesis and PGC-1α deacetylation by chronic treadmill exercise: Differential response in cardiac and skeletal muscle,Basic Research in Cardiology,2011
pilot_100_blind,FS-012893,B_C_agreed,TI04,yes,NUCLEAR EXPRESSION OF THE LOWER MATRIX PROTEIN OF HUMAN CYTOMEGALOVIRUS IN PERIPHERAL-BLOOD LEUKOCYTES OF IMMUNOCOMPROMISED VIREMIC PATIENTS,JOURNAL OF GENERAL VIROLOGY,1992
