tab_order,priority,record_id,save_as,title,journal,year,doi_link
1,1,FS-000124,FS-000124.pdf,Simplified quantitation of myeloid dendritic cells in peripheral blood using flow cytometry.,Cytometry,2000,https://doi.org/10.1002/(sici)1097-0320(20000501)40:1<50::aid-cyto7>3.0.co;2-p
2,1,FS-000504,FS-000504.pdf,Immune and oxidative changes during and following the Western States Endurance Run.,International journal of sports medicine,2003,https://doi.org/10.1055/s-2003-42018
3,1,FS-001224,FS-001224.pdf,"Diurnal variation, response to eccentric exercise, and association of inflammatory mediators with muscle damage variables.","Journal of applied physiology (Bethesda, Md. : 1985)",2008,https://doi.org/10.1152/japplphysiol.00572.2007
4,1,FS-002317,FS-002317.pdf,Does proteinuria-inducing physical activity increase biomarkers of acute kidney injury?,Kidney & blood pressure research,2012,https://doi.org/10.1159/000343417
5,1,FS-002374,FS-002374.pdf,Time course of muscle damage and inflammatory responses to resistance training with eccentric overload in trained individuals.,Mediators of inflammation,2013,https://doi.org/10.1155/2013/204942
6,1,FS-003808,FS-003808.pdf,The Effect of a 100-km Ultra-Marathon under Freezing Conditions on Selected Immunological and Hematological Parameters.,Frontiers in physiology,2017,https://doi.org/10.3389/fphys.2017.00638
7,1,FS-004193,FS-004193.pdf,Exercise-induced Changes in Soluble ST2 Concentrations in Marathon Runners.,Medicine and science in sports and exercise,2019,https://doi.org/10.1249/mss.0000000000001806
8,1,FS-004303,FS-004303.pdf,Two-peaked increase of serum myosin heavy chain-α after triathlon suggests heart muscle cell death.,BMJ open sport & exercise medicine,2019,https://doi.org/10.1136/bmjsem-2018-000486
9,1,FS-004349,FS-004349.pdf,Impairment on Cardiopulmonary Function after Marathon: Role of Exhaled Nitric Oxide.,Oxidative medicine and cellular longevity,2019,https://doi.org/10.1155/2019/5134360
10,1,FS-004624,FS-004624.pdf,"Plasma MMP-9, TIMP-1, and TGF-β1 Responses to Exercise-Induced Muscle Injury.",International journal of environmental research and public health,2020,https://doi.org/10.3390/ijerph17020566
11,1,FS-004640,FS-004640.pdf,Hypoxic-inflammatory responses under acute hypoxia: In Vitro experiments and prospective observational expedition trial.,International journal of molecular sciences,2020,https://doi.org/10.3390/ijms21031034
12,1,FS-004719,FS-004719.pdf,The Relationship of IL-8 and IL-10 Myokines and Performance in Male Marathon Runners Presenting Exercise-Induced Bronchoconstriction.,International journal of environmental research and public health,2020,https://doi.org/10.3390/ijerph17082622
13,1,FS-004798,FS-004798.pdf,"Effects of the 5-m Shuttle Run Test on Markers of Muscle Damage, Inflammation, and Fatigue in Healthy Male Athletes.",International journal of environmental research and public health,2020,https://doi.org/10.3390/ijerph17124375
14,1,FS-005046,FS-005046.pdf,Massage Therapy Modulates Inflammatory Mediators Following Sprint Exercise in Healthy Male Athletes.,Journal of functional morphology and kinesiology,2020,https://doi.org/10.3390/jfmk5010009
15,1,FS-005160,FS-005160.pdf,Impact of Olive Oil Supplement Intake on Dendritic Cell Maturation after Strenuous Physical Exercise: A Preliminary Study.,International journal of environmental research and public health,2021,https://doi.org/10.3390/ijerph18084128
16,1,FS-006681,FS-006681.pdf,"Extracellular vesicle proteomics uncovers energy metabolism, complement system, and endoplasmic reticulum stress response dysregulation postexercise in males with myalgic encephalomyelitis/chronic fatigue syndrome.",Clinical and translational medicine,2025,https://doi.org/10.1002/ctm2.70346
17,1,FS-006745,FS-006745.pdf,Circulating Antimicrobial Peptides as Biomarkers of Inflammation and Airway Dysfunction After Marathon Running.,Biology,2025,https://doi.org/10.3390/biology14070825
18,1,FS-006824,FS-006824.pdf,"The Contingency of Reported sST2 Serum Concentrations with a Protein Detection System (ELISA) from the Same Manufacturer (R&D Biotechne, 2002-2025): An Explanatory Effort by Applied Medical Researchers.","Diagnostics (Basel, Switzerland)",2025,https://doi.org/10.3390/diagnostics15182412
19,1,FS-006828,FS-006828.pdf,Anxiety and Mood Disturbance Are Prospectively Associated With Respiratory Infection Risk and the Mucosal Immune Response to Exercise.,European journal of sport science,2025,https://doi.org/10.1002/ejsc.70058
20,1,FS-007158,FS-007158.pdf,Oxy-Inflammatory Profile of Finishers and No-Finishers in an Extreme Ultra-Endurance Trail Race: The 866 km Transpyrénéa.,International journal of molecular sciences,2026,https://doi.org/10.3390/ijms27104295
21,1,FS-007251,FS-007251.pdf,"Integrated Multi-Sensor Assessment System for Objective Muscle Recovery Monitoring: Application of Isokinetic Dynamometry, Infrared Thermometry, and Multi-Biomarker ELISA in Exercise-Induced Muscle Damage Surveillance.","Sensors (Basel, Switzerland)",2026,https://doi.org/10.3390/s26134215
22,1,FS-008442,FS-008442.pdf,Recovery after Running an “Everesting” Mountain Ultramarathon,Life,2023,https://doi.org/10.3390/life13101946
23,2,FS-002123,FS-002123.pdf,Effects of exercise on microRNA expression in young males peripheral blood mononuclear cells.,Clinical and translational science,2012,https://doi.org/10.1111/j.1752-8062.2011.00384.x
24,2,FS-002283,FS-002283.pdf,"Effects of a flavonoid-rich juice on inflammation, oxidative stress, and immunity in elite swimmers: a metabolomics-based approach.",International journal of sport nutrition and exercise metabolism,2013,https://doi.org/10.1123/ijsnem.23.2.150
25,2,FS-002635,FS-002635.pdf,Impact of brief exercise on circulating monocyte gene and microRNA expression: implications for atherosclerotic vascular disease.,"Brain, behavior, and immunity",2014,https://doi.org/10.1016/j.bbi.2014.01.003
26,2,FS-002742,FS-002742.pdf,Metabolomics approach to assessing plasma 13- and 9-hydroxy-octadecadienoic acid and linoleic acid metabolite responses to 75-km cycling.,"American journal of physiology. Regulatory, integrative and comparative physiology",2014,https://doi.org/10.1152/ajpregu.00092.2014
27,2,FS-003475,FS-003475.pdf,Immune and inflammatory responses to freediving calculated from leukocyte gene expression profiles.,Physiological genomics,2016,https://doi.org/10.1152/physiolgenomics.00048.2016
28,2,FS-003556,FS-003556.pdf,IL-6 Linkage to Exercise-Induced Shifts in Lipid-Related Metabolites: A Metabolomics-Based Analysis.,Journal of proteome research,2017,https://doi.org/10.1021/acs.jproteome.6b00892
29,2,FS-003994,FS-003994.pdf,"Metabolic recovery from heavy exertion following banana compared to sugar beverage or water only ingestion: A randomized, crossover trial.",PloS one,2018,https://doi.org/10.1371/journal.pone.0194843
30,2,FS-004374,FS-004374.pdf,Changes to the Human Serum Proteome in Response to High Intensity Interval Exercise: A Sequential Top-Down Proteomic Analysis.,Frontiers in physiology,2019,https://doi.org/10.3389/fphys.2019.00362
31,2,FS-004392,FS-004392.pdf,Impact of Acute Aerobic Exercise on Genome-Wide DNA-Methylation in Natural Killer Cells-A Pilot Study.,Genes,2019,https://doi.org/10.3390/genes10050380
32,2,FS-005301,FS-005301.pdf,"Dietary Polyphenol and Methylsulfonylmethane Supplementation Improves Immune, DAMP Signaling, and Inflammatory Responses During Recovery From All-Out Running Efforts.",Frontiers in physiology,2021,https://doi.org/10.3389/fphys.2021.712731
33,2,FS-005528,FS-005528.pdf,RNA Sequencing of Whole Blood Defines the Signature of High Intensity Exercise at Altitude in Elite Speed Skaters.,Genes,2022,https://doi.org/10.3390/genes13040574
34,2,FS-005741,FS-005741.pdf,The Acute Cytokine Response to 30-Minute Exercise Bouts Before and After 8-Week Endurance Training in Individuals With Obesity.,The Journal of clinical endocrinology and metabolism,2023,https://doi.org/10.1210/clinem/dgac623
35,2,FS-005770,FS-005770.pdf,"Acute and long-term exercise differently modulate plasma levels of oxylipins, endocannabinoids, and their analogues in young sedentary adults: A sub-study and secondary analyses from the ACTIBATE randomized controlled-trial.",EBioMedicine,2022,https://doi.org/10.1016/j.ebiom.2022.104313
36,2,FS-005864,FS-005864.pdf,Exercise mobilizes diverse antigen specific T-cells and elevates neutralizing antibodies in humans with natural immunity to SARS CoV-2.,"Brain, behavior, & immunity - health",2023,https://doi.org/10.1016/j.bbih.2023.100600
37,2,FS-005870,FS-005870.pdf,Modulation of the Circulating Extracellular Vesicles in Response to Different Exercise Regimens and Study of Their Inflammatory Effects.,International journal of molecular sciences,2023,https://doi.org/10.3390/ijms24033039
38,2,FS-005884,FS-005884.pdf,Molecular Profiling of Athletes Performing High-Intensity Exercises in Extreme Environments.,"Sports (Basel, Switzerland)",2023,https://doi.org/10.3390/sports11020036
39,2,FS-005990,FS-005990.pdf,"Elevated cfDNA after exercise is derived primarily from mature polymorphonuclear neutrophils, with a minor contribution of cardiomyocytes.",Cell reports. Medicine,2023,https://doi.org/10.1016/j.xcrm.2023.101074
40,2,FS-006131,FS-006131.pdf,Salivary concentrations of secretory leukocyte protease inhibitor and matrix metallopeptidase-9 following a single bout of exercise are associated with intensity and hydration status.,PloS one,2023,https://doi.org/10.1371/journal.pone.0291297
41,2,FS-006247,FS-006247.pdf,Acute response in circulating microRNAs following a single bout of short-sprint and heavy strength training in well-trained cyclists.,Frontiers in physiology,2024,https://doi.org/10.3389/fphys.2024.1365357
42,2,FS-006424,FS-006424.pdf,Effects of Maltodextrin-Fructose Supplementation on Inflammatory Biomarkers and Lipidomic Profile Following Endurance Running: A Randomized Placebo-Controlled Cross-Over Trial.,Nutrients,2024,https://doi.org/10.3390/nu16183078
43,2,FS-006662,FS-006662.pdf,The Influence of an Acute Endurance Intervention on Breast Cancer Cell Growth-A Pilot Study.,International journal of molecular sciences,2025,https://doi.org/10.3390/ijms26093976
44,2,FS-006881,FS-006881.pdf,"Acute exercise alters immune responses in older adults, with extracellular vesicle changes observed in a high-intensity intervention.",Frontiers in immunology,2025,https://doi.org/10.3389/fimmu.2025.1661161
45,2,FS-009203,FS-009203.pdf,"Blueberry and/or Banana Consumption Mitigate Arachidonic, Cytochrome P450 Oxylipin Generation During Recovery From 75-Km Cycling: A Randomized Trial",Frontiers in Nutrition,2020,https://doi.org/10.3389/fnut.2020.00121
46,3,FS-000460,FS-000460.pdf,"Strength, workload, anaerobic intensity and the immune response to resistance exercise in women.",Acta physiologica Scandinavica,2003,https://doi.org/10.1046/j.1365-201x.2003.01124.x
47,3,FS-001124,FS-001124.pdf,"Deleterious effects of short-term, high-intensity exercise on immune function: evidence from leucocyte mitochondrial alterations and apoptosis.",British journal of sports medicine,2008,https://doi.org/10.1136/bjsm.2006.029314
48,3,FS-001311,FS-001311.pdf,The effect of exercise on innate mucosal immunity.,British journal of sports medicine,2010,https://doi.org/10.1136/bjsm.2008.046532
49,3,FS-002014,FS-002014.pdf,Eleven days of moderate exercise and heat exposure induces acclimation without significant HSP70 and apoptosis responses of lymphocytes in college-aged males.,Cell stress & chaperones,2012,https://doi.org/10.1007/s12192-011-0283-5
50,3,FS-002678,FS-002678.pdf,Montmorency cherries reduce the oxidative stress and inflammatory responses to repeated days high-intensity stochastic cycling.,Nutrients,2014,https://doi.org/10.3390/nu6020829
51,3,FS-002754,FS-002754.pdf,Systemic cytokine response to three bouts of eccentric exercise.,Results in immunology,2014,https://doi.org/10.1016/j.rinim.2014.04.002
52,3,FS-002824,FS-002824.pdf,"Exercise training, lymphocyte subsets and their cytokines production: experience of an Italian professional football team and their impact on allergy.",BioMed research international,2014,https://doi.org/10.1155/2014/429248
53,3,FS-003373,FS-003373.pdf,Plasma Cytokine Profiles in Long-Term Strenuous Exercise.,Journal of sports medicine (Hindawi Publishing Corporation),2016,https://doi.org/10.1155/2016/7186137
54,3,FS-003797,FS-003797.pdf,Acute effects of strength exercises and effects of regular strength training on cell free DNA concentrations in blood plasma.,PloS one,2017,https://doi.org/10.1371/journal.pone.0184668
55,3,FS-004070,FS-004070.pdf,"The Effects of a 4-Week, Intensified Training, and Competition Period on Salivary Hormones, Immunoglobulin A, Illness Symptoms, and Mood State in Elite Synchronised Swimmers.","Sports (Basel, Switzerland)",2017,https://doi.org/10.3390/sports5030064
56,3,FS-004269,FS-004269.pdf,Long-Haul Northeast Travel Disrupts Sleep and Induces Perceived Fatigue in Endurance Athletes.,Frontiers in physiology,2018,https://doi.org/10.3389/fphys.2018.01826
57,3,FS-004889,FS-004889.pdf,Analysis of human neutrophil phenotypes as biomarker to monitor exercise-induced immune changes.,Journal of leukocyte biology,2021,https://doi.org/10.1002/jlb.5a0820-436r
58,3,FS-005129,FS-005129.pdf,Increased Circulating H3 Histone in Response to Repeated Bouts of Exercise Does Not Associate with Parallel Alterations of Cell-Free DNA.,Biology,2021,https://doi.org/10.3390/biology10030181
59,3,FS-005337,FS-005337.pdf,Acute exercise and immune response in previously SARS CoV-2 infection.,"Brain, behavior, & immunity - health",2021,https://doi.org/10.1016/j.bbih.2021.100368
60,3,FS-005701,FS-005701.pdf,The Immunological and Hormonal Responses to Competitive Match-Play in Elite Soccer Players.,International journal of environmental research and public health,2022,https://doi.org/10.3390/ijerph191811784
61,3,FS-005887,FS-005887.pdf,Impacts of Eccentric Resistance Exercise on DNA Methylation of Candidate Genes for Inflammatory Cytokines in Skeletal Muscle and Leukocytes of Healthy Males.,Genes,2023,https://doi.org/10.3390/genes14020478
62,3,FS-006008,FS-006008.pdf,Effect of Exercise Repetitions on Arylesterase Activity of PON1 in Plasma of Average-Trained Men-The Dissociation between Activity and Concentration.,"Antioxidants (Basel, Switzerland)",2023,https://doi.org/10.3390/antiox12061296
63,3,FS-006191,FS-006191.pdf,"Combined Turmeric, Vitamin C, and Vitamin D Ready-to-Drink Supplements Reduce Upper Respiratory Illness Symptoms and Gastrointestinal Discomfort in Elite Male Football Players.",Nutrients,2024,https://doi.org/10.3390/nu16020243
64,3,FS-006439,FS-006439.pdf,Response of Circulating Free Cellular DNA to Repeated Exercise in Men with Type 1 Diabetes Mellitus.,Journal of clinical medicine,2024,https://doi.org/10.3390/jcm13195859
65,3,FS-007201,FS-007201.pdf,"Elevated cfDNA after exercise is derived primarily from mature polymorphonuclear neutrophils, with a minor contribution of cardiomyocytes.",Cell reports. Medicine,2026,https://doi.org/10.1016/j.xcrm.2026.102916
66,3,FS-009645,FS-009645.pdf,Changes in cytokine levels after prolonged and repeated moderate intensity exercise in middle-aged men and women,Translational Sports Medicine,2018,https://doi.org/10.1002/tsm2.23
67,3,FS-010146,FS-010146.pdf,Three consecutive days of interval runs to exhaustion affects lymphocyte subset apoptosis and migration,BioMed Research International,2014,https://doi.org/10.1155/2014/694801
68,3,FS-013354,FS-013354.pdf,Comparison of the effect of rest interval between sets and set - repetition configuration during bouts of eccentric exercise on muscle damage and inflammatory markers,INTERNATIONAL JOURNAL OF APPLIED EXERCISE PHYSIOLOGY,2018,https://doi.org/10.22631/ijaep.v7i1.238
