record_id,decision_A,decision_B,primary_reason_A,primary_reason_B,both_decided,exact_agree,group_A,group_B,group_agree,conflict,final_disposition,final_source
P001,ADVANCE,ADVANCE,,,1,1,progress / do not exclude,progress / do not exclude,1,,ADVANCE,agreement
P002,EXCLUDE_TA,EXCLUDE_TA,FT02_NOT_ORIGINAL_HUMAN_RESEARCH,FT02_NOT_ORIGINAL_HUMAN_RESEARCH,1,1,EXCLUDE_TA,EXCLUDE_TA,1,,EXCLUDE_TA,agreement
P003,EXCLUDE_TA,EXCLUDE_TA,FT03_POPULATION_NOT_ELIGIBLE,FT03_POPULATION_NOT_ELIGIBLE,1,1,EXCLUDE_TA,EXCLUDE_TA,1,,EXCLUDE_TA,agreement
P004,EXCLUDE_TA,EXCLUDE_TA,FT02_NOT_ORIGINAL_HUMAN_RESEARCH,FT02_NOT_ORIGINAL_HUMAN_RESEARCH,1,1,EXCLUDE_TA,EXCLUDE_TA,1,,EXCLUDE_TA,agreement
P005,EXCLUDE_TA,EXCLUDE_TA,FT01_SOURCE_TYPE_NOT_CORE,FT01_SOURCE_TYPE_NOT_CORE,1,1,EXCLUDE_TA,EXCLUDE_TA,1,,EXCLUDE_TA,agreement
P006,EXCLUDE_TA,EXCLUDE_TA,FT03_POPULATION_NOT_ELIGIBLE,FT03_POPULATION_NOT_ELIGIBLE,1,1,EXCLUDE_TA,EXCLUDE_TA,1,,EXCLUDE_TA,agreement
P007,ADVANCE,ADVANCE,,,1,1,progress / do not exclude,progress / do not exclude,1,,ADVANCE,agreement
P008,EXCLUDE_TA,EXCLUDE_TA,FT01_SOURCE_TYPE_NOT_CORE,FT01_SOURCE_TYPE_NOT_CORE,1,1,EXCLUDE_TA,EXCLUDE_TA,1,,EXCLUDE_TA,agreement
P009,EXCLUDE_TA,EXCLUDE_TA,FT02_NOT_ORIGINAL_HUMAN_RESEARCH,FT02_NOT_ORIGINAL_HUMAN_RESEARCH,1,1,EXCLUDE_TA,EXCLUDE_TA,1,,EXCLUDE_TA,agreement
P010,EXCLUDE_TA,EXCLUDE_TA,FT03_POPULATION_NOT_ELIGIBLE,FT03_POPULATION_NOT_ELIGIBLE,1,1,EXCLUDE_TA,EXCLUDE_TA,1,,EXCLUDE_TA,agreement
P011,EXCLUDE_TA,EXCLUDE_TA,FT04_NO_QUALIFYING_EXERCISE_EXPOSURE,FT04_NO_QUALIFYING_EXERCISE_EXPOSURE,1,1,EXCLUDE_TA,EXCLUDE_TA,1,,EXCLUDE_TA,agreement
P012,ADVANCE,ADVANCE,,,1,1,progress / do not exclude,progress / do not exclude,1,,ADVANCE,agreement
P013,EXCLUDE_TA,EXCLUDE_TA,FT02_NOT_ORIGINAL_HUMAN_RESEARCH,FT02_NOT_ORIGINAL_HUMAN_RESEARCH,1,1,EXCLUDE_TA,EXCLUDE_TA,1,,EXCLUDE_TA,agreement
P014,EXCLUDE_TA,EXCLUDE_TA,FT01_SOURCE_TYPE_NOT_CORE,FT01_SOURCE_TYPE_NOT_CORE,1,1,EXCLUDE_TA,EXCLUDE_TA,1,,EXCLUDE_TA,agreement
P015,EXCLUDE_TA,EXCLUDE_TA,FT02_NOT_ORIGINAL_HUMAN_RESEARCH,FT02_NOT_ORIGINAL_HUMAN_RESEARCH,1,1,EXCLUDE_TA,EXCLUDE_TA,1,,EXCLUDE_TA,agreement
P016,EXCLUDE_TA,EXCLUDE_TA,FT04_NO_QUALIFYING_EXERCISE_EXPOSURE,FT04_NO_QUALIFYING_EXERCISE_EXPOSURE,1,1,EXCLUDE_TA,EXCLUDE_TA,1,,EXCLUDE_TA,agreement
P017,EXCLUDE_TA,EXCLUDE_TA,FT02_NOT_ORIGINAL_HUMAN_RESEARCH,FT02_NOT_ORIGINAL_HUMAN_RESEARCH,1,1,EXCLUDE_TA,EXCLUDE_TA,1,,EXCLUDE_TA,agreement
P018,ADVANCE,ADVANCE,,,1,1,progress / do not exclude,progress / do not exclude,1,,ADVANCE,agreement
P019,EXCLUDE_TA,EXCLUDE_TA,FT07_NO_ELIGIBLE_IMMUNE_LINK,FT07_NO_ELIGIBLE_IMMUNE_LINK,1,1,EXCLUDE_TA,EXCLUDE_TA,1,,EXCLUDE_TA,agreement
P020,EXCLUDE_TA,EXCLUDE_TA,FT02_NOT_ORIGINAL_HUMAN_RESEARCH,FT02_NOT_ORIGINAL_HUMAN_RESEARCH,1,1,EXCLUDE_TA,EXCLUDE_TA,1,,EXCLUDE_TA,agreement
P021,EXCLUDE_TA,EXCLUDE_TA,FT02_NOT_ORIGINAL_HUMAN_RESEARCH,FT02_NOT_ORIGINAL_HUMAN_RESEARCH,1,1,EXCLUDE_TA,EXCLUDE_TA,1,,EXCLUDE_TA,agreement
P022,EXCLUDE_TA,EXCLUDE_TA,FT03_POPULATION_NOT_ELIGIBLE,FT03_POPULATION_NOT_ELIGIBLE,1,1,EXCLUDE_TA,EXCLUDE_TA,1,,EXCLUDE_TA,agreement
P023,EXCLUDE_TA,EXCLUDE_TA,FT03_POPULATION_NOT_ELIGIBLE,FT03_POPULATION_NOT_ELIGIBLE,1,1,EXCLUDE_TA,EXCLUDE_TA,1,,EXCLUDE_TA,agreement
P024,ADVANCE,ADVANCE,,,1,1,progress / do not exclude,progress / do not exclude,1,,ADVANCE,agreement
P025,EXCLUDE_TA,EXCLUDE_TA,FT02_NOT_ORIGINAL_HUMAN_RESEARCH,FT02_NOT_ORIGINAL_HUMAN_RESEARCH,1,1,EXCLUDE_TA,EXCLUDE_TA,1,,EXCLUDE_TA,agreement
P026,EXCLUDE_TA,EXCLUDE_TA,FT02_NOT_ORIGINAL_HUMAN_RESEARCH,FT02_NOT_ORIGINAL_HUMAN_RESEARCH,1,1,EXCLUDE_TA,EXCLUDE_TA,1,,EXCLUDE_TA,agreement
P027,ADVANCE,ADVANCE,,,1,1,progress / do not exclude,progress / do not exclude,1,,ADVANCE,agreement
P028,EXCLUDE_TA,EXCLUDE_TA,FT02_NOT_ORIGINAL_HUMAN_RESEARCH,FT02_NOT_ORIGINAL_HUMAN_RESEARCH,1,1,EXCLUDE_TA,EXCLUDE_TA,1,,EXCLUDE_TA,agreement
P029,EXCLUDE_TA,EXCLUDE_TA,FT02_NOT_ORIGINAL_HUMAN_RESEARCH,FT02_NOT_ORIGINAL_HUMAN_RESEARCH,1,1,EXCLUDE_TA,EXCLUDE_TA,1,,EXCLUDE_TA,agreement
P030,EXCLUDE_TA,EXCLUDE_TA,FT04_NO_QUALIFYING_EXERCISE_EXPOSURE,FT04_NO_QUALIFYING_EXERCISE_EXPOSURE,1,1,EXCLUDE_TA,EXCLUDE_TA,1,,EXCLUDE_TA,agreement
P031,EXCLUDE_TA,EXCLUDE_TA,FT02_NOT_ORIGINAL_HUMAN_RESEARCH,FT02_NOT_ORIGINAL_HUMAN_RESEARCH,1,1,EXCLUDE_TA,EXCLUDE_TA,1,,EXCLUDE_TA,agreement
P032,EXCLUDE_TA,EXCLUDE_TA,FT01_SOURCE_TYPE_NOT_CORE,FT01_SOURCE_TYPE_NOT_CORE,1,1,EXCLUDE_TA,EXCLUDE_TA,1,,EXCLUDE_TA,agreement
P033,ADVANCE,ADVANCE,,,1,1,progress / do not exclude,progress / do not exclude,1,,ADVANCE,agreement
P034,EXCLUDE_TA,EXCLUDE_TA,FT03_POPULATION_NOT_ELIGIBLE,FT03_POPULATION_NOT_ELIGIBLE,1,1,EXCLUDE_TA,EXCLUDE_TA,1,,EXCLUDE_TA,agreement
P035,EXCLUDE_TA,EXCLUDE_TA,FT02_NOT_ORIGINAL_HUMAN_RESEARCH,FT02_NOT_ORIGINAL_HUMAN_RESEARCH,1,1,EXCLUDE_TA,EXCLUDE_TA,1,,EXCLUDE_TA,agreement
P036,EXCLUDE_TA,EXCLUDE_TA,FT02_NOT_ORIGINAL_HUMAN_RESEARCH,FT02_NOT_ORIGINAL_HUMAN_RESEARCH,1,1,EXCLUDE_TA,EXCLUDE_TA,1,,EXCLUDE_TA,agreement
P037,EXCLUDE_TA,EXCLUDE_TA,FT02_NOT_ORIGINAL_HUMAN_RESEARCH,FT02_NOT_ORIGINAL_HUMAN_RESEARCH,1,1,EXCLUDE_TA,EXCLUDE_TA,1,,EXCLUDE_TA,agreement
P038,ADVANCE,ADVANCE,,,1,1,progress / do not exclude,progress / do not exclude,1,,ADVANCE,agreement
P039,EXCLUDE_TA,EXCLUDE_TA,FT02_NOT_ORIGINAL_HUMAN_RESEARCH,FT02_NOT_ORIGINAL_HUMAN_RESEARCH,1,1,EXCLUDE_TA,EXCLUDE_TA,1,,EXCLUDE_TA,agreement
P040,EXCLUDE_TA,EXCLUDE_TA,FT07_NO_ELIGIBLE_IMMUNE_LINK,FT07_NO_ELIGIBLE_IMMUNE_LINK,1,1,EXCLUDE_TA,EXCLUDE_TA,1,,EXCLUDE_TA,agreement
P041,EXCLUDE_TA,EXCLUDE_TA,FT02_NOT_ORIGINAL_HUMAN_RESEARCH,FT02_NOT_ORIGINAL_HUMAN_RESEARCH,1,1,EXCLUDE_TA,EXCLUDE_TA,1,,EXCLUDE_TA,agreement
P042,EXCLUDE_TA,EXCLUDE_TA,FT02_NOT_ORIGINAL_HUMAN_RESEARCH,FT02_NOT_ORIGINAL_HUMAN_RESEARCH,1,1,EXCLUDE_TA,EXCLUDE_TA,1,,EXCLUDE_TA,agreement
P043,ADVANCE,ADVANCE,,,1,1,progress / do not exclude,progress / do not exclude,1,,ADVANCE,agreement
P044,EXCLUDE_TA,EXCLUDE_TA,FT02_NOT_ORIGINAL_HUMAN_RESEARCH,FT02_NOT_ORIGINAL_HUMAN_RESEARCH,1,1,EXCLUDE_TA,EXCLUDE_TA,1,,EXCLUDE_TA,agreement
P045,EXCLUDE_TA,EXCLUDE_TA,FT01_SOURCE_TYPE_NOT_CORE,FT01_SOURCE_TYPE_NOT_CORE,1,1,EXCLUDE_TA,EXCLUDE_TA,1,,EXCLUDE_TA,agreement
P046,EXCLUDE_TA,EXCLUDE_TA,FT01_SOURCE_TYPE_NOT_CORE,FT01_SOURCE_TYPE_NOT_CORE,1,1,EXCLUDE_TA,EXCLUDE_TA,1,,EXCLUDE_TA,agreement
P047,EXCLUDE_TA,EXCLUDE_TA,FT02_NOT_ORIGINAL_HUMAN_RESEARCH,FT02_NOT_ORIGINAL_HUMAN_RESEARCH,1,1,EXCLUDE_TA,EXCLUDE_TA,1,,EXCLUDE_TA,agreement
P048,EXCLUDE_TA,EXCLUDE_TA,FT07_NO_ELIGIBLE_IMMUNE_LINK,FT07_NO_ELIGIBLE_IMMUNE_LINK,1,1,EXCLUDE_TA,EXCLUDE_TA,1,,EXCLUDE_TA,agreement
P049,EXCLUDE_TA,EXCLUDE_TA,FT01_SOURCE_TYPE_NOT_CORE,FT01_SOURCE_TYPE_NOT_CORE,1,1,EXCLUDE_TA,EXCLUDE_TA,1,,EXCLUDE_TA,agreement
P050,ADVANCE,ADVANCE,,,1,1,progress / do not exclude,progress / do not exclude,1,,ADVANCE,agreement
