table,field,family,value_kind,cells_compared,agree,disagree,only_B,only_C,agreement_both_filled,agreement_any_filled,both_empty
cohorts,adult_stratum_separable,population,coded,11,9,2,0,0,0.8182,0.8182,0
cohorts,age_range,population,free_text,11,0,11,0,0,0.0,0.0,0
cohorts,age_sex,population,free_text,11,0,11,0,0,0.0,0.0,0
cohorts,baseline_health,eligibility,free_text,11,0,11,0,0,0.0,0.0,0
cohorts,cohort_label,population,free_text,11,0,11,0,0,0.0,0.0,0
cohorts,cohort_notes,notes,free_text,11,0,11,0,0,0.0,0.0,0
cohorts,n_recruited,population,count,11,8,3,0,0,0.7273,0.7273,0
cohorts,older_adult_subgroup,population,coded,11,8,3,0,0,0.7273,0.7273,0
cohorts,sport,population,free_text,11,0,11,0,0,0.0,0.0,0
cohorts,study_id,keys,identifier,11,11,0,0,0,1.0,1.0,0
cohorts,training_status,population,free_text,11,0,11,0,0,0.0,0.0,0
extraction_provenance,adjudication,provenance,free_text,7,0,5,2,0,0.0,0.0,3
extraction_provenance,ai_assistance.output_checked_by_human,provenance,free_text,10,2,8,0,0,0.2,0.2,0
extraction_provenance,ai_assistance.task_prompt_version,provenance,free_text,10,0,10,0,0,0.0,0.0,0
extraction_provenance,ai_assistance.tool_model_date,provenance,free_text,10,1,9,0,0,0.1,0.1,0
extraction_provenance,ai_assistance.used,provenance,free_text,10,9,1,0,0,0.9,0.9,0
extraction_provenance,extractor_a_b.independent_entry_complete,provenance,free_text,10,5,5,0,0,0.5,0.5,0
extraction_provenance,extractor_a_b.verification_complete,provenance,free_text,10,4,6,0,0,0.4,0.4,0
extraction_provenance,integrity_status,provenance,free_text,10,0,10,0,0,0.0,0.0,0
extraction_provenance,open_data,provenance,free_text,10,0,10,0,0,0.0,0.0,0
extraction_provenance,provenance_notes,notes,free_text,10,0,10,0,0,0.0,0.0,0
measurements,analyte_id.database_id,biomarkers,free_text,99,44,47,0,8,0.4835,0.4444,0
measurements,analyte_id.original_label,biomarkers,free_text,99,13,86,0,0,0.1313,0.1313,0
measurements,analyte_id.standard_name,biomarkers,free_text,99,12,87,0,0,0.1212,0.1212,0
measurements,assay_universe_id,candidate_universe,free_text,99,34,48,9,8,0.4146,0.3434,0
measurements,assay_validity,biomarkers,free_text,99,57,26,0,16,0.6867,0.5758,0
measurements,biological_level,biomarkers,coded,99,67,32,0,0,0.6768,0.6768,0
measurements,candidate_in_original_aims_methods,candidate_universe,free_text,99,1,91,0,7,0.0109,0.0101,0
measurements,candidate_prespecification_status,candidate_universe,coded,99,41,51,0,7,0.4457,0.4141,0
measurements,candidate_selection_basis,candidate_universe,coded,99,42,44,0,13,0.4884,0.4242,0
measurements,candidate_selection_rule,candidate_universe,coded,99,42,44,0,13,0.4884,0.4242,0
measurements,candidate_source_locator,source_locator,free_text,94,3,44,10,37,0.0638,0.0319,5
measurements,cell_context,biomarkers,free_text,99,59,36,0,4,0.6211,0.596,0
measurements,cohort_id,keys,identifier,99,99,0,0,0,1.0,1.0,0
measurements,comparison,analysis,free_text,99,0,99,0,0,0.0,0.0,0
measurements,confounding,analysis,free_text,99,60,25,0,14,0.7059,0.6061,0
measurements,digitization_check,digitization,coded,99,83,0,0,16,1.0,0.8384,0
measurements,digitization_notes,notes,free_text,99,83,0,0,16,1.0,0.8384,0
measurements,digitization_predeclared_method,digitization,free_text,99,83,0,0,16,1.0,0.8384,0
measurements,digitization_reconciled_value,digitization,free_text,99,83,0,0,16,1.0,0.8384,0
measurements,digitization_software_version,digitization,free_text,99,83,0,0,16,1.0,0.8384,0
measurements,digitizer_<own slot>_value,digitization,free_text,99,83,0,0,16,1.0,0.8384,0
measurements,donor_level_inference,analysis,free_text,99,0,84,0,15,0.0,0.0,0
measurements,effect_measure,analysis,free_text,99,1,87,0,11,0.0114,0.0101,0
measurements,effect_uncertainty,analysis,free_text,99,1,46,0,52,0.0213,0.0101,0
measurements,effect_unit,analysis,free_text,99,11,81,0,7,0.1196,0.1111,0
measurements,effect_value,analysis,free_text,99,4,89,0,6,0.043,0.0404,0
measurements,effect_value_source,digitization,coded,99,79,4,0,16,0.9518,0.798,0
measurements,feature_identification,biomarkers,free_text,99,13,70,0,16,0.1566,0.1313,0
measurements,feature_total_count,candidate_universe,count,99,73,15,0,11,0.8295,0.7374,0
measurements,feature_total_unit,candidate_universe,free_text,99,72,16,0,11,0.8182,0.7273,0
measurements,feature_universe_locator,source_locator,free_text,29,1,7,1,20,0.125,0.0345,70
measurements,figure_panel_locator,digitization,free_text,99,83,0,0,16,1.0,0.8384,0
measurements,marker_family,biomarkers,coded,99,70,29,0,0,0.7071,0.7071,0
measurements,marker_series_id,candidate_universe,free_text,99,30,0,53,16,1.0,0.303,0
measurements,measurement_notes,notes,free_text,99,0,94,0,5,0.0,0.0,0
measurements,missing_data,analysis,free_text,99,70,15,0,14,0.8235,0.7071,0
measurements,multiplicity,analysis,free_text,99,60,27,0,12,0.6897,0.6061,0
measurements,null_findings,analysis,free_text,99,45,41,0,13,0.5233,0.4545,0
measurements,omics_integration,biomarkers,coded,99,67,32,0,0,0.6768,0.6768,0
measurements,platform,biomarkers,free_text,99,4,95,0,0,0.0404,0.0404,0
measurements,record_type,candidate_universe,coded,99,52,47,0,0,0.5253,0.5253,0
measurements,report_id,keys,identifier,99,99,0,0,0,1.0,1.0,0
measurements,reported_feature_count,candidate_universe,count,99,76,9,0,14,0.8941,0.7677,0
measurements,result_direction,analysis,coded,99,52,41,0,6,0.5591,0.5253,0
measurements,result_status,candidate_universe,coded,99,39,55,0,5,0.4149,0.3939,0
measurements,sample_set_ids,keys,identifier,99,17,82,0,0,0.1717,0.1717,0
measurements,source_locator,source_locator,free_text,99,0,99,0,0,0.0,0.0,0
measurements,study_id,keys,identifier,99,99,0,0,0,1.0,1.0,0
measurements,supplement_availability,candidate_universe,coded,99,65,26,0,8,0.7143,0.6566,0
measurements,supplement_sources,candidate_universe,free_text,44,1,24,1,18,0.04,0.0227,55
measurements,tested_universe,candidate_universe,free_text,99,67,20,0,12,0.7701,0.6768,0
measurements,tested_universe_n,other,count,99,72,16,0,11,0.8182,0.7273,0
measurements,tested_universe_unit,other,free_text,99,70,18,0,11,0.7955,0.7071,0
precision_validation,clinical_endpoint,validation,coded,70,44,12,0,14,0.7857,0.6286,0
precision_validation,cohort_id,keys,identifier,70,70,0,0,0,1.0,1.0,0
precision_validation,evidence_notes,notes,free_text,70,0,70,0,0,0.0,0.0,0
precision_validation,evidence_state,validation,coded,70,48,22,0,0,0.6857,0.6857,0
precision_validation,field_feasibility,validation,free_text,70,40,16,0,14,0.7143,0.5714,0
precision_validation,functional_evidence,validation,free_text,70,40,16,0,14,0.7143,0.5714,0
precision_validation,individualization,validation,free_text,70,40,16,0,14,0.7143,0.5714,0
precision_validation,intended_use,validation,coded,70,43,13,0,14,0.7679,0.6143,0
precision_validation,leakage_control,validation,free_text,70,55,1,0,14,0.9821,0.7857,0
precision_validation,linkage_subtype,validation,coded,70,26,32,0,12,0.4483,0.3714,0
precision_validation,measurement_id,keys,identifier,63,13,15,35,0,0.4643,0.2063,7
precision_validation,precision_domain,validation,coded,70,70,0,0,0,1.0,1.0,0
precision_validation,prediction_design,validation,free_text,70,48,8,0,14,0.8571,0.6857,0
precision_validation,prediction_metrics,validation,free_text,70,55,1,0,14,0.9821,0.7857,0
precision_validation,relationship_tags,validation,coded,68,21,10,0,37,0.6774,0.3088,2
precision_validation,replication,validation,free_text,70,37,19,0,14,0.6607,0.5286,0
precision_validation,report_id,keys,identifier,70,70,0,0,0,1.0,1.0,0
precision_validation,response_evidence,validation,free_text,70,40,16,0,14,0.7143,0.5714,0
precision_validation,source_locator,source_locator,free_text,70,0,67,0,3,0.0,0.0,0
precision_validation,study_id,keys,identifier,70,70,0,0,0,1.0,1.0,0
precision_validation,temporal_order,validation,free_text,70,20,36,0,14,0.3571,0.2857,0
precision_validation,validation_split,validation,coded,70,36,22,0,12,0.6207,0.5143,0
precision_validation,validation_use_subtype,validation,coded,70,47,9,0,14,0.8393,0.6714,0
report_cohort_links,cohort_id,keys,identifier,11,11,0,0,0,1.0,1.0,0
report_cohort_links,link_notes,notes,free_text,11,0,11,0,0,0.0,0.0,0
report_cohort_links,n_analyzed,population,count,11,6,5,0,0,0.5455,0.5455,0
report_cohort_links,report_id,keys,identifier,11,11,0,0,0,1.0,1.0,0
report_cohort_links,report_specific_population,population,free_text,11,0,11,0,0,0.0,0.0,0
report_cohort_links,scope_streams,eligibility,coded,11,11,0,0,0,1.0,1.0,0
report_cohort_links,study_id,keys,identifier,11,11,0,0,0,1.0,1.0,0
reports,author_stated_use,author_use_and_window_interpretation,free_text,10,0,10,0,0,0.0,0.0,0
reports,author_window_interpretation,author_use_and_window_interpretation,coded,10,6,4,0,0,0.6,0.6,0
reports,author_window_interpretation_locator,author_use_and_window_interpretation,free_text,10,0,10,0,0,0.0,0.0,0
reports,consensus_screening_decision,eligibility,coded,3,0,1,2,0,0.0,0.0,7
reports,exclusion_reason,eligibility,free_text,0,0,0,0,0,,,10
reports,immune_link,eligibility,coded,10,6,4,0,0,0.6,0.6,0
reports,inclusion_reason,eligibility,free_text,10,1,6,0,3,0.1429,0.1,0
reports,primary_fulltext_exclusion_reason,eligibility,coded,8,0,0,5,3,,0.0,2
reports,publication_status,identity,coded,10,10,0,0,0,1.0,1.0,0
reports,reviewer_notes,notes,free_text,10,0,10,0,0,0.0,0.0,0
reports,scope_stream,eligibility,coded,10,10,0,0,0,1.0,1.0,0
reports,screening_decision_reviewer_<own slot>,eligibility,free_text,9,1,3,3,2,0.25,0.1111,1
reports,source_locator,identity,free_text,10,0,10,0,0,0.0,0.0,0
reports,version_date,identity,free_text,10,2,8,0,0,0.2,0.2,0
reports,version_label,identity,free_text,10,0,10,0,0,0.0,0.0,0
sample_sets,age_sex_stratum,population,free_text,78,0,78,0,0,0.0,0.0,0
sample_sets,assay_platform,biomarkers,free_text,78,0,78,0,0,0.0,0.0,0
sample_sets,bout_id,exposure,free_text,78,50,28,0,0,0.641,0.641,0
sample_sets,bout_number,exposure,free_text,78,71,7,0,0,0.9103,0.9103,0
sample_sets,cell_context,biomarkers,free_text,78,46,32,0,0,0.5897,0.5897,0
sample_sets,circadian,sampling,free_text,78,4,74,0,0,0.0513,0.0513,0
sample_sets,cohort_id,keys,identifier,78,78,0,0,0,1.0,1.0,0
sample_sets,cointerventions,exposure,free_text,78,33,45,0,0,0.4231,0.4231,0
sample_sets,control,exposure,free_text,78,0,78,0,0,0.0,0.0,0
sample_sets,donor_count_basis,population,coded,78,31,47,0,0,0.3974,0.3974,0
sample_sets,dose,exposure,free_text,78,0,72,0,6,0.0,0.0,0
sample_sets,exercise_duration,exposure,free_text,78,40,38,0,0,0.5128,0.5128,0
sample_sets,exercise_end_definition,exposure,free_text,78,0,78,0,0,0.0,0.0,0
sample_sets,exercise_mode,exposure,free_text,78,0,78,0,0,0.0,0.0,0
sample_sets,group_condition,exposure,free_text,78,3,75,0,0,0.0385,0.0385,0
sample_sets,intensity_metric,exposure,free_text,78,31,47,0,0,0.3974,0.3974,0
sample_sets,intensity_value,exposure,free_text,78,21,57,0,0,0.2692,0.2692,0
sample_sets,intervention_phase,exposure,free_text,78,4,74,0,0,0.0513,0.0513,0
sample_sets,matrix,sampling,free_text,78,11,67,0,0,0.141,0.141,0
sample_sets,missing_data,analysis,free_text,78,27,51,0,0,0.3462,0.3462,0
sample_sets,n_aliquots,population,count,78,74,4,0,0,0.9487,0.9487,0
sample_sets,n_biological_samples,population,count,78,50,28,0,0,0.641,0.641,0
sample_sets,n_cells,population,count,78,35,43,0,0,0.4487,0.4487,0
sample_sets,n_donors,population,count,78,50,28,0,0,0.641,0.641,0
sample_sets,n_participants,population,count,78,51,27,0,0,0.6538,0.6538,0
sample_sets,n_technical_replicates,population,count,78,44,34,0,0,0.5641,0.5641,0
sample_sets,normalization,sampling,free_text,78,34,44,0,0,0.4359,0.4359,0
sample_sets,pairing_structure,population,free_text,78,0,78,0,0,0.0,0.0,0
sample_sets,participant_linkage,population,coded,78,62,16,0,0,0.7949,0.7949,0
sample_sets,preanalytics,sampling,free_text,78,0,78,0,0,0.0,0.0,0
sample_sets,repeated_sampling,population,free_text,78,0,78,0,0,0.0,0.0,0
sample_sets,report_id,keys,identifier,78,78,0,0,0,1.0,1.0,0
sample_sets,sample_notes,notes,free_text,78,0,77,1,0,0.0,0.0,0
sample_sets,sample_role,sampling,coded,78,57,21,0,0,0.7308,0.7308,0
sample_sets,source_locator,source_locator,free_text,78,0,78,0,0,0.0,0.0,0
sample_sets,study_id,keys,identifier,78,78,0,0,0,1.0,1.0,0
sample_sets,time_bin,sampling,coded,78,78,0,0,0,1.0,1.0,0
sample_sets,time_from_exercise_end_value,sampling,free_text,78,41,37,0,0,0.5256,0.5256,0
sample_sets,time_unit,sampling,free_text,78,62,16,0,0,0.7949,0.7949,0
sample_sets,timepoint_as_reported,sampling,free_text,78,14,64,0,0,0.1795,0.1795,0
sample_sets,training_load,exposure,free_text,78,21,57,0,0,0.2692,0.2692,0
sample_sets,within_organising_window,sampling,coded,78,78,0,0,0,1.0,1.0,0
study_families,cointerventions,exposure,free_text,11,5,6,0,0,0.4545,0.4545,0
study_families,design,exposure,free_text,11,0,11,0,0,0.0,0.0,0
study_families,registry_ids,identity,free_text,9,2,5,2,0,0.2857,0.2222,2
study_families,study_label,identity,free_text,11,0,11,0,0,0.0,0.0,0
study_families,study_notes,notes,free_text,11,0,11,0,0,0.0,0.0,0
study_families,training_load,exposure,free_text,11,2,9,0,0,0.1818,0.1818,0
