family,cells_compared,agree,disagree,only_B,only_C,agreement_both_filled,agreement_any_filled,coded_and_counts_only.cells_compared,coded_and_counts_only.agree,coded_and_counts_only.disagree,coded_and_counts_only.only_B,coded_and_counts_only.only_C,coded_and_counts_only.agreement_both_filled,coded_and_counts_only.agreement_any_filled
analysis,1167,331,686,0,150,0.3255,0.2836,99,52,41,0,6,0.5591,0.5253
author_use_and_window_interpretation,30,6,24,0,0,0.2,0.2,10,6,4,0,0,0.6,0.6
biomarkers,1146,452,650,0,44,0.4102,0.3944,297,204,93,0,0,0.6869,0.6869
candidate_universe,1331,635,490,63,143,0.5644,0.4771,792,430,291,0,71,0.5964,0.5429
digitization,693,577,4,0,112,0.9931,0.8326,198,162,4,0,32,0.9759,0.8182
eligibility,72,29,25,10,8,0.537,0.4028,42,27,5,7,3,0.8438,0.6429
exposure,1047,281,760,0,6,0.2699,0.2684,0,0,0,0,0,,
identity,60,14,44,2,0,0.2414,0.2333,10,10,0,0,0,1.0,1.0
keys,947,815,97,35,0,0.8936,0.8606,0,0,0,0,0,,
notes,399,83,294,1,21,0.2202,0.208,0,0,0,0,0,,
other,198,142,34,0,22,0.8068,0.7172,99,72,16,0,11,0.8182,0.7273
population,968,428,540,0,0,0.4421,0.4421,668,428,240,0,0,0.6407,0.6407
provenance,87,21,64,2,0,0.2471,0.2414,0,0,0,0,0,,
sampling,780,379,401,0,0,0.4859,0.4859,234,213,21,0,0,0.9103,0.9103
source_locator,370,4,295,11,60,0.0134,0.0108,0,0,0,0,0,,
validation,1188,710,249,0,229,0.7404,0.5976,558,335,120,0,103,0.7363,0.6004
