table,field,family,report_id,matched_rows_both_empty,candidate_reason
extraction_provenance,adjudication,provenance,PILOT-R19,1,unflagged: D to classify (not extractable from text / manual unclear / not attempted)
extraction_provenance,adjudication,provenance,PILOT-R56,1,unflagged: D to classify (not extractable from text / manual unclear / not attempted)
extraction_provenance,adjudication,provenance,PILOT-R59,1,unflagged: D to classify (not extractable from text / manual unclear / not attempted)
measurements,candidate_source_locator,source_locator,PILOT-R01,2,unflagged: D to classify (not extractable from text / manual unclear / not attempted)
measurements,candidate_source_locator,source_locator,PILOT-R03,1,unflagged: D to classify (not extractable from text / manual unclear / not attempted)
measurements,candidate_source_locator,source_locator,PILOT-R61,2,unflagged: D to classify (not extractable from text / manual unclear / not attempted)
measurements,feature_universe_locator,source_locator,PILOT-R01,1,unflagged: D to classify (not extractable from text / manual unclear / not attempted)
measurements,feature_universe_locator,source_locator,PILOT-R03,2,unflagged: D to classify (not extractable from text / manual unclear / not attempted)
measurements,feature_universe_locator,source_locator,PILOT-R12,23,unflagged: D to classify (not extractable from text / manual unclear / not attempted)
measurements,feature_universe_locator,source_locator,PILOT-R42,34,unflagged: D to classify (not extractable from text / manual unclear / not attempted)
measurements,feature_universe_locator,source_locator,PILOT-R46,6,unflagged: D to classify (not extractable from text / manual unclear / not attempted)
measurements,feature_universe_locator,source_locator,PILOT-R61,4,unflagged: D to classify (not extractable from text / manual unclear / not attempted)
measurements,supplement_sources,candidate_universe,PILOT-R03,4,unflagged: D to classify (not extractable from text / manual unclear / not attempted)
measurements,supplement_sources,candidate_universe,PILOT-R12,17,unflagged: D to classify (not extractable from text / manual unclear / not attempted)
measurements,supplement_sources,candidate_universe,PILOT-R42,34,unflagged: D to classify (not extractable from text / manual unclear / not attempted)
precision_validation,measurement_id,keys,PILOT-R19,7,unflagged: D to classify (not extractable from text / manual unclear / not attempted)
precision_validation,relationship_tags,validation,PILOT-R19,2,unflagged: D to classify (not extractable from text / manual unclear / not attempted)
reports,consensus_screening_decision,eligibility,PILOT-R01,1,unflagged: D to classify (not extractable from text / manual unclear / not attempted)
reports,consensus_screening_decision,eligibility,PILOT-R03,1,unflagged: D to classify (not extractable from text / manual unclear / not attempted)
reports,consensus_screening_decision,eligibility,PILOT-R12,1,unflagged: D to classify (not extractable from text / manual unclear / not attempted)
reports,consensus_screening_decision,eligibility,PILOT-R42,1,unflagged: D to classify (not extractable from text / manual unclear / not attempted)
reports,consensus_screening_decision,eligibility,PILOT-R56,1,unflagged: D to classify (not extractable from text / manual unclear / not attempted)
reports,consensus_screening_decision,eligibility,PILOT-R59,1,unflagged: D to classify (not extractable from text / manual unclear / not attempted)
reports,consensus_screening_decision,eligibility,PILOT-R62,1,unflagged: D to classify (not extractable from text / manual unclear / not attempted)
reports,exclusion_reason,eligibility,PILOT-R01,1,unflagged: D to classify (not extractable from text / manual unclear / not attempted)
reports,exclusion_reason,eligibility,PILOT-R03,1,unflagged: D to classify (not extractable from text / manual unclear / not attempted)
reports,exclusion_reason,eligibility,PILOT-R12,1,unflagged: D to classify (not extractable from text / manual unclear / not attempted)
reports,exclusion_reason,eligibility,PILOT-R19,1,unflagged: D to classify (not extractable from text / manual unclear / not attempted)
reports,exclusion_reason,eligibility,PILOT-R42,1,unflagged: D to classify (not extractable from text / manual unclear / not attempted)
reports,exclusion_reason,eligibility,PILOT-R46,1,unflagged: D to classify (not extractable from text / manual unclear / not attempted)
reports,exclusion_reason,eligibility,PILOT-R56,1,unflagged: D to classify (not extractable from text / manual unclear / not attempted)
reports,exclusion_reason,eligibility,PILOT-R59,1,unflagged: D to classify (not extractable from text / manual unclear / not attempted)
reports,exclusion_reason,eligibility,PILOT-R61,1,unflagged: D to classify (not extractable from text / manual unclear / not attempted)
reports,exclusion_reason,eligibility,PILOT-R62,1,unflagged: D to classify (not extractable from text / manual unclear / not attempted)
reports,primary_fulltext_exclusion_reason,eligibility,PILOT-R12,1,unflagged: D to classify (not extractable from text / manual unclear / not attempted)
reports,primary_fulltext_exclusion_reason,eligibility,PILOT-R62,1,unflagged: D to classify (not extractable from text / manual unclear / not attempted)
reports,screening_decision_reviewer_<own slot>,eligibility,PILOT-R01,1,unflagged: D to classify (not extractable from text / manual unclear / not attempted)
study_families,registry_ids,identity,PILOT-R01,1,unflagged: D to classify (not extractable from text / manual unclear / not attempted)
study_families,registry_ids,identity,PILOT-R03,1,unflagged: D to classify (not extractable from text / manual unclear / not attempted)
