table,report_id,rows_B,rows_C
reports,PILOT-R01,1,1
reports,PILOT-R03,1,1
reports,PILOT-R12,1,1
reports,PILOT-R19,1,1
reports,PILOT-R42,1,1
reports,PILOT-R46,1,1
reports,PILOT-R56,1,1
reports,PILOT-R59,1,1
reports,PILOT-R61,1,1
reports,PILOT-R62,1,1
report_cohort_links,PILOT-R01,1,1
report_cohort_links,PILOT-R03,1,1
report_cohort_links,PILOT-R12,1,1
report_cohort_links,PILOT-R19,1,1
report_cohort_links,PILOT-R42,1,1
report_cohort_links,PILOT-R46,1,1
report_cohort_links,PILOT-R56,2,2
report_cohort_links,PILOT-R59,1,1
report_cohort_links,PILOT-R61,1,1
report_cohort_links,PILOT-R62,1,1
sample_sets,PILOT-R01,10,6
sample_sets,PILOT-R03,4,4
sample_sets,PILOT-R12,24,38
sample_sets,PILOT-R19,57,14
sample_sets,PILOT-R42,15,20
sample_sets,PILOT-R46,7,7
sample_sets,PILOT-R56,8,8
sample_sets,PILOT-R59,4,10
sample_sets,PILOT-R61,2,2
sample_sets,PILOT-R62,24,8
measurements,PILOT-R01,12,13
measurements,PILOT-R03,4,5
measurements,PILOT-R12,29,24
measurements,PILOT-R19,14,18
measurements,PILOT-R42,39,35
measurements,PILOT-R46,7,45
measurements,PILOT-R56,9,7
measurements,PILOT-R59,16,22
measurements,PILOT-R61,7,62
measurements,PILOT-R62,10,37
precision_validation,PILOT-R01,14,7
precision_validation,PILOT-R03,14,7
precision_validation,PILOT-R12,28,14
precision_validation,PILOT-R19,7,7
precision_validation,PILOT-R42,21,14
precision_validation,PILOT-R46,7,7
precision_validation,PILOT-R56,14,14
precision_validation,PILOT-R59,28,7
precision_validation,PILOT-R61,7,7
precision_validation,PILOT-R62,21,7
extraction_provenance,PILOT-R01,1,1
extraction_provenance,PILOT-R03,1,1
extraction_provenance,PILOT-R12,1,1
extraction_provenance,PILOT-R19,1,1
extraction_provenance,PILOT-R42,1,1
extraction_provenance,PILOT-R46,1,1
extraction_provenance,PILOT-R56,1,1
extraction_provenance,PILOT-R59,1,1
extraction_provenance,PILOT-R61,1,1
extraction_provenance,PILOT-R62,1,1
