record_id,title,journal,year,pmid,doi,content_hint,candidate_pmid,candidate_title,candidate_journal,candidate_year,match_score,candidate_in_pool,candidate_pool_disposition,note
FS-003539,"36th International Symposium on Intensive Care and Emergency Medicine : Brussels, Belgium. 15-18 March 2016.","Critical care (London, England)",2016,27885969,10.1186/s13054-016-1208-6,exercise+immune,,,,,,,,"Single records_master row is a full symposium abstract book (36th Intl Symposium on Intensive Care and Emergency Medicine, ~80,000 chars, hundreds of pooled ICU/critical-care sub-abstracts). The exercise+immune hint fired only on one unrelated sub-abstract ('spectrum of cycling injuries') plus scattered sepsis/immunology sub-abstracts elsewhere in the compendium — likely a hint false-positive at the whole-document level, and not a single traceable study. No PubMed candidate found (expected: this is a proceedings issue, not an individual paper)."
FS-005212,Exercise-induced anaphylaxis.,New England and regional allergy proceedings,1988,3412289,10.2500/108854188779023441,exercise+immune,1406167,Exercise-induced anaphylaxis.,Medicine and science in sports and exercise,1992,1.0,no,,"Abstract describes exercise-induced anaphylaxis (clinical allergic/immunologic reaction following exercise). PubMed esearch found an exact-title match (ratio 1.0) by the same first author (Sheffer) in Medicine and Science in Sports and Exercise, 1992 (4 years after this record) — plausible expanded/republished report of the same clinical observations; not currently in the review pool."
FS-007401,Mediators of hypersensitivity in exercise-induced asthma.,European journal of respiratory diseases. Supplement,1983,6352303,,exercise+immune,,,,,,,,"Abstract discusses neutrophil chemotactic factor (NCF) release after an exercise task in asthmatic subjects — on-topic. No PubMed hits for the title-phrase+author+date search; may never have been expanded into a separate full paper, or the full paper uses a different title not captured by this search."
FS-007571,Exercise and immunology.,Medicine and science in sports and exercise,1994,8164528,10.1249/00005768-199402000-00001,exercise+immune,,,,,,,,"Abstract is a general narrative on exercise effects on host defense (MSSE, 1994). No PubMed hits under the search constraints."
FS-011458,Effect of acture intense submaximal exercise on level of immunoglobulins on Indian athletes,FASEB Journal,1997,,,exercise+immune,,,,,,,,FASEB J 1997 meeting abstract (immunoglobulin response to submaximal cycle-ergometer exercise). No PubMed hits under the search constraints; title contains a spelling slip ('acture' for 'acute') which may also reduce phrase-search recall.
FS-011486,Expression of lymphocyte subsets after exercise and dexamethasone in high and low responders,FASEB Journal,1997,,,exercise+immune,,,,,,,,"FASEB J 1997 meeting abstract (lymphocyte subsets, exercise + dexamethasone, HPA-axis responders). No PubMed hits under the search constraints."
FS-011491,Secretory component is not responsible for decreased transport of IgA across the epithelial membranes after a physical stress,FASEB Journal,1997,,,exercise+immune,,,,,,,,FASEB J 1997 meeting abstract (salivary IgA secretory component after physical stress). No PubMed hits under the search constraints.
FS-011564,Activated γδ T cells in bronchoalveolar lavage following severe exercise,FASEB Journal,1998,,,exercise+immune,,,,,,,,FASEB J 1998 meeting abstract (gamma-delta T cells in bronchoalveolar lavage after severe exercise). No PubMed hits under the search constraints.
FS-011826,Influence of level of dietary lipids and exercise on immune status in athletes,FASEB Journal,1996,,,exercise+immune,,,,,,,,"FASEB J 1996 meeting abstract (dietary lipids, exercise, cellular immune responses in runners). No PubMed hits under the search constraints."
FS-012469,"Diet, exercise and gut mucosal immunity",PROCEEDINGS OF THE NUTRITION SOCIETY,2010,,10.1017/s0029665110002533,exercise+immune,,,,,,,,"Proceedings of the Nutrition Society, 2010 (diet, exercise and gut mucosal immunity). No PubMed hits under the search constraints."
FS-012839,PRACTICAL CHALLENGES,CURRENT OPINION IN CARDIOLOGY,1994,,10.1097/00001573-199407000-00004,exercise+immune,,,,,,,,"Abstract is a cardiology case-discussion report (heart-failure diagnosis); the exercise+immune hint fired on 'exercise test' (cardiac stress test, not an exercise-immunology bout) plus a passing mention of avoiding anti-inflammatory drugs — likely a hint false-positive. PubMed search returned candidates but none met the acceptance threshold (title ratio < 0.6 and no author+shared-word match)."
FS-001753,"Proceedings of the 7th European Congress on Reproductive Immunology. Marathon, Greece. September 17-20, 2009.",Journal of reproductive immunology,2010,20648700,,other,,,,,,,,"Congress proceedings title page (7th European Congress on Reproductive Immunology); abstract field empty in records_master; title phrase 'Marathon, Greece' is the conference venue, not an exercise bout — content_hint defaults to other because there is no abstract text to evaluate."
FS-005211,Exercise-induced Bronchospasm Symposium (Transpacific Allergy/Immunology Society--Tokyo). Proceedings.,New England and regional allergy proceedings,1988,3412288,,other,,,,,,,,"Exercise-induced Bronchospasm Symposium (Transpacific Allergy/Immunology Society, Tokyo); abstract field empty in records_master (both B and C notes flag 'empty abstract') — content_hint defaults to other because there is no abstract text to evaluate, even though the title itself is on-topic."
FS-011517,On the role of PGD2 metabolites as markers of mast cell activation in asthma,"Acta Physiologica Scandinavica, Supplement",1999,10352758,,other,,,,,,,,Abstract concerns PGD2 metabolites as mast-cell-activation markers in asthma; no exercise bout/race/match/test term found in the abstract text — content_hint = other per the mechanical rule.
