pmid,year,title
21210861,2011,The role of pro-inflammatory and immunoregulatory cytokines in tendon healing and rupture: new insights.
14684843,2004,A post genomic characterization of Arabidopsis ferredoxins.
40969328,2025,Integrating BERT pre-training with graph common neighbours for predicting ceRNA interactions.
26654974,2016,Urinary paraben concentrations and in vitro fertilization outcomes among women from a fertility clinic.
30292295,2018,Towards enhanced metabolomic data analysis of mass spectrometry image: Multivariate Curve Resolution and Machine Learning.
25492526,2015,Selection of autochthonous strains as starter cultures for fermented fish products.
34589052,2021,Serum Irisin as a Potential Biomarker for Cognitive Decline in Vascular Dementia.
21916626,2011,Molecular mapping of hypersensitive resistance from tomato 'Hawaii 7981' to Xanthomonas perforans race T3.
42584680,2026,Evidence-based lifestyle guidance can complement radiological protection - reducing radiation-related cancer risk through lifestyle modification.
40700635,2025,Fusion oncoproteins and cooperating mutations define disease phenotypes in NUP98-rearranged leukemia.
39749543,2025,National Action Plan for the prevention and control of snakebite envenoming in India: strategies and challenges.
38847308,2024,"Exploring of N-phthalimide-linked 1,2,3-triazole analogues with promising -anti-SARS-CoV-2 activity: synthesis, biological screening, and molecular modelling studies."
18670735,2008,Abatacept: a T-cell co-stimulation modulator for the treatment of rheumatoid arthritis.
33119754,2021,HeRA: an atlas of enhancer RNAs across human tissues.
19623106,2009,[Pharmacological treatment of hyperinflation].
30312478,2019,Security of Separated Data in Cloud Systems with Competing Attack Detection and Data Theft Processes.
36749120,2023,Divergent Outcomes of Direct Conspecific Pathogen Strain Interaction and Plant Co-Infection Suggest Consequences for Disease Dynamics.
2901419,1988,Transcriptional regulation of the leukocyte adherence protein beta subunit during human myeloid cell differentiation.
22713223,2012,[Indication for adrenalin autoinjector after anaphylaxis].
22985537,2012,Identification of a support vector machine-based biomarker panel with high sensitivity and specificity for nonalcoholic steatohepatitis.
16973216,2007,Effects of AraC treatment on motor coordination and cerebellar cytoarchitecture in the adult rat. A possible protective role of NAC.
2444437,1987,Cultured Ito cells of rat liver express the alpha 2-macroglobulin gene.
21430531,2011,Prophylactic swallowing exercises for patients receiving radiotherapy for head and neck cancer.
25196751,2014,25-Gauge vitrectomy.
30463042,2019,Transcriptional responses to low-salinity stress in the gills of adult female Portunus trituberculatus.
24932442,2014,Impact of local anaesthetics and needle calibres used for painless PRP injections on platelet functionality.
21871753,2011,Simple and rapid analysis of methyldibromo glutaronitrile in cosmetic products by gas chromatography mass spectrometry.
20113448,2010,Development and validation of a SYBR Green I-based real-time polymerase chain reaction method for detection of haptoglobin gene deletion in clinical materials.
38023698,2023,Deep learning-based multimodal fusion network for segmentation and classification of breast cancers using B-mode and elastography ultrasound images.
24391500,2014,Inflammation fuels colicin Ib-dependent competition of Salmonella serovar Typhimurium and E. coli in enterobacterial blooms.
42682915,2026,Effects of dietary supplementation with probiotics and their cell-free supernatants on the growth performance and microbial safety of mealworms (Tenebrio molitor).
15904922,2006,The relationship between body fat and C-reactive protein in middle-aged Korean population.
19774642,2010,Does psychological counseling alter the natural history of inflammatory bowel disease?
31283983,2019,Accelerated post traumatic osteoarthritis in a dual injury murine model.
31503069,2019,Piperlongumine produces antidepressant-like effects in rats exposed to chronic unpredictable stress.
23242976,2013,Trapeziometacarpal joint arthritis.
29379487,2017,RNase III-Binding-mRNAs Revealed Novel Complementary Transcripts in Streptomyces.
15211020,2004,Neighborhood-level influences on physical activity among older adults: a multilevel analysis.
23613536,2013,Novel role for thioredoxin reductase-2 in mitochondrial redox adaptations to obesogenic diet and exercise in heart and skeletal muscle.
25662592,2015,"Safety, potential efficacy, and pharmacokinetics of specific polyclonal immunoglobulin F(ab')₂ fragments against avian influenza A (H5N1) in healthy volunteers: a single-centre, randomised, double-blind, placebo-controlled, phase 1 study."
6207824,1983,"Expression of the cDNA for alpha 1-acid glycoprotein, a rat plasma protein, in Escherichia coli."
40302791,2025,Effects of Exercise Intensity and Time on Efficacy of Paclitaxel and Doxorubicin and Immune Microenvironment in the 4T1 Breast Cancer Model.
30067113,2018,Lactoferrin-decorated vs PEGylated zein nanospheres for combined aromatase inhibitor and herbal therapy of breast cancer.
39376657,2024,Current knowledge and scientific trends in myokines and exercise research in the context of obesity.
29361104,2018,Sports Participation in Youth With Inflammatory Bowel Diseases: The Role of Disease Activity and Subjective Physical Health Symptoms.
7487008,1995,Use of a fluorogenic probe in a PCR-based assay for the detection of Listeria monocytogenes.
24670775,2014,A novel artificial microRNA expressing AAV vector for phospholamban silencing in cardiomyocytes improves Ca2+ uptake into the sarcoplasmic reticulum.
42559809,2026,Endometrial cells with high ALDH activity contribute to uterine development and regeneration.
25745108,2015,Trans-sulfuration Pathway Seleno-amino Acids Are Mediators of Selenomethionine Toxicity in Saccharomyces cerevisiae.
36715410,2023,A Heterotopic Mouse Model for Studying Laryngeal Transplantation.
27692560,2016,Intake of different types of dairy and its prospective association with risk of type 2 diabetes: The Rotterdam Study.
38993579,2024,Effects of Intravenously Administered Plasma from Exercise-Trained Donors on Microglia and Cytokines in a Transgenic Rat Model of Alzheimer's Disease.
9835358,1998,"Human zona pellucida glycoproteins: characterization using antibodies against recombinant non-human primate ZP1, ZP2 and ZP3."
11472752,2001,"Plasma insulin, leptin, and soluble TNF receptors levels in relation to obesity-related atherogenic and thrombogenic cardiovascular disease risk factors among men."
9891705,1998,Ankylosing spondylitis. Clinical features.
11224737,2001,"Epidemiology, etiology, diagnostic evaluation, and treatment of low back pain."
37239159,2023,Influence of Chronic Fatigue Syndrome Codiagnosis on the Relationship between Perceived and Objective Psychoneuro-Immunoendocrine Disorders in Women with Fibromyalgia.
27935072,2017,Physical exercise in myasthenia gravis is safe and improves neuromuscular parameters and physical performance-based measures: A pilot study.
36577448,2023,Automatic recognition of protein subcellular location patterns in single cells from immunofluorescence images based on deep learning.
21782234,2011,3D in vitro bioengineered tumors based on collagen I hydrogels.
18655218,2008,Development of a simultaneous liquid-liquid extraction and chiral derivatization method for stereospecific GC-MS analysis of amphetamine-type stimulants in human urine using fractional factorial design.
26147366,2015,"Indoleamine 2,3-dioxygenase depletes tryptophan, activates general control non-derepressible 2 kinase and down-regulates key enzymes involved in fatty acid synthesis in primary human CD4+ T cells."
35184167,2022,Long-Term Trajectories of Frailty and Its Components After Kidney Transplantation.
42102036,2026,"Effects of Ketogenic Diet on Behavioral, Metabolic, and Peripheral Tissue Changes in a Propylthiouracil-Induced Hypothyroidism Model."
37104865,2023,"Trading Symmetry for Stereoinduction in Tetradentate, non-C(2) -Symmetric Fe(II)-Complexes for Asymmetric Catalysis."
7860596,1995,Kinetic limitation and cellular amount of pyridoxine (pyridoxamine) 5'-phosphate oxidase of Escherichia coli K-12.
31606734,2020,Weight Gain Following Initiation of Antiretroviral Therapy: Risk Factors in Randomized Comparative Clinical Trials.
18252725,2008,Transcriptional Regulation of SDHa flavoprotein by nuclear respiratory factor-1 prevents pseudo-hypoxia in aerobic cardiac cells.
23155222,2013,Individualised aerobic and resistance exercise training improves cardiorespiratory fitness and reduces cardiovascular risk in patients with rheumatoid arthritis.
18957521,2008,Hematopoietic malignancies associated with viral and alcoholic hepatitis.
28873633,2018,Metabolomics for organic food authentication: Results from a long-term field study in carrots.
38054976,2023,Water Microdroplets-Initiated Methane Oxidation.
26132213,2015,Trends and determinants of gastric bacterial colonization of preterm neonates in a NICU setting.
32086778,2020,"Topical Diclofenac, an Efficacious Treatment for Osteoarthritis: A Narrative Review."
39461651,2024,Preparation and characterization of moringin-loaded chitosan-coated liposomes and their antibacterial activity against Staphylococcus aureus.
35464968,2022,Two Type VI Secretion DNase Effectors are Utilized for Interbacterial Competition in the Fish Pathogen Pseudomonas plecoglossicida.
39924706,2025,Eight weeks of resistance exercise improves mood state and intestinal permeability in healthy adults: A randomized controlled trial.
29581527,2018,Identification of an Arg-Leu-Arg tripeptide that contributes to the binding interface between the cytokine MIF and the chemokine receptor CXCR4.
42158295,2026,"Exercise as a preventive and therapeutic strategy for non-communicable diseases in people living with HIV: evidence, mechanisms and clinical implications."
41327328,2025,Perception of simulation-based training as a replacement for clinical practice training among pre-licensure nursing students: a qualitative study.
39893598,2025,[Advanced technologies and innovative approaches in neuromusculoskeletal rehabilitation].
12052024,2002,"Unsafe sex, substance abuse, and domestic violence: how do recently trained obstetricians-gynecologists fare at lifestyle risk assessment and counseling on STD prevention?"
22766902,2013,"A study of school adjustment, self-concept, self-esteem, general wellbeing and parent child relationship in Juvenile Idiopathic Arthritis."
14980816,2004,Bioactive polysaccharides from the stems of the Thai medicinal plant Acanthus ebracteatus: their chemical and physical features.
37144060,2023,Editorial: Insights in cardiovascular therapeutics 2022-cardiovascular innate immunity.
39539127,2024,Implementation of Immunization Services Through a Pediatric Urgent Care Clinic.
41765275,2026,"Co-expression pattern of CD8, CXCR5 and CXCL13 in tumor microenvironment predicts favorable efficacy of immunotherapy in lung adenocarcinoma."
36648121,2023,Risk Factors for Pediatric Sepsis in the Emergency Department: A Machine Learning Pilot Study.
36324352,2022,How Do Pediatricians Diagnose Asthma in Tertiary Care Hospitals?
27255567,2016,A multi-layer microchip for high-throughput single-cell gene expression profiling.
42504065,2026,Assessment of Major Adverse Cardiovascular Event Across Diverse Racial Groups of Psoriasis Patients on Biologic Therapy: A Retrospective Cohort Study.
34744972,2021,Evolution of Blood-Brain Barrier Permeability in Subacute Ischemic Stroke and Associations With Serum Biomarkers and Functional Outcome.
39433719,2025,Enhancing Preoperative Diagnosis Accuracy of Stage III Gastric Cancer with Circulating circRNAs.
26816752,2014,Androgen deficiency and metabolic syndrome in men.
33910450,2021,Development of molecular tools for diagnosis of Alzheimer's disease that are based on detection of amyloidogenic proteins.
8646334,1996,Preparative separation of pyrrolizidine alkaloids by high-speed counter-current chromatography.
27980868,2016,"Clinical Manifestation, Histopathology, and Imaging of Traumatic Injuries Caused by Brazilian Porcupine (Sphiggurus villosus) Quills."
35963510,2022,Physical exercise regulates apoptosis and prostatic inflammatory effects induced by high-fat diet in PPAR-alpha deleted mice.
30572928,2018,"Mechanical suppression of osteolytic bone metastases in advanced breast cancer patients: a randomised controlled study protocol evaluating safety, feasibility and preliminary efficacy of exercise as a targeted medicine."
32036295,2020,From gut to glutes: The critical role of niche signals in the maintenance and renewal of adult stem cells.
32918589,2020,Genetic mapping of Fusarium wilt resistance in a wild banana Musa acuminata ssp. malaccensis accession.
3510667,1986,Maturation and secretion of lipoprotein lipase in cultured adipose cells. II. Effects of tunicamycin on activation and secretion of the enzyme.
34711670,2021,The Metabolic Significance of Intermuscular Adipose Tissue: Is IMAT a Friend or a Foe to Metabolic Health?
26357050,2014,GECC: Gene Expression Based Ensemble Classification of Colon Samples.
40859216,2025,Differential gene expression and immune profiling in Parkinson's disease: unveiling potential candidate biomarkers.
3035010,1987,Characterization of dual-reactive H-2Kb-restricted anti-vesicular stomatitus virus and alloreactive cytotoxic T cells.
39863868,2025,Blood-based epigenome-wide association study and prediction of alcohol consumption.
22539933,2012,Dark matter RNA: an intelligent scaffold for the dynamic regulation of the nuclear information landscape.
35800297,2022,Clinical and radiomics prediction of complete response in rectal cancer pre-chemoradiotherapy.
27147989,2016,"Activity of D1/2 Receptor Expressing Neurons in the Nucleus Accumbens Regulates Running, Locomotion, and Food Intake."
8723966,1996,Growth of vestibular schwannomas: in situ model employing the monoclonal antibody Ki-67 and DNA flow cytometry.
31434736,2019,"Noda-Like RNA Viruses Infecting Caenorhabditis Nematodes: Sympatry, Diversity, and Reassortment."
14513555,2003,Gene-specific monitoring of T7-based RNA amplification by real-time quantitative PCR.
34276342,2021,Circulating CircRNAs Panel Acts as a Biomarker for the Early Diagnosis and Severity of Parkinson's Disease.
15167015,2004,"Exercise, stress, and inflammation in the growing child: from the bench to the playground."
38515569,2024,Cytotoxic response of tumor-infiltrating lymphocytes of head and neck cancer slice cultures under mitochondrial dysfunction.
38397950,2024,Cutaneous Redox Senescence.
31588327,2019,"Bio-inspired synthesis of xishacorenes A, B, and C, and a new congener from fuscol."
34288568,2021,Depression accelerates gastric cancer invasion and metastasis by inducing a neuroendocrine phenotype via the catecholamine/β(2) -AR/MACC1 axis.
26244128,2015,The effect of physical activity on serum IL-6 and vaspin levels in late elementary school children.
32681232,2020,Specificity of 3D MSC Spheroids Microenvironment: Impact on MSC Behavior and Properties.
42049829,2026,Neighborhood socioeconomic deprivation and physical activity associate with extracellular vesicle size and cargo in a community-based cohort of women.
26575410,2016,A curious case of resistance to a new encounter pathogen: myrtle rust in Australia.
40426257,2025,scE2EGAE: enhancing single-cell RNA-Seq data analysis through an end-to-end cell-graph-learnable graph autoencoder with differentiable edge sampling.
35466198,2022,Newborn Screen for X-Linked Adrenoleukodystrophy Using Flow Injection Tandem Mass Spectrometry in Negative Ion Mode.
10921464,2000,Urinary eosinophil protein X in children: the relationship to asthma and atopy and normal values.
20549811,2010,Effects of hydrolyzed Chlorella vulgaris by malted barley on the immunomodulatory response in ICR mice and in Molt-4 cells.
19651126,2010,Cloning and molecular characterization of the glucose transporter 1 in tilapia (Oreochromis niloticus).
36157953,2022,The Distribution of Match Physical Activities Relative to the Most Demanding Scenarios in Professional Basketball Players.
37409816,2023,Development of monoclonal antibody-based blocking ELISA for detecting SARS-CoV-2 exposure in animals.
39461018,2024,Quantification of Epoxyeicosatrienoic acids Enantiomers: The development of reliable and practical liquid chromatography mass Spectrometry assay.
2825400,1987,"Clinical effects, virological and serological responses in chickens following in-ovo inoculation of reticuloendotheliosis virus."
37745574,2025,Machine Learning-Guided Differentiation Therapy Targets Cancer Stem Cells in Colorectal Cancers.
36797623,2023,Comparative Evaluation of COVID-19 Associated Mucormycosis (CAM) and Non-COVID-19-associated Mucormycosis (non-CAM).
34062221,2021,Bee venom Apis mellifera lamarckii rescues blood brain barrier damage and neurobehavioral changes induced by methyl mercury via regulating tight junction proteins expression in rat cerebellum.
41602020,2025,Combined association between dietary inflammatory index-related dietary patterns and physical activity with frailty in Chinese older adults: findings from a cross-sectional.
34342523,2022,Outreach Medicine as an Experiential Teaching Tool to Improve Veterinary Student and Client Education.
26639727,2015,Pharmaceutical counseling: Between evidence-based medicine and profits.
27619634,2016,A novel tool for stable nitrogen isotope analysis in aqueous samples.
28966065,2018,Involvement of neuronal and glial activities in control of the extracellular d-serine concentrations by the AMPA glutamate receptor in the mouse medial prefrontal cortex.
31425832,2019,Biochemical and biological characterization of the Hypanus americanus mucus: A perspective on stingray immunity and toxins.
38132269,2023,Immunohistochemical Stain-Aided Annotation Accelerates Machine Learning and Deep Learning Model Development in the Pathologic Diagnosis of Nasopharyngeal Carcinoma.
38699518,2024,Challenges and solutions to system-wide use of precision oncology as the standard of care paradigm.
25475010,2015,Cross-comparison of diet quality indices for predicting chronic disease risk: findings from the Observation of Cardiovascular Risk Factors in Luxembourg (ORISCAV-LUX) study.
40729912,2025,Potential effects of PFAS exposure on trained immunity: From mechanisms to health risks.
23043810,2012,Effect of pain management on immunization efficacy in mice.
42626590,2026,The stress-fascia-pain axis in myofascial pain syndrome: a mechanistic integrative review and conceptual synthesis.
23050762,2012,iTRAQ-based quantitative protein expression profiling and MRM verification of markers in type 2 diabetes.
38696239,2024,Predicting metabolic modules in incomplete bacterial genomes with MetaPathPredict.
26604850,2015,Cachexia Index in Advanced Non-Small-Cell Lung Cancer Patients.
38740736,2024,IL-17a promotes hepatocellular carcinoma by increasing FAP expression in hepatic stellate cells via activation of the STAT3 signaling pathway.
33373191,2021,Rare Earth Elements Lanthanum and Praseodymium Adversely Affect Neural and Cardiovascular Development in Zebrafish (Danio rerio).
31351529,2019,Mycotoxins in food and feed.
33562791,2021,Advances in Membranous Nephropathy.
37465171,2023,Diagnostics of inflammaging in relation to sarcopenia.
41539608,2026,Adaptive smart hydrogels driving precision bone healing in pathological contexts.
19834027,2010,"Restricted localization of ponli, a novel zebrafish MAGUK-family protein, to the inner segment interface areas between green, red, and blue cones."
22093140,2011,"Prevalence and predictors of kaposi sarcoma herpes virus seropositivity: a cross-sectional analysis of HIV-infected adults initiating ART in Johannesburg, South Africa."
18059612,2007,Skeletal muscle adaptation to fatty acid depends on coordinated actions of the PPARs and PGC1 alpha: implications for metabolic disease.
37626597,2023,"A Holistic Approach to Hard-to-Treat Cancers: The Future of Immunotherapy for Glioblastoma, Triple Negative Breast Cancer, and Advanced Prostate Cancer."
42719698,2026,Dynamic remodeling of the tumor immune microenvironment: immunometabolic regulatory networks of astragalus polysaccharides and astragaloside IV.
7973476,1994,Effects of strength training on neuromuscular function and disease activity in patients with recent-onset inflammatory arthritis.
31152478,2019,Disease progression in paediatric- and adult-onset sclerosing cholangitis: Results from two independent Dutch registries.
23110988,2013,Weight loss and Alzheimer's disease: temporal and aetiologic connections.
42019321,2026,Exercise Reverses Mental Stress-Induced Vascular Inflammation and Builds Stress Resilience.
17512215,2007,Traditional and novel risk factors for clinically diagnosed abdominal aortic aneurysm: the Kaiser multiphasic health checkup cohort study.
18997033,2009,Abundance and activity of methanotrophic bacteria in littoral and profundal sediments of lake constance (Germany).
40674310,2025,"Immunohistochemistry guided segmentation of benign epithelial cells, in situ lesions, and invasive epithelial cells in breast cancer slides."
12005401,2002,Axonal regeneration after cold preservation of nerve allografts and immunosuppression with tacrolimus in mice.
35504036,2022,Apoptosis-related genes-based prognostic signature for osteosarcoma.
39086177,2024,Effects of combined aerobic and resistance training on the inflammatory profile of children with overweight/obesity: A randomized clinical trial.
23283788,2013,Application of polymeric surfactants in chiral micellar electrokinetic chromatography (CMEKC) and CMEKC coupled to mass spectrometry.
42579357,2026,Accelerated Epigenetic Aging in Diabetes: Socio-Biological Pathways of Health Inequity.
40234005,2025,The impact of dosage timing for inhaled corticosteroids in asthma: a randomised three-way crossover trial.
37875144,2023,"Neoadjuvant cemiplimab and surgery for stage II-IV cutaneous squamous-cell carcinoma: follow-up and survival outcomes of a single-arm, multicentre, phase 2 study."
25449795,2014,Antidepressant-like activity of dehydrozingerone: involvement of the serotonergic and noradrenergic systems.
1372060,1992,Recent developments in the understanding of bradykinin receptors.
23494074,2007,Utility and versatility of extracellular recordings from the cockroach for neurophysiological instruction and demonstration.
38850551,2024,More than the clock: distinct regulation of muscle function and metabolism by PER2 and RORα.
15076247,2004,Prevalence of chemokine and chemokine receptor polymorphisms in seroprevalent children with symptomatic HIV-1 infection in the United States.
29249895,2017,"Personality and Body Weight: Mechanisms, Longitudinal Associations and Context."
18718471,2008,"Randomized, placebo-controlled trial of pioglitazone in nondiabetic subjects with nonalcoholic steatohepatitis."
14316940,1965,"ON THE ACTION OF COLCHICINE, THE MELANOCYTE MODEL."
24663495,2014,Automation of o-dianisidine assay for ceruloplasmin activity analyses: usefulness of investigation in Wilson's disease and in hepatic encephalopathy.
37896912,2023,Assessment of Equine Influenza Virus Status in the Republic of Korea from 2020 to 2022.
29882092,2018,Why AMPK agonists not known to be stressors may surprisingly contribute to miscarriage or hinder IVF/ART.
33472276,2021,The diterpene Manool extracted from Salvia tingitana lowers free radical production in retinal rod outer segments by inhibiting the extramitochondrial F(1) F(o) ATP synthase.
19466582,2009,Association of C-reactive protein and muscle strength in the English Longitudinal Study of Ageing.
40625639,2025,Antigen avidity drives the durability of the vaccine immune response.
19297594,2009,High sensitivity and specificity of acid-fast microscopy for diagnosis of pulmonary tuberculosis in an African population with a high prevalence of human immunodeficiency virus.
26312839,2015,Targeting indirect pathway CD4 T-cell alloresponses in the prevention of chronic transplant rejection.
25476825,2015,Inhibition of autophagy recovers cardiac dysfunction and atrophy in response to tail-suspension.
36992222,2023,COVID-19 Vaccine Booster Hesitancy in Malaysia: A Web-Based Cross-Sectional Study.
433586,1979,"Morphological studies of the spleen in idiopathic portal hypertension (so-called Banti's syndrome without liver cirrhosis) using light microscopy, scanning electron microscopy and histometry."
18222522,2008,Could polyphosphate-accumulating organisms (PAOs) be glycogen-accumulating organisms (GAOs)?
28174233,2017,Circular RNA ciRS-7-A Promising Prognostic Biomarker and a Potential Therapeutic Target in Colorectal Cancer.
11735658,2001,Technologies to improve immunisation safety.
28096677,2017,Long-term bicycle riding ameliorates the depression of the patients undergoing hemodialysis by affecting the levels of interleukin-6 and interleukin-18.
40087057,2025,"Predicting Severe Radiation Pneumonitis in Patients With Locally-Advanced Non-Small-Cell Lung Cancer After Thoracic Radiotherapy: Development and Validation of a Nomogram Based on the Clinical, Hematological, and Dose-Volume Histogram Parameters."
41323592,2025,"The impact of physical exercise, health effect, and harmony effect on young adults' fertility attitudes: a study based on empirical analysis of 2023 CGSS data."
