record_id,title,journal,year,final_E1_exercise_exposure,final_E2_post_exercise_sampling,final_E3_immune_marker,final_E4_population,final_E5_validation_readiness_element,final_E5_subtypes,final_E3_marker_families,study_type_hint,final_layer,human_scope,source,first_pass_layer,glm_E5,gpt_luna_E5,adjudicated,final_E5_quote,note
FS-000055,Atherosclerosis and inflammation. Patterns of cytokine regulation in patients with peripheral arterial disease.,Atherosclerosis,1999,core_A,present,present,clinical_or_infected_cohort,absent,,cytokines;cytokine receptors;IL-1ra;leukocyte counts;CRP;acute-phase proteins,other,X,HUMAN_SAMPLE_VERIFY,gpt6-sol v1.2 (single-pass rescreen 2026-10-09),"n/a (single Sol pass, no first-pass two-family comparison for this supplement)",,,n/a,,Treadmill test in patients and controls; the reported disease association is outside the specified outcome linkage categories.
FS-000071,Non-steroidal anti-inflammatory drugs and renal response to exercise: A comparison of indomethacin and nabumetone,Clinical Science,1999,support_B,present,present,unclear,absent,,eicosanoids;prostaglandins,crossover,M,HUMAN_SAMPLE_VERIFY,gpt6-sol v1.2 (single-pass rescreen 2026-10-09),"n/a (single Sol pass, no first-pass two-family comparison for this supplement)",,,n/a,,"Repeated exercise sessions under three medication conditions; urinary prostanoids were measured, with no stated ages."
FS-000082,Type I collagen synthesis and degradation in peritendinous tissue after exercise determined by microdialysis in humans.,The Journal of physiology,1999,core_A,present,present,young_adult_age_unclear,absent,,PGE2;eicosanoids,other,M,HUMAN_SAMPLE_VERIFY,gpt6-sol v1.2 (single-pass rescreen 2026-10-09),"n/a (single Sol pass, no first-pass two-family comparison for this supplement)",,,n/a,,"One running bout; microdialysis recovery describes assay sampling, not marker validation."
FS-000094,Interleukin-8 (IL-8) may contribute to the activation of neutrophils in patients with peripheral arterial occlusive disease (PAOD).,European journal of vascular and endovascular surgery : the official journal of the European Society for Vascular Surgery,1999,core_A,present,present,clinical_or_infected_cohort,absent,,IL-8;cytokines,other,X,HUMAN_SAMPLE_VERIFY,gpt6-sol v1.2 (single-pass rescreen 2026-10-09),"n/a (single Sol pass, no first-pass two-family comparison for this supplement)",,,n/a,,Single treadmill test comparing patients with healthy controls; no specified validation element is reported.
FS-000101,Acute phase responses and cytokine secretion in chronic fatigue syndrome.,Journal of clinical immunology,1999,support_B,present,present,clinical_or_infected_cohort,absent,,IL-1beta;IL-6;acute-phase proteins,other,X,HUMAN_SAMPLE_VERIFY,gpt6-sol v1.2 (single-pass rescreen 2026-10-09),"n/a (single Sol pass, no first-pass two-family comparison for this supplement)",,,n/a,,Some participants completed sessions in two menstrual phases; perceived exertion is not a performance-decrement outcome.
FS-000131,Increased serum levels of non-collagenous matrix proteins (cartilage oligomeric matrix protein and melanoma inhibitory activity) in marathon runners.,Osteoarthritis and cartilage,2000,core_A,present,present,clinical_or_infected_cohort,absent,,CRP;cytokines;cytokine receptors,other,X,HUMAN_SAMPLE_VERIFY,gpt6-sol v1.2 (single-pass rescreen 2026-10-09),"n/a (single Sol pass, no first-pass two-family comparison for this supplement)",,,n/a,,Marathon samples include cytokines and CRP; reported normal limits concern the joint markers COMP and MIA.
FS-000146,Increased blood levels of platelet-activating factor in insulin-dependent diabetic patients with microalbuminuria.,"Nephrology, dialysis, transplantation : official publication of the European Dialysis and Transplant Association - European Renal Association",2000,core_A,present,present,clinical_or_infected_cohort,absent,,platelet-activating factor;PAF-specific acetyl-hydrolase,other,X,HUMAN_SAMPLE_VERIFY,gpt6-sol v1.2 (single-pass rescreen 2026-10-09),"n/a (single Sol pass, no first-pass two-family comparison for this supplement)",,,n/a,,PAF was measured after exercise in diabetic patients and controls; glomerular permeability is outside the specified outcome linkage.
FS-000240,Surgical and physical stress increases circulating blood dendritic cell counts independently of monocyte counts.,Blood,2001,core_A,unclear,present,clinical_or_infected_cohort,absent,,dendritic cells;monocytes,other,X,HUMAN_SAMPLE_VERIFY,gpt6-sol v1.2 (single-pass rescreen 2026-10-09),"n/a (single Sol pass, no first-pass two-family comparison for this supplement)",,,n/a,,"Exercise test induced a dendritic-cell rise, but the abstract does not specify whether exercise samples were taken after cessation."
FS-000337,Serum levels of selected adhesion molecules in patients with coronary artery disease.,International journal of cardiology,2002,core_A,present,present,clinical_or_infected_cohort,absent,,adhesion molecules,other,X,HUMAN_SAMPLE_VERIFY,gpt6-sol v1.2 (single-pass rescreen 2026-10-09),"n/a (single Sol pass, no first-pass two-family comparison for this supplement)",,,n/a,,A treadmill test had paired serum measurements in stable-angina patients and healthy controls.
FS-000363,Cytokine responses differ by compartment and wasting status in patients with HIV infection and healthy controls.,Cytokine,2002,core_A,present,present,clinical_or_infected_cohort,absent,,cytokines;cytokine antagonists;soluble TNF receptor,other,X,HUMAN_SAMPLE_VERIFY,gpt6-sol v1.2 (single-pass rescreen 2026-10-09),"n/a (single Sol pass, no first-pass two-family comparison for this supplement)",,,n/a,,Single exercise bout with serial cytokine sampling; wasting was a pre-existing group classification.
FS-000392,Acute and chronic effects of exercise on tissue sensitivity to glucocorticoids.,"Journal of applied physiology (Bethesda, Md. : 1985)",2003,core_A,present,present,young_adult_age_unclear,absent,,monocytes;IL-6,other,M,HUMAN_SAMPLE_VERIFY,gpt6-sol v1.2 (single-pass rescreen 2026-10-09),"n/a (single Sol pass, no first-pass two-family comparison for this supplement)",,,n/a,In vitro dexamethasone inhibition of LPS-induced interleukin-6 secretion,Monocyte glucocorticoid sensitivity was assessed around a run; no validation statistic or linked outcome is reported.
FS-000423,The effects of ibuprofen on delayed muscle soreness and muscular performance after eccentric exercise.,Journal of strength and conditioning research,2003,core_A,present,present,young_adult_age_unclear,absent,,white blood cells,RCT,M,HUMAN_SAMPLE_VERIFY,gpt6-sol v1.2 (single-pass rescreen 2026-10-09),"n/a (single Sol pass, no first-pass two-family comparison for this supplement)",,,n/a,The WBC levels were significantly (p < 0.05) increased 4-6 hours postexercise in both groups,"Performance was measured, but the abstract reports no analysis linking it to WBC levels."
FS-000427,Tender points are not sites of ongoing inflammation -in vivo evidence in patients with chronic tension-type headache.,Cephalalgia : an international journal of headache,2003,core_A,present,present,clinical_or_infected_cohort,absent,,prostaglandin E2;bradykinin,case-control,X,HUMAN_SAMPLE_VERIFY,gpt6-sol v1.2 (single-pass rescreen 2026-10-09),"n/a (single Sol pass, no first-pass two-family comparison for this supplement)",,,n/a,"no difference in change in interstitial concentration of ATP, PGE2, glutamate, glucose, pyruvate and urea",Patient and control microdialysis samples were collected after static exercise; no validation element is reported.
FS-000477,Human CRP gene polymorphism influences CRP levels: implications for the prediction and pathogenesis of coronary heart disease.,"Arteriosclerosis, thrombosis, and vascular biology",2003,core_A,present,present,clinical_or_infected_cohort,absent,,CRP,other,X,HUMAN_SAMPLE_VERIFY,gpt6-sol v1.2 (single-pass rescreen 2026-10-09),"n/a (single Sol pass, no first-pass two-family comparison for this supplement)",,,n/a,assessed their influence on CRP level,"The exercise cohort had serial CRP samples after one bout; the abstract reports genotype associations, not predictive performance."
FS-000487,Complement activation in a model of chronic fatigue syndrome.,The Journal of allergy and clinical immunology,2003,core_A,present,present,clinical_or_infected_cohort,absent,,complement;cytokines;eosinophilic cationic protein,case-control,X,HUMAN_SAMPLE_VERIFY,gpt6-sol v1.2 (single-pass rescreen 2026-10-09),"n/a (single Sol pass, no first-pass two-family comparison for this supplement)",,,n/a,Mean preexercise and postexercise symptom scores were evaluated for each group.,Complement and symptom responses are reported by group; no direct marker–symptom association or diagnostic performance is reported.
FS-000500,Association between fatigue and failure to preserve cerebral energy turnover during prolonged exercise.,Acta physiologica Scandinavica,2003,core_A,unclear,present,unclear,absent,,IL-6,crossover,M,HUMAN_SAMPLE_VERIFY,gpt6-sol v1.2 (single-pass rescreen 2026-10-09),"n/a (single Sol pass, no first-pass two-family comparison for this supplement)",,,n/a,,IL-6 release was assessed in two cycling conditions; the abstract does not clearly place biosampling after cessation.
FS-000508,Changes of plasma concentrations of soluble vascular cell adhesion molecule-1 and vascular endothelial growth factor after increased perfusion of lower extremities in humans.,Endothelium : journal of endothelial cell research,2003,core_A,present,present,young_adult_age_unclear,absent,,cytokines;sVCAM-1,other,M,HUMAN_SAMPLE_VERIFY,gpt6-sol v1.2 (single-pass rescreen 2026-10-09),"n/a (single Sol pass, no first-pass two-family comparison for this supplement)",,,n/a,,An exercise challenge included post-exercise sVCAM-1 sampling; no validation-readiness element is reported.
FS-000509,Leucocytes and free radicals in stable angina pectoris.,Japanese heart journal,1992,core_A,present,present,clinical_or_infected_cohort,absent,,leukocyte function;granulocyte activation,case-control,X,HUMAN_SAMPLE_VERIFY,gpt6-sol v1.2 (single-pass rescreen 2026-10-09),"n/a (single Sol pass, no first-pass two-family comparison for this supplement)",,,n/a,,Patients and matched controls underwent exercise; leukocyte and granulocyte responses were assessed without a specified validation analysis.
FS-000523,Platelet activation and prostacyclin release in essential hypertension.,Prostaglandins,1992,support_B,present,present,clinical_or_infected_cohort,absent,,platelet activation,case-control,X,HUMAN_SAMPLE_VERIFY,gpt6-sol v1.2 (single-pass rescreen 2026-10-09),"n/a (single Sol pass, no first-pass two-family comparison for this supplement)",,,n/a,,Hypertensive patients were re-examined after treatment; this is not explicit longitudinal marker monitoring.
FS-000557,Capillary rarefaction and abnormal cardiovascular reactivity in hypertension.,Journal of hypertension,2003,core_A,present,present,clinical_or_infected_cohort,absent,,leukocyte counts;soluble P-selectin;white blood cell filterability,case-control,X,HUMAN_SAMPLE_VERIFY,gpt6-sol v1.2 (single-pass rescreen 2026-10-09),"n/a (single Sol pass, no first-pass two-family comparison for this supplement)",,,n/a,,Immune-related blood measures were assessed during recovery; capillary-count groupings are not immune-marker validation.
FS-000625,Endotoxin sensitivity and immune competence in chronic heart failure.,Clinica chimica acta; international journal of clinical chemistry,2004,core_A,present,present,clinical_or_infected_cohort,absent,,monocyte HLA-DR expression;TNF-alpha,case-control,X,HUMAN_SAMPLE_VERIFY,gpt6-sol v1.2 (single-pass rescreen 2026-10-09),"n/a (single Sol pass, no first-pass two-family comparison for this supplement)",,,n/a,,Exercise test with immediate postexercise blood sampling; CHF patients compared with healthy controls.
FS-000698,Differential-display PCR of peripheral blood for biomarker discovery in chronic fatigue syndrome.,"Journal of molecular medicine (Berlin, Germany)",2004,core_A,present,present,clinical_or_infected_cohort,present,omics_discovery,transcriptomics;immune gene expression,case-control,X,HUMAN_SAMPLE_VERIFY,gpt6-sol v1.2 (single-pass rescreen 2026-10-09),"n/a (single Sol pass, no first-pass two-family comparison for this supplement)",,,n/a,We used differential-display PCR of peripheral blood mononuclear cells (PBMCs) to search for candidate biomarkers for chronic fatigue syndrome (CFS).,Two-person exploratory gene-expression study; proposed future validation does not establish metric validation.
FS-000846,"C-reactive protein in patients with COPD, control smokers and non-smokers.",Thorax,2006,habitual_or_resting_cross_sectional,unclear,present,clinical_or_infected_cohort,absent,,CRP,cross-sectional,X,HUMAN_SAMPLE_VERIFY,gpt6-sol v1.2 (single-pass rescreen 2026-10-09),"n/a (single Sol pass, no first-pass two-family comparison for this supplement)",,,n/a,,"Exercise tests are listed among assessments, but CRP sampling is not timed to either test."
FS-000857,Effect of high altitude and exercise on microvascular parameters in acclimatized subjects.,"Clinical science (London, England : 1979)",2006,core_A,unclear,present,young_adult_age_unclear,absent,,leukocyte counts,other,M,HUMAN_SAMPLE_VERIFY,gpt6-sol v1.2 (single-pass rescreen 2026-10-09),"n/a (single Sol pass, no first-pass two-family comparison for this supplement)",,,n/a,,"Postprocedure timing is stated for vascular measures, but timing of white blood cell sampling is unspecified."
FS-000863,Effects of altitude and exercise on pulmonary capillary integrity: evidence for subclinical high-altitude pulmonary edema.,"Journal of applied physiology (Bethesda, Md. : 1985)",2006,support_B,present,present,young_adult_age_unclear,absent,,inflammatory cells;soluble inflammatory mediators,crossover,M,HUMAN_SAMPLE_VERIFY,gpt6-sol v1.2 (single-pass rescreen 2026-10-09),"n/a (single Sol pass, no first-pass two-family comparison for this supplement)",,,n/a,,Same athletes underwent normoxic and hypoxic exercise; the condition comparison does not constitute repeated monitoring.
FS-000865,Hypoxemia: an early indication of pigeon breeders' disease. Clinical and laboratory findings among pigeon breeders in the Salonica area.,Journal of investigational allergology & clinical immunology,2005,core_A,present,present,young_adult_age_unclear,absent,,precipitins,cross-sectional,M,HUMAN_SAMPLE_VERIFY,gpt6-sol v1.2 (single-pass rescreen 2026-10-09),"n/a (single Sol pass, no first-pass two-family comparison for this supplement)",,,n/a,,"Exercise testing assessed hypoxemia; precipitin classes were measured, but no validation element is reported."
FS-000876,Increased levels of interstitial potassium but normal levels of muscle IL-6 and LDH in patients with trapezius myalgia.,Pain,2005,core_A,present,present,clinical_or_infected_cohort,absent,,IL-6,case-control,X,HUMAN_SAMPLE_VERIFY,gpt6-sol v1.2 (single-pass rescreen 2026-10-09),"n/a (single Sol pass, no first-pass two-family comparison for this supplement)",,,n/a,,"Recovery microdialysis included IL-6; reported pain correlations involved potassium, not IL-6."
FS-001002,Effects of exercise on glomerular passage of macromolecules in patients with diabetic nephropathy and in healthy subjects.,Scandinavian journal of clinical and laboratory investigation,1990,core_A,present,present,clinical_or_infected_cohort,absent,,immunoglobulins,case-control,X,HUMAN_SAMPLE_VERIFY,gpt6-sol v1.2 (single-pass rescreen 2026-10-09),"n/a (single Sol pass, no first-pass two-family comparison for this supplement)",,,n/a,,IgG clearance was measured as a renal permeability outcome after exercise.
FS-001204,Effect of hydrotherapy on the signs and symptoms of delayed onset muscle soreness.,European journal of applied physiology,2008,support_B,present,absent,young_adult_age_unclear,absent,,,crossover,X,HUMAN_SAMPLE_VERIFY,gpt6-sol v1.2 (single-pass rescreen 2026-10-09),"n/a (single Sol pass, no first-pass two-family comparison for this supplement)",,,n/a,,"Two exercise trials included post-exercise blood measurements, but no immune marker is named."
FS-001232,McArdle disease: another systemic low-inflammation disorder?,Neuroscience letters,2008,core_A,present,present,clinical_or_infected_cohort,absent,,cytokines;neutrophils;IL-6;TNF-alpha,case-control,X,HUMAN_SAMPLE_VERIFY,gpt6-sol v1.2 (single-pass rescreen 2026-10-09),"n/a (single Sol pass, no first-pass two-family comparison for this supplement)",,,n/a,,Acute cycling was followed by cytokine measurement in McArdle patients and controls; no validation element is reported.
FS-001446,Impaired immune function in Gulf War Illness.,BMC medical genomics,2009,core_A,present,present,clinical_or_infected_cohort,present,omics_discovery,NK cells;cytokines;leukocyte subsets;transcriptomics,case-control,X,HUMAN_SAMPLE_VERIFY,gpt6-sol v1.2 (single-pass rescreen 2026-10-09),"n/a (single Sol pass, no first-pass two-family comparison for this supplement)",,,n/a,Genes distinguishing cases from controls were associated with the glucocorticoid signaling pathway.,Exercise challenge with post-exercise immune sampling and gene-expression profiling in GWI cases and controls.
FS-001480,"BounceBack capsules for reduction of DOMS after eccentric exercise: a randomized, double-blind, placebo-controlled, crossover pilot study.",Journal of the International Society of Sports Nutrition,2009,support_B,present,present,adults_stated,absent,,CRP,crossover,M,HUMAN_SAMPLE_VERIFY,gpt6-sol v1.2 (single-pass rescreen 2026-10-09),"n/a (single Sol pass, no first-pass two-family comparison for this supplement)",,,n/a,,"Crossover supplement study after eccentric exercise; CRP was assessed, with no stated marker validation or marker–outcome analysis."
FS-001538,A potential shift from adaptive immune activity to nonspecific inflammatory activation associated with higher depression symptoms in chronic heart failure patients.,Journal of cardiac failure,2009,core_A,present,present,clinical_or_infected_cohort,absent,,PBMC chemotaxis,case-control,X,HUMAN_SAMPLE_VERIFY,gpt6-sol v1.2 (single-pass rescreen 2026-10-09),"n/a (single Sol pass, no first-pass two-family comparison for this supplement)",,,n/a,,"PBMC chemotaxis was measured after exercise in CHF patients and controls; depression symptoms were analyzed, but no qualifying outcome linkage was reported."
FS-001583,Intense physical exercise increases systemic 11beta-hydroxysteroid dehydrogenase type 1 activity in healthy adult subjects.,European journal of applied physiology,2010,support_B,unclear,present,young_adult_age_unclear,absent,,IL-6,crossover,M,HUMAN_SAMPLE_VERIFY,gpt6-sol v1.2 (single-pass rescreen 2026-10-09),"n/a (single Sol pass, no first-pass two-family comparison for this supplement)",,,n/a,,IL-6 was measured across exercise sessions; the abstract does not establish whether samples were taken after cessation.
FS-001700,Ginger (Zingiber officinale) reduces muscle pain caused by eccentric exercise.,The journal of pain,2010,core_A,present,present,unclear,absent,,prostaglandin E2,RCT,M,HUMAN_SAMPLE_VERIFY,gpt6-sol v1.2 (single-pass rescreen 2026-10-09),"n/a (single Sol pass, no first-pass two-family comparison for this supplement)",,,n/a,,Two randomized experiments assessed inflammatory prostaglandin E2 after eccentric exercise; no analysis linking it to strength or illness is stated.
FS-001741,Branched-chain amino acid supplementation before squat exercise and delayed-onset muscle soreness.,International journal of sport nutrition and exercise metabolism,2010,support_B,present,present,young_adult_age_unclear,absent,,neutrophil activation;elastase,crossover,M,HUMAN_SAMPLE_VERIFY,gpt6-sol v1.2 (single-pass rescreen 2026-10-09),"n/a (single Sol pass, no first-pass two-family comparison for this supplement)",,,n/a,,Elastase was measured after squat exercise in both trials; no qualifying validation analysis is reported.
FS-001746,Cocoa-based protein and carbohydrate drink decreases perceived soreness after exhaustive aerobic exercise: a pragmatic preliminary analysis.,Journal of strength and conditioning research,2010,core_A,present,present,unclear,absent,,IL-6;IL-8;CRP,other,M,HUMAN_SAMPLE_VERIFY,gpt6-sol v1.2 (single-pass rescreen 2026-10-09),"n/a (single Sol pass, no first-pass two-family comparison for this supplement)",,,n/a,,Inflammatory markers and soreness were assessed after one run; no marker-to-outcome analysis is reported.
FS-001890,Interleukin-6: a growth factor stimulating collagen synthesis in human tendon.,"Journal of applied physiology (Bethesda, Md. : 1985)",2011,core_A,present,present,young_adult_age_unclear,absent,,IL-6,RCT,M,HUMAN_SAMPLE_VERIFY,gpt6-sol v1.2 (single-pass rescreen 2026-10-09),"n/a (single Sol pass, no first-pass two-family comparison for this supplement)",,,n/a,,Exercise preceded IL-6 infusion and tissue sampling; the abstract reports no qualifying validation element.
FS-002105,Can a standard dose of eicosapentaenoic acid (EPA) supplementation reduce the symptoms of delayed onset of muscle soreness?,Journal of the International Society of Sports Nutrition,2012,support_B,present,present,young_adult_age_unclear,absent,,IL-6,RCT,M,HUMAN_SAMPLE_VERIFY,gpt6-sol v1.2 (single-pass rescreen 2026-10-09),"n/a (single Sol pass, no first-pass two-family comparison for this supplement)",,,n/a,,IL-6 was sampled after the first and last resistance bouts; this treatment comparison does not establish repeated monitoring.
FS-002679,Influence of omega-3 (n3) index on performance and wellbeing in young adults after heavy eccentric exercise.,Journal of sports science & medicine,2014,core_A,present,present,young_adult_age_unclear,absent,,CRP,other,M,HUMAN_SAMPLE_VERIFY,gpt6-sol v1.2 (single-pass rescreen 2026-10-09),"n/a (single Sol pass, no first-pass two-family comparison for this supplement)",,,n/a,,CRP and soreness were assessed after one exercise routine; their relationship was not reported as an analysis.
FS-002692,Comparison of the effects of electrical stimulation and cold-water immersion on muscle soreness after resistance exercise.,Journal of sport rehabilitation,2015,core_A,present,present,young_adult_age_unclear,absent,,CRP;IL-10,RCT,M,HUMAN_SAMPLE_VERIFY,gpt6-sol v1.2 (single-pass rescreen 2026-10-09),"n/a (single Sol pass, no first-pass two-family comparison for this supplement)",,,n/a,,"One resistance workout with randomized recovery modalities; performance and inflammatory markers were measured, but their relationship was not analysed."
FS-003041,Plasma Neutrophil Gelatinase-Associated Lipocalin Is Primarily Related to Inflammation during Sepsis: A Translational Approach.,PloS one,2015,core_A,present,present,clinical_or_infected_cohort,absent,,NGAL;cytokines,other,X,HUMAN_SAMPLE_VERIFY,gpt6-sol v1.2 (single-pass rescreen 2026-10-09),"n/a (single Sol pass, no first-pass two-family comparison for this supplement)",,,n/a,,Translational study includes post-exercise healthy controls alongside septic and chronic-inflammation cohorts; no qualifying validation statistic is reported.
FS-003112,Attenuated fibroblast growth factor 21 response to acute aerobic exercise in obese individuals.,"Nutrition, metabolism, and cardiovascular diseases : NMCD",2015,core_A,present,present,unclear,absent,,IL-6;TNF-alpha,other,M,HUMAN_SAMPLE_VERIFY,gpt6-sol v1.2 (single-pass rescreen 2026-10-09),"n/a (single Sol pass, no first-pass two-family comparison for this supplement)",,,n/a,,"Acute exercise response study; reported AUCi describes response magnitude, not diagnostic or predictive performance."
FS-003410,Bone turnover response is linked to both acute and established metabolic changes in ultra-marathon runners.,Endocrine,2017,core_A,present,present,unclear,absent,,inflammatory adipokines;resistin;visfatin,cohort,M,HUMAN_SAMPLE_VERIFY,gpt6-sol v1.2 (single-pass rescreen 2026-10-09),"n/a (single Sol pass, no first-pass two-family comparison for this supplement)",,,n/a,,"Markers were measured around one ultra-marathon; no validation statistic, qualifying outcome linkage, omics discovery, or repeated monitoring is reported."
FS-003446,Peripheral vascular disease. Rheologic variables during controlled ischemia.,Circulation,1989,core_A,present,present,clinical_or_infected_cohort,absent,,white blood cell counts;mononuclear leukocyte function,case-control,X,HUMAN_SAMPLE_VERIFY,gpt6-sol v1.2 (single-pass rescreen 2026-10-09),"n/a (single Sol pass, no first-pass two-family comparison for this supplement)",,,n/a,,Patients and healthy controls underwent treadmill exercise; proposed rheologic marker has no reported threshold or diagnostic performance measure.
FS-003573,Leucocyte rheology in controlled coronary ischaemia.,International journal of cardiology,1989,core_A,present,present,clinical_or_infected_cohort,absent,,leukocyte subsets;leukocyte activation,case-control,X,HUMAN_SAMPLE_VERIFY,gpt6-sol v1.2 (single-pass rescreen 2026-10-09),"n/a (single Sol pass, no first-pass two-family comparison for this supplement)",,,n/a,,Exercise test compared angina patients with controls; no specified validation statistic or qualifying outcome linkage.
FS-003641,Coronary artery endothelial dysfunction is present in HIV-positive individuals without significant coronary artery disease.,"AIDS (London, England)",2017,core_A,unclear,present,clinical_or_infected_cohort,absent,,IL-6,cross-sectional,X,HUMAN_SAMPLE_VERIFY,gpt6-sol v1.2 (single-pass rescreen 2026-10-09),"n/a (single Sol pass, no first-pass two-family comparison for this supplement)",,,n/a,,"IL-6 sampling is reported, but its timing relative to handgrip exercise is unspecified. Its association with endothelial function is not a qualifying outcome."
FS-003750,Beetroot juice is more beneficial than sodium nitrate for attenuating muscle pain after strenuous eccentric-bias exercise.,"Applied physiology, nutrition, and metabolism = Physiologie appliquee, nutrition et metabolisme",2017,core_A,present,present,unclear,absent,,CRP,other,M,HUMAN_SAMPLE_VERIFY,gpt6-sol v1.2 (single-pass rescreen 2026-10-09),"n/a (single Sol pass, no first-pass two-family comparison for this supplement)",,,n/a,,"Performance and pain outcomes were measured, but no analysis relating them to hs-CRP is reported."
FS-003790,"Adding Fish Oil to Whey Protein, Leucine, and Carbohydrate Over a Six-Week Supplementation Period Attenuates Muscle Soreness Following Eccentric Exercise in Competitive Soccer Players.",International journal of sport nutrition and exercise metabolism,2018,core_A,present,present,unclear,absent,,CRP,other,M,HUMAN_SAMPLE_VERIFY,gpt6-sol v1.2 (single-pass rescreen 2026-10-09),"n/a (single Sol pass, no first-pass two-family comparison for this supplement)",,,n/a,,CRP and performance were compared between supplement groups; no marker–performance association is reported. Soreness AUC is not marker validation.
FS-003944,"Effects of lemon verbena extract (Recoverben®) supplementation on muscle strength and recovery after exhaustive exercise: a randomized, placebo-controlled trial.",Journal of the International Society of Sports Nutrition,2018,core_A,present,present,adults_stated,absent,,IL-6,RCT,M,HUMAN_SAMPLE_VERIFY,gpt6-sol v1.2 (single-pass rescreen 2026-10-09),"n/a (single Sol pass, no first-pass two-family comparison for this supplement)",,,n/a,,"IL-6 and strength were assessed, but the abstract reports no analysis linking IL-6 to strength loss."
FS-004360,Stretch-shortening cycle exercise produces acute and prolonged impairments on endurance performance: is the peripheral fatigue a single answer?,European journal of applied physiology,2019,core_A,present,present,unclear,absent,,IL-10,crossover,M,HUMAN_SAMPLE_VERIFY,gpt6-sol v1.2 (single-pass rescreen 2026-10-09),"n/a (single Sol pass, no first-pass two-family comparison for this supplement)",,,n/a,,IL-10 was measured after the jump protocol; no analysis linking it to performance is reported.
FS-004361,Cold water immersion improves recovery of sprint speed following a simulated tournament.,European journal of sport science,2019,support_B,present,present,young_adult_age_unclear,present,repeated_monitoring,IL-6;CRP,RCT,V,HUMAN_CONFIRM_ALL,gpt6-sol v1.2 (single-pass rescreen 2026-10-09),"n/a (single Sol pass, no first-pass two-family comparison for this supplement)",,,n/a,participants completed the Loughborough Intermittent Shuttle Test (LIST) on three occasions in five days,Three tournament simulation bouts with serial recovery markers; sprint outcomes were not analysed in relation to immune markers.
FS-004711,LDH isoenzyme 5 is an index of early onset muscle soreness during prolonged running.,The Journal of sports medicine and physical fitness,2020,core_A,unclear,present,unclear,absent,,neutrophils,other,M,HUMAN_SAMPLE_VERIFY,gpt6-sol v1.2 (single-pass rescreen 2026-10-09),"n/a (single Sol pass, no first-pass two-family comparison for this supplement)",,,n/a,significant correlation between the thigh NRS and amount of serum LDH isoenzyme 5,"Blood was sampled every 10 km; whether the final sample followed cessation is unclear. Soreness was correlated with LDH, not neutrophils."
FS-004724,Early Warning of Acute Altitude Sickness by Physiological Variables and Noninvasive Cardiovascular Indicators.,Chinese medical sciences journal = Chung-kuo i hsueh k'o hsueh tsa chih,2020,none_or_non_exercise,unclear,present,unclear,absent,,eosinophils;CRP,cohort,X,HUMAN_SAMPLE_VERIFY,gpt6-sol v1.2 (single-pass rescreen 2026-10-09),"n/a (single Sol pass, no first-pass two-family comparison for this supplement)",,,n/a,prediction equation were established to estimate AMS,Altitude exposure is the studied exposure. Exercise test timing relative to blood collection is unspecified; the prediction equation reports no performance measure.
FS-004772,Acute responses of bone specific and related markers to maximal eccentric exercise of the knee extensors and flexors in young men.,Journal of musculoskeletal & neuronal interactions,2020,core_A,present,present,young_adult_age_unclear,absent,,TNF-alpha,other,M,HUMAN_SAMPLE_VERIFY,gpt6-sol v1.2 (single-pass rescreen 2026-10-09),"n/a (single Sol pass, no first-pass two-family comparison for this supplement)",,,n/a,,Single eccentric exercise bout with serial TNF-alpha measurements; no reported analysis linking TNF-alpha to strength loss.
FS-004832,Curcumin Improves Delayed Onset Muscle Soreness and Postexercise Lactate Accumulation.,Journal of dietary supplements,2021,core_A,present,present,adults_stated,absent,,CRP;IL-6;IL-10;TNF-alpha,RCT,M,HUMAN_SAMPLE_VERIFY,gpt6-sol v1.2 (single-pass rescreen 2026-10-09),"n/a (single Sol pass, no first-pass two-family comparison for this supplement)",,,n/a,,Single resistance exercise bout with serial inflammatory marker sampling; no qualifying validation element reported.
FS-004998,"Skeletal Muscle Function, Structure, and Metabolism in Patients With Heart Failure With Reduced Ejection Fraction and Heart Failure With Preserved Ejection Fraction.",Circulation. Heart failure,2020,habitual_or_resting_cross_sectional,unclear,present,clinical_or_infected_cohort,present,outcome_linkage,inflammatory biomarkers;GDF-15,cross-sectional,X,HUMAN_SAMPLE_VERIFY,gpt6-sol v1.2 (single-pass rescreen 2026-10-09),"n/a (single Sol pass, no first-pass two-family comparison for this supplement)",,,n/a,"GDF-15 (growth and differentiation factor 15), CPT1B (carnitine palmitoyltransferase IB)-protein and oral anticoagulation were independent factors for predicting reduced muscle endurance",Inflammatory marker was linked to reduced muscle endurance; biopsy timing relative to exercise testing is unstated.
FS-005093,"Six Weeks of Aerobic Exercise in Untrained Men With Overweight/Obesity Improved Training Adaptations, Performance and Body Composition Independent of Oat/Potato or Milk Based Protein-Carbohydrate Drink Supplementation.",Frontiers in nutrition,2021,chronic_training_only,absent,absent,unclear,absent,,,other,X,HUMAN_SAMPLE_VERIFY,gpt6-sol v1.2 (single-pass rescreen 2026-10-09),"n/a (single Sol pass, no first-pass two-family comparison for this supplement)",,,n/a,,"Six-week training intervention; only programme-level sampling is described, and no specific immune marker is named."
FS-005153,Systemic Inflammation and Oxidative Stress in Adults with Bronchiectasis: Association with Clinical and Functional Features.,"Clinics (Sao Paulo, Brazil)",2021,habitual_or_resting_cross_sectional,unclear,present,clinical_or_infected_cohort,present,outcome_linkage,cytokines;IL-1β;IL-6;IL-10;TNF-alpha,cross-sectional,X,HUMAN_SAMPLE_VERIFY,gpt6-sol v1.2 (single-pass rescreen 2026-10-09),"n/a (single Sol pass, no first-pass two-family comparison for this supplement)",,,n/a,"The inflammatory markers IL-1β, IL-6, and tumor necrosis factor-α correlated negatively with aerobic capacity",Inflammatory markers were associated with lower aerobic capacity; biosample timing relative to exercise tests is unstated.
FS-005210,"Psychosocial factors, mental health, and coordination capacity in patients with heart failure with preserved ejection fraction compared with heart failure with reduced ejection fraction.",ESC heart failure,2021,habitual_or_resting_cross_sectional,unclear,present,clinical_or_infected_cohort,absent,,inflammatory biomarkers;GDF-15,cross-sectional,X,HUMAN_SAMPLE_VERIFY,gpt6-sol v1.2 (single-pass rescreen 2026-10-09),"n/a (single Sol pass, no first-pass two-family comparison for this supplement)",,,n/a,,"GDF-15 was assessed, but no qualifying marker-to-outcome analysis or postexercise sampling is reported."
FS-005460,Mitochondria-targeted antioxidant supplementation does not affect muscle soreness or recovery of maximal voluntary isometric contraction force following muscle-damaging exercise in untrained men: a randomized clinical trial.,"Applied physiology, nutrition, and metabolism = Physiologie appliquee, nutrition et metabolisme",2022,core_A,present,present,young_adult_age_unclear,absent,,IL-6,RCT,M,HUMAN_SAMPLE_VERIFY,gpt6-sol v1.2 (single-pass rescreen 2026-10-09),"n/a (single Sol pass, no first-pass two-family comparison for this supplement)",,,n/a,,IL-6 and muscle recovery were assessed after one bout; no analysis linking IL-6 to recovery is reported.
FS-005556,"Sex differences in the relationships between body composition, fat distribution, and mitochondrial energy metabolism: a pilot study.",Nutrition & metabolism,2022,core_A,absent,absent,young_adult_age_unclear,absent,,,cross-sectional,X,HUMAN_SAMPLE_VERIFY,gpt6-sol v1.2 (single-pass rescreen 2026-10-09),"n/a (single Sol pass, no first-pass two-family comparison for this supplement)",,,n/a,,"An exercise-based spectroscopy measure is described, but no post-exercise biosample or immune marker is reported."
FS-005733,Eccentric exercise-induced muscle damage impairs muscle glycogen repletion.,"Journal of applied physiology (Bethesda, Md. : 1985)",1987,core_A,present,present,young_adult_age_unclear,absent,,inflammatory cell infiltration,other,M,HUMAN_SAMPLE_VERIFY,gpt6-sol v1.2 (single-pass rescreen 2026-10-09),"n/a (single Sol pass, no first-pass two-family comparison for this supplement)",,,n/a,,Muscle biopsies after one bout showed inflammatory cell infiltration; no validation element is reported.
FS-006012,Suppressed immune and metabolic responses to intestinal damage-associated microbial translocation in myalgic encephalomyelitis/chronic fatigue syndrome.,"Brain, behavior, & immunity - health",2023,core_A,unclear,present,clinical_or_infected_cohort,absent,,innate immune response;antibodies;IL-10,case-control,X,HUMAN_SAMPLE_VERIFY,gpt6-sol v1.2 (single-pass rescreen 2026-10-09),"n/a (single Sol pass, no first-pass two-family comparison for this supplement)",,,n/a,,"An exercise challenge is described, but biosample timing is unspecified; symptom relevance is discussed without a reported marker–outcome analysis."
FS-006026,Association of MMP3 gene polymorphism and sex on recovery of muscle strength after eccentric exercise.,"Journal of applied physiology (Bethesda, Md. : 1985)",2023,core_A,present,present,young_adult_age_unclear,absent,,IL-6,other,M,HUMAN_SAMPLE_VERIFY,gpt6-sol v1.2 (single-pass rescreen 2026-10-09),"n/a (single Sol pass, no first-pass two-family comparison for this supplement)",,,n/a,,"IL-6 and strength recovery were assessed, but their relationship was not reported; AUC describes time-course exposure, not predictive performance."
FS-006083,Multiple cryosauna sessions for post-exercise recovery of delayed onset muscle soreness (DOMS): a randomized control trial.,Frontiers in physiology,2023,core_A,present,present,young_adult_age_unclear,absent,,leukocytes,RCT,M,HUMAN_SAMPLE_VERIFY,gpt6-sol v1.2 (single-pass rescreen 2026-10-09),"n/a (single Sol pass, no first-pass two-family comparison for this supplement)",,,n/a,,Leukocytes and muscle stiffness were reported after one exercise protocol; no analysis linking leukocytes to soreness or performance was reported.
FS-006151,Analysis of the human kidney transcriptome and plasma proteome identifies markers of proximal tubule maladaptation to injury.,Science translational medicine,2023,unclear,unclear,present,clinical_or_infected_cohort,present,omics_discovery,transcriptomics;proteomics,cohort,X,HUMAN_SAMPLE_VERIFY,gpt6-sol v1.2 (single-pass rescreen 2026-10-09),"n/a (single Sol pass, no first-pass two-family comparison for this supplement)",,,n/a,multiomics approach to discovering noninvasive markers,"Marathon runners were included in a kidney injury marker study, but the abstract does not state when their samples were taken relative to a race."
FS-006276,Effect of whole-body vibration stimulation on plasma soluble TNF receptors in elderly with sarcopenia: a randomized controlled trial.,Brazilian journal of medical and biological research = Revista brasileira de pesquisas medicas e biologicas,2024,support_B,present,present,clinical_or_infected_cohort,absent,,soluble TNF receptors,crossover,X,HUMAN_SAMPLE_VERIFY,gpt6-sol v1.2 (single-pass rescreen 2026-10-09),"n/a (single Sol pass, no first-pass two-family comparison for this supplement)",,,n/a,,Two exercise protocols were compared in a crossover design; the abstract reports no validation statistic or marker–outcome analysis.
FS-006312,Effects of Omega-3 Supplementation on the Delayed Onset Muscle Soreness after Cycling High Intensity Interval Training in Overweight or Obese Males.,Journal of sports science & medicine,2024,core_A,present,present,young_adult_age_unclear,absent,,white blood cells;CRP,RCT,M,HUMAN_SAMPLE_VERIFY,gpt6-sol v1.2 (single-pass rescreen 2026-10-09),"n/a (single Sol pass, no first-pass two-family comparison for this supplement)",,,n/a,,"Pain and strength outcomes were reported, but the abstract does not analyze either outcome in relation to WBC or CRP."
FS-006355,"Effects of different HIIT protocols on exercise performance, metabolic adaptation, and fat loss in middle-aged and older adults with overweight.",International journal of medical sciences,2024,chronic_training_only,absent,present,young_adult_age_unclear,absent,,adiponectin;inflammatory markers,other,X,HUMAN_SAMPLE_VERIFY,gpt6-sol v1.2 (single-pass rescreen 2026-10-09),"n/a (single Sol pass, no first-pass two-family comparison for this supplement)",,,n/a,,The acute-session results concern cardiovascular measures; the abstract does not identify a bout-linked biosample or longitudinal monitoring of an immune marker.
FS-006365,Effects of Aerobic Exercise on Brain Age and Health in Middle-Aged and Older Adults: A Single-Arm Pilot Clinical Trial.,"Life (Basel, Switzerland)",2024,chronic_training_only,absent,present,young_adult_age_unclear,absent,,cytokines;IL-4;IL-8,other,X,HUMAN_SAMPLE_VERIFY,gpt6-sol v1.2 (single-pass rescreen 2026-10-09),"n/a (single Sol pass, no first-pass two-family comparison for this supplement)",,,n/a,plasma cytokine profiles,"Single-arm training programme; cytokines were compared before and after the programme, with no stated bout-linked draw."
FS-006433,The work-recovery cycle of kidney strain and inflammation in sugarcane workers following repeat heat exposure at work and at home.,European journal of applied physiology,2025,none_or_non_exercise,absent,present,young_adult_age_unclear,absent,,CRP,cohort,X,HUMAN_SAMPLE_VERIFY,gpt6-sol v1.2 (single-pass rescreen 2026-10-09),"n/a (single Sol pass, no first-pass two-family comparison for this supplement)",,,n/a,observed over 4 days,Repeated occupational work shifts and heat exposure; CRP varied over the work week.
FS-006469,Orthostatic intolerance with tachycardia (postural tachycardia syndrome) and without (hypocapnic cerebral hypoperfusion) represent a spectrum of the same disorder.,Frontiers in neurology,2024,core_A,unclear,unclear,clinical_or_infected_cohort,absent,,,case-control,X,HUMAN_SAMPLE_VERIFY,gpt6-sol v1.2 (single-pass rescreen 2026-10-09),"n/a (single Sol pass, no first-pass two-family comparison for this supplement)",,,n/a,"This study compared autonomic, cerebrovascular, and neuropathic features of POTS and HYCH.","Exercise testing is reported, but biosample timing and the identities of inflammatory markers are unspecified."
FS-006544,Effects of Age and Sex on Systemic Inflammation and Cardiometabolic Function in Individuals With Type 2 Diabetes.,Journal of the American Heart Association,2025,core_A,unclear,present,clinical_or_infected_cohort,present,outcome_linkage,leukocyte subsets,cross-sectional,X,HUMAN_SAMPLE_VERIFY,gpt6-sol v1.2 (single-pass rescreen 2026-10-09),"n/a (single Sol pass, no first-pass two-family comparison for this supplement)",,,n/a,peak oxygen consumption during exercise and hyperemic myocardial blood flow were significantly impaired with increased white blood cell count,White blood cell count was analysed against exercise capacity; blood sampling relative to exercise testing is unstated.
FS-006583,MIF-ACKR3 causes irreversible fat loss by impairing adipogenesis in cancer cachexia.,Cell metabolism,2025,core_A,present,present,unclear,absent,,MIF,other,M,HUMAN_SAMPLE_VERIFY,gpt6-sol v1.2 (single-pass rescreen 2026-10-09),"n/a (single Sol pass, no first-pass two-family comparison for this supplement)",,,n/a,circulating MIF is moderately reduced after exercise,"Post-exercise circulating MIF is mentioned; the main mechanistic investigation concerns cancer cachexia, and the sampled population is unspecified."
FS-006630,Netrin 4 is a novel cytokine associated with oxidative stress and insulin resistance in obese individuals.,Diabetes research and clinical practice,2025,core_A,unclear,present,clinical_or_infected_cohort,absent,,cytokines;NTN4,cohort,X,HUMAN_SAMPLE_VERIFY,gpt6-sol v1.2 (single-pass rescreen 2026-10-09),"n/a (single Sol pass, no first-pass two-family comparison for this supplement)",,,n/a,,"Acute exercise is named, but the abstract does not establish post-exercise sampling."
FS-006660,"Preventive effect of the neurodynamic mobilization technique on delayed onset of muscle soreness: a randomized, single-blinded, placebo-controlled study.",BMC musculoskeletal disorders,2025,core_A,present,present,unclear,absent,,IL-6;TNF-alpha,RCT,M,HUMAN_SAMPLE_VERIFY,gpt6-sol v1.2 (single-pass rescreen 2026-10-09),"n/a (single Sol pass, no first-pass two-family comparison for this supplement)",,,n/a,,"Muscle function and inflammatory markers were measured, but their relationship was not analysed."
FS-006778,The impact of various post-exercise interventions on the relief of delayed-onset muscle soreness: a randomized controlled trial.,Frontiers in physiology,2025,core_A,present,present,young_adult_age_unclear,absent,,IL-6,RCT,M,HUMAN_SAMPLE_VERIFY,gpt6-sol v1.2 (single-pass rescreen 2026-10-09),"n/a (single Sol pass, no first-pass two-family comparison for this supplement)",,,n/a,,"IL-6 and strength outcomes were reported separately, without an analysis linking them."
FS-006810,Betaine Supplementation Improves 60 km Cycling Time Trial Performance and One-Carbon Metabolism in Cyclists During Recovery.,Nutrients,2025,support_B,present,present,unclear,absent,,leukocyte subsets,crossover,M,HUMAN_SAMPLE_VERIFY,gpt6-sol v1.2 (single-pass rescreen 2026-10-09),"n/a (single Sol pass, no first-pass two-family comparison for this supplement)",,,n/a,,Two cycling trials included post-exercise blood sampling; metabolomics focused on one-carbon metabolism.
FS-006824,"The Contingency of Reported sST2 Serum Concentrations with a Protein Detection System (ELISA) from the Same Manufacturer (R&D Biotechne, 2002-2025): An Explanatory Effort by Applied Medical Researchers.","Diagnostics (Basel, Switzerland)",2025,habitual_or_resting_cross_sectional,unclear,present,young_adult_age_unclear,present,metric_validation,sST2,other,V,HUMAN_CONFIRM_ALL,gpt6-sol v1.2 (single-pass rescreen 2026-10-09),"n/a (single Sol pass, no first-pass two-family comparison for this supplement)",,,n/a,between-lot variability within the same ELISA platform resulted in concentration shifts,Assay comparison quantified between-lot variability; serum timing relative to marathon running is unstated.
FS-006865,Comparative effects of recovery strategies on exercise-induced muscle fatigue:a randomized controlled trial.,Frontiers in physiology,2025,core_A,present,present,young_adult_age_unclear,absent,,IL-6,RCT,M,HUMAN_SAMPLE_VERIFY,gpt6-sol v1.2 (single-pass rescreen 2026-10-09),"n/a (single Sol pass, no first-pass two-family comparison for this supplement)",,,n/a,,"IL-6 and muscle function were reported, without an analysis linking the marker to a performance decrement."
FS-006877,"Maslinic Acid Supplementation Suppressed Early Onset Muscle Soreness and Systemic Fatigue after Full Marathon: A Randomized, Double-Blind, Placebo-Controlled Trial.",Journal of nutritional science and vitaminology,2025,core_A,present,absent,young_adult_age_unclear,absent,,,RCT,X,HUMAN_SAMPLE_VERIFY,gpt6-sol v1.2 (single-pass rescreen 2026-10-09),"n/a (single Sol pass, no first-pass two-family comparison for this supplement)",,,n/a,,Post-marathon blood markers are reported but no immune marker is named.
FS-006886,Effects of Acute Fish Oil Supplementation on Muscle Function and Soreness After Eccentric Contraction-Induced Muscle Damage.,Nutrients,2025,core_A,present,present,young_adult_age_unclear,absent,,TNF-alpha,RCT,M,HUMAN_SAMPLE_VERIFY,gpt6-sol v1.2 (single-pass rescreen 2026-10-09),"n/a (single Sol pass, no first-pass two-family comparison for this supplement)",,,n/a,,Performance and TNF-α results are reported separately; no analysis relating the marker to performance is stated.
FS-006915,Effect of one session of hyperbaric oxygen (2.5 ATA for 60 min) after moderate-intensity exercise on fatigue: a single-blind crossover randomized trial.,Frontiers in sports and active living,2025,support_B,present,present,young_adult_age_unclear,absent,,CRP;leukocyte subsets;lymphocyte subsets;NK cells,crossover,M,HUMAN_SAMPLE_VERIFY,gpt6-sol v1.2 (single-pass rescreen 2026-10-09),"n/a (single Sol pass, no first-pass two-family comparison for this supplement)",,,n/a,,Two exercise sessions form a crossover comparison; no qualifying validation analysis or monitoring purpose is stated.
FS-006992,"Acute effects of physical exercise on biomarkers of the trace elements selenium, zinc, copper, and iron.",Journal of trace elements in medicine and biology : organ of the Society for Minerals and Trace Elements (GMS),2026,core_A,present,present,young_adult_age_unclear,absent,,blood cell counts;SII;SIRI;NLR,other,M,HUMAN_SAMPLE_VERIFY,gpt6-sol v1.2 (single-pass rescreen 2026-10-09),"n/a (single Sol pass, no first-pass two-family comparison for this supplement)",,,n/a,,A single sit-to-stand test included post-exercise inflammatory indices; no qualifying validation element is reported.
FS-007021,Prevalence of exercise-induced bronchoconstriction in elite Chinese summer sport athletes.,Journal of sport and health science,2026,core_A,unclear,present,young_adult_age_unclear,present,outcome_linkage,eosinophils;neutrophils;cytokines;immunoglobulins,cross-sectional,V,HUMAN_CONFIRM_ALL,gpt6-sol v1.2 (single-pass rescreen 2026-10-09),"n/a (single Sol pass, no first-pass two-family comparison for this supplement)",,,n/a,EIB-positive athletes showed pronounced post-exercise declines in forced expiratory volume in 1 s (FEV1) at 5 min (p < 0.001) and elevated inflammatory biomarkers,Exercise challenge and EIB status are reported; timing of serum collection relative to the challenge is unspecified.
FS-007079,Suppressed brain-derived neurotrophic factor response to 6 min walking exercise in mild cognitive impairment.,"Brain, behavior, and immunity",2026,core_A,present,present,clinical_or_infected_cohort,absent,,cytokines;GM-CSF;IL-6;IL-15,case-control,X,HUMAN_SAMPLE_VERIFY,gpt6-sol v1.2 (single-pass rescreen 2026-10-09),"n/a (single Sol pass, no first-pass two-family comparison for this supplement)",,,n/a,,Cognitive function was associated with BDNF response; no specified validation outcome was linked to an immune marker.
FS-007088,Daily turmeric and ginger beverage consumption attenuates physical menstrual cycle symptoms in sub-elite female footballers: a pilot study.,Physical activity and nutrition,2026,support_B,present,present,young_adult_age_unclear,present,repeated_monitoring,CRP,other,V,HUMAN_CONFIRM_ALL,gpt6-sol v1.2 (single-pass rescreen 2026-10-09),"n/a (single Sol pass, no first-pass two-family comparison for this supplement)",,,n/a,assessed immediately after five competitive matches during each period,CRP was measured after five matches in each of two periods; no marker–symptom association is reported.
FS-007099,Repeated sprint training induces prolonged residual fatigue compared to other high-intensity interval training modalities in middle-distance runners.,Biology of sport,2026,support_B,present,present,young_adult_age_unclear,absent,,IL-6,crossover,M,HUMAN_SAMPLE_VERIFY,gpt6-sol v1.2 (single-pass rescreen 2026-10-09),"n/a (single Sol pass, no first-pass two-family comparison for this supplement)",,,n/a,A crossover repeated-measures design was used,Three exercise modalities were compared in a crossover; no marker–performance analysis or validation statistic is reported.
FS-007403,Bidirectional alteration of insulin receptor affinity by different forms of physical exercise.,The American journal of physiology,1984,support_B,present,present,young_adult_age_unclear,absent,,monocyte counts,crossover,M,HUMAN_SAMPLE_VERIFY,gpt6-sol v1.2 (single-pass rescreen 2026-10-09),"n/a (single Sol pass, no first-pass two-family comparison for this supplement)",,,n/a,,The same volunteers completed two exercise sessions; circulating monocyte count is the immune marker.
FS-007476,Restricted pulmonary diffusion capacity after exercise is not an ARDS-like injury.,Journal of sports sciences,1995,core_A,present,present,unclear,absent,,cytokines;IL-1-alpha;IL-8;TNF-alpha,other,M,HUMAN_SAMPLE_VERIFY,gpt6-sol v1.2 (single-pass rescreen 2026-10-09),"n/a (single Sol pass, no first-pass two-family comparison for this supplement)",,,n/a,,Single rowing bout; cytokines assessed two hours later. The abstract gives no participant ages or qualifying validation element.
FS-007494,Platelet function and fibrinolytic activity in hypertensive and normotensive sleep apnea patients.,Sleep,1995,core_A,present,present,clinical_or_infected_cohort,absent,,platelet factor-4;beta-thromboglobulin;PAI-1,case-control,X,HUMAN_SAMPLE_VERIFY,gpt6-sol v1.2 (single-pass rescreen 2026-10-09),"n/a (single Sol pass, no first-pass two-family comparison for this supplement)",,,n/a,,Exercise responses were compared between sleep apnea patients and controls; cardiovascular outcomes appear only in the conclusion.
FS-007499,On the role of C1-inhibitor as inhibitor at tissue-type plasminogen activator in human plasma,Thrombosis and Haemostasis,1995,core_A,present,present,young_adult_age_unclear,absent,,complement,other,M,HUMAN_SAMPLE_VERIFY,gpt6-sol v1.2 (single-pass rescreen 2026-10-09),"n/a (single Sol pass, no first-pass two-family comparison for this supplement)",,,n/a,,Exercise is one of several contexts used to measure a complement-related complex; no marker validation statistic is reported.
FS-007574,Human leucocyte-endothelial interactions in peripheral arterial occlusive disease.,European journal of clinical investigation,1994,core_A,present,present,clinical_or_infected_cohort,absent,,leukocyte adhesion receptors;leukocyte subsets,case-control,X,HUMAN_SAMPLE_VERIFY,gpt6-sol v1.2 (single-pass rescreen 2026-10-09),"n/a (single Sol pass, no first-pass two-family comparison for this supplement)",,,n/a,,Single treadmill bout with post-exercise leukocyte measurements in patients and controls.
FS-007712,Acute effects of treadmill running on lipoprotein(a) levels in males and females.,Medicine and science in sports and exercise,1997,core_A,present,present,unclear,absent,,CRP;ferritin,other,M,HUMAN_SAMPLE_VERIFY,gpt6-sol v1.2 (single-pass rescreen 2026-10-09),"n/a (single Sol pass, no first-pass two-family comparison for this supplement)",,,n/a,,Post-bout samples extend to seven days; overlap between the two protocol groups is not stated.
FS-007803,The role of epidermal growth factor in platelet-endothelium interactions.,Journal of physiology and pharmacology : an official journal of the Polish Physiological Society,1998,support_B,present,present,adults_stated,absent,,leukotrienes;platelet activation markers,other,M,HUMAN_SAMPLE_VERIFY,gpt6-sol v1.2 (single-pass rescreen 2026-10-09),"n/a (single Sol pass, no first-pass two-family comparison for this supplement)",,,n/a,,Exercise testing was repeated with phentolamine; platelet and leukotriene markers were sampled after exercise.
FS-008029,The response of reaction time and fatigability to exhaustive exercise in young male,Journal of Human Sport and Exercise,2025,core_A,present,present,young_adult_age_unclear,present,outcome_linkage,sIgA,other,V,HUMAN_CONFIRM_ALL,gpt6-sol v1.2 (single-pass rescreen 2026-10-09),"n/a (single Sol pass, no first-pass two-family comparison for this supplement)",,,n/a,There were no differences in changes in the salivary cortisol and SIgA level between the slower and faster groups.,SIgA changes were compared between groups defined by post-exercise reaction-time response.
FS-008150,"Acute Effects of Wild Ginseng Extract on Exercise Performance, Cognitive Function, and Fatigue Recovery: A Randomized Cross-Over, Placebo-Controlled, and Double-Blind Study",International Journal of Translational Medicine,2025,core_A,unclear,present,young_adult_age_unclear,absent,,IL-6,crossover,M,HUMAN_SAMPLE_VERIFY,gpt6-sol v1.2 (single-pass rescreen 2026-10-09),"n/a (single Sol pass, no first-pass two-family comparison for this supplement)",,,n/a,,The abstract does not specify biomarker sampling times or analyze IL-6 in relation to performance outcomes.
FS-008677,Is there a relationship between aortic valve degeneration and left ventricle function?,Cor et Vasa,2023,core_A,unclear,present,clinical_or_infected_cohort,absent,,CRP,case-control,X,HUMAN_SAMPLE_VERIFY,gpt6-sol v1.2 (single-pass rescreen 2026-10-09),"n/a (single Sol pass, no first-pass two-family comparison for this supplement)",,,n/a,,Before-and-after timing is stated for echocardiography; CRP sampling time is unspecified.
FS-008758,The effects of sex differences on delayed-onset muscle soreness by cold-water immersion following resistance exercise,Gazzetta Medica Italiana Archivio per le Scienze Mediche,2022,core_A,present,present,young_adult_age_unclear,absent,,leukocyte subsets;neutrophils,other,M,HUMAN_SAMPLE_VERIFY,gpt6-sol v1.2 (single-pass rescreen 2026-10-09),"n/a (single Sol pass, no first-pass two-family comparison for this supplement)",,,n/a,,WBC and neutrophils were measured after resistance exercise; no marker-to-outcome analysis is reported.
FS-008877,<i>Phoenix dactylifera</i> pollen does not affect eccentric resistance exercise-induced delayed-onset muscle soreness (DOMS) in female athletes,SPORT SCIENCES FOR HEALTH,2021,core_A,present,present,young_adult_age_unclear,absent,,lymphocytes;neutrophils,RCT,M,HUMAN_SAMPLE_VERIFY,gpt6-sol v1.2 (single-pass rescreen 2026-10-09),"n/a (single Sol pass, no first-pass two-family comparison for this supplement)",,,n/a,compared to the placebo,"One bout; immune cell counts and jump performance were compared between supplement groups, without marker–outcome linkage."
FS-009200,The effect of essential oil of rosemary on eccentric exercise-induced delayed-onset muscle soreness in non-active women,Comparative Exercise Physiology,2020,core_A,present,present,young_adult_age_unclear,absent,,lymphocytes;neutrophils,RCT,M,HUMAN_SAMPLE_VERIFY,gpt6-sol v1.2 (single-pass rescreen 2026-10-09),"n/a (single Sol pass, no first-pass two-family comparison for this supplement)",,,n/a,There was no other significant difference in other serum variables.,Single eccentric exercise bout with post-exercise immune cell measures; no qualifying validation analysis reported.
FS-009213,Effects of vibration therapy and vitamin D supplement on eccentric exercise-induced delayed onset muscle soreness in female students,Comparative Exercise Physiology,2020,core_A,present,present,young_adult_age_unclear,absent,,IL-6,RCT,M,HUMAN_SAMPLE_VERIFY,gpt6-sol v1.2 (single-pass rescreen 2026-10-09),"n/a (single Sol pass, no first-pass two-family comparison for this supplement)",,,n/a,"CK and IL-6 concentrations, as well as pain perception, were significantly lower in the vibration therapy and vitamin D groups",IL-6 and pain were compared across intervention groups; no analysis linking the marker to a qualifying outcome is reported.
FS-009427,24-hour dynamics for serum biomarkers of creatine metabolism after an acute session of exhaustive resistance exercise in active men; [Cinétique sur 24 heures des biomarqueurs sériques du métabolisme de la créatine après une séance d'exercice exhaustif en résistance chez des sujets masculins pratiquant une activité physique],Science and Sports,2019,core_A,present,present,young_adult_age_unclear,absent,,IL-6,other,M,HUMAN_SAMPLE_VERIFY,gpt6-sol v1.2 (single-pass rescreen 2026-10-09),"n/a (single Sol pass, no first-pass two-family comparison for this supplement)",,,n/a,"no significant correlations were found between serum cortisol, IL-6, CK and LDH and creatine metabolites","Reported baseline concentrations concern creatine metabolites, not IL-6; correlations with creatine metabolites are not qualifying outcome linkage."
FS-009684,A pair of identical twins discordant for myalgic encephalomyelitis/chronic fatigue syndrome differ in physiological parameters and gut microbiome composition,American Journal of Case Reports,2016,support_B,present,present,clinical_or_infected_cohort,absent,,resistin;soluble CD40 ligand;soluble Fas ligand,other,X,HUMAN_SAMPLE_VERIFY,gpt6-sol v1.2 (single-pass rescreen 2026-10-09),"n/a (single Sol pass, no first-pass two-family comparison for this supplement)",,,n/a,WELL demonstrated normal reproducibility of VO<sub>2</sub>@ventilatory/anaerobic threshold (VAT) during CPET2,"Two-day exercise test in a twin pair; reproducibility concerns VO2, and no immune marker–performance analysis is reported."
FS-009777,The effects of a tart cherry beverage on reducing exercise-induced muscle soreness,Isokinetics and Exercise Science,2017,core_A,present,present,unclear,absent,,cytokines,other,M,HUMAN_SAMPLE_VERIFY,gpt6-sol v1.2 (single-pass rescreen 2026-10-09),"n/a (single Sol pass, no first-pass two-family comparison for this supplement)",,,n/a,,"Cytokines and soreness outcomes were assessed, but no analysis linking cytokines to an outcome is reported."
FS-009816,Osteocalcin Signaling in Myofibers Is Necessary and Sufficient for Optimum Adaptation to Exercise,Cell Metabolism,2016,core_A,absent,unclear,animal_or_in_vitro,absent,,,other,X,HUMAN_SAMPLE_VERIFY,gpt6-sol v1.2 (single-pass rescreen 2026-10-09),"n/a (single Sol pass, no first-pass two-family comparison for this supplement)",,,n/a,,"Interleukin-6 is named, but the abstract does not establish that it was measured in a human biosample."
FS-010423,Preventive effects of purslane extract on delayed onset muscle soreness induced by one session bench-stepping exercise,Isokinetics and Exercise Science,2011,core_A,present,present,young_adult_age_unclear,absent,,immunoglobulins;IgA,RCT,M,HUMAN_SAMPLE_VERIFY,gpt6-sol v1.2 (single-pass rescreen 2026-10-09),"n/a (single Sol pass, no first-pass two-family comparison for this supplement)",,,n/a,,"IgA and soreness outcomes were measured, without a reported analysis relating IgA to an outcome."
FS-010765,Disconnect between standardized field-based testing and mannitol challenge in Scottish elite swimmers,Clinical and Experimental Allergy,2010,core_A,present,present,unclear,absent,,exhaled nitric oxide;nasal nitric oxide,other,M,HUMAN_SAMPLE_VERIFY,gpt6-sol v1.2 (single-pass rescreen 2026-10-09),"n/a (single Sol pass, no first-pass two-family comparison for this supplement)",,,n/a,,Airway nitric oxide was measured after swimming; no specified validation statistic or qualifying outcome linkage is reported.
FS-010813,Supplementation with a whey protein hydrolysate enhances recovery of muscle force-generating capacity following eccentric exercise,Journal of Science and Medicine in Sport,2010,core_A,present,present,unclear,absent,,TNF-alpha;cytokines,RCT,M,HUMAN_SAMPLE_VERIFY,gpt6-sol v1.2 (single-pass rescreen 2026-10-09),"n/a (single Sol pass, no first-pass two-family comparison for this supplement)",,,n/a,,"Muscle torque and TNFα were assessed, but no analysis relating TNFα to torque recovery is reported."
FS-011042,Exercise-induced bronchoconstriction alters airway nitric oxide exchange in a pattern distinct from spirometry,American Journal of Physiology - Regulatory Integrative and Comparative Physiology,2006,core_A,present,present,clinical_or_infected_cohort,absent,,exhaled nitric oxide,case-control,X,HUMAN_SAMPLE_VERIFY,gpt6-sol v1.2 (single-pass rescreen 2026-10-09),"n/a (single Sol pass, no first-pass two-family comparison for this supplement)",,,n/a,,Exercise challenge measured airway nitric oxide; the cohort included asthmatic subjects and healthy controls.
FS-011720,Piroxicam fails to reduce myocellular enzyme leakage and delayed onset muscle soreness induced by isokinetic eccentric exercise,Mediators of Inflammation,1996,support_B,present,present,young_adult_age_unclear,absent,,prostaglandin E2,crossover,M,HUMAN_SAMPLE_VERIFY,gpt6-sol v1.2 (single-pass rescreen 2026-10-09),"n/a (single Sol pass, no first-pass two-family comparison for this supplement)",,,n/a,,"Two placebo and piroxicam exercise sessions measured PGE2; soreness was measured, but marker linkage to a qualifying outcome was not reported."
FS-011841,Effect of maximal physical exercise on hemorheological parameters in top level sportsmen,Clinical Hemorheology,1989,core_A,present,present,unclear,absent,,leukocyte counts,other,M,HUMAN_SAMPLE_VERIFY,gpt6-sol v1.2 (single-pass rescreen 2026-10-09),"n/a (single Sol pass, no first-pass two-family comparison for this supplement)",,,n/a,,Acute exercise study measured leukocytes; participants' ages were not stated.
FS-011892,Human leucocyte rheology and tissue ischaemia,European Journal of Clinical Investigation,1989,core_A,present,present,clinical_or_infected_cohort,absent,,leukocyte subsets;leukocyte filterability,case-control,X,HUMAN_SAMPLE_VERIFY,gpt6-sol v1.2 (single-pass rescreen 2026-10-09),"n/a (single Sol pass, no first-pass two-family comparison for this supplement)",,,n/a,,Patients and matched controls underwent exercise tests with leukocyte rheology measured before and after.
FS-012224,Effect of Dynamic Hyperinflation on Cardiac Response to Exercise of Patients With Chronic Obstructive Pulmonary Disease,ARCHIVOS DE BRONCONEUMOLOGIA,2021,core_A,unclear,present,clinical_or_infected_cohort,absent,,IL-1 beta;inflammatory biomarkers,cross-sectional,X,HUMAN_SAMPLE_VERIFY,gpt6-sol v1.2 (single-pass rescreen 2026-10-09),"n/a (single Sol pass, no first-pass two-family comparison for this supplement)",,,n/a,,IL-1 beta was analysed against cardiac exercise response; biomarker sampling time relative to exercise was not stated.
FS-012396,How to live until 90 - Factors predicting survival in 75-year-olds from the general population,HEALTHY AGING RESEARCH,2014,core_A,absent,present,adults_stated,present,metric_validation,leukocyte counts,cohort,X,HUMAN_SAMPLE_VERIFY,gpt6-sol v1.2 (single-pass rescreen 2026-10-09),"n/a (single Sol pass, no first-pass two-family comparison for this supplement)",,,n/a,"Through Area Under the Receiver Operating Characteristic (AUROC) curves, strong predictors for survival until age 90 (AUROC= 0.60)",Exercise test variables and WBC counts predicted survival; no bout-linked blood sampling was reported.
FS-012625,Changes of plasma concentrations of soluble vascular cell adhesion molecule-1 and vascular endothelial growth factor after increased perfusion of lower extremities in humans,ENDOTHELIUM-JOURNAL OF ENDOTHELIAL CELL RESEARCH,2003,core_A,present,present,young_adult_age_unclear,absent,,cytokines;sVCAM-1;VEGF,other,M,HUMAN_SAMPLE_VERIFY,gpt6-sol v1.2 (single-pass rescreen 2026-10-09),"n/a (single Sol pass, no first-pass two-family comparison for this supplement)",,,n/a,,Cycle exercise produced post-exercise sVCAM-1 and VEGF measurements; no validation-readiness subtype is reported.
FS-012632,The effects of ibuprofen on delayed muscle soreness and muscular performance after eccentric exercise,JOURNAL OF STRENGTH AND CONDITIONING RESEARCH,2003,core_A,present,present,young_adult_age_unclear,absent,,leukocyte counts,RCT,M,HUMAN_SAMPLE_VERIFY,gpt6-sol v1.2 (single-pass rescreen 2026-10-09),"n/a (single Sol pass, no first-pass two-family comparison for this supplement)",,,n/a,,"Randomized ibuprofen comparison after one eccentric bout; performance was measured, but no analysis linking it to WBC is reported."
FS-014488,Effect of 8 weeks Rhythmic aerobic exercise on serum Resistin and Body Mass Index of overweight and obese women,WORLD FAMILY MEDICINE,2017,core_A,present,present,young_adult_age_unclear,absent,,resistin,RCT,M,HUMAN_SAMPLE_VERIFY,gpt6-sol v1.2 (single-pass rescreen 2026-10-09),"n/a (single Sol pass, no first-pass two-family comparison for this supplement)",,,n/a,,The final blood draw was tied to the last training session; resistin was measured at two stages.
FS-015473,LEUKOCYTES AND FREE-RADICALS IN STABLE ANGINA-PECTORIS,JAPANESE HEART JOURNAL,1992,core_A,present,present,clinical_or_infected_cohort,absent,,leukocyte function;granulocyte activation,case-control,X,HUMAN_SAMPLE_VERIFY,gpt6-sol v1.2 (single-pass rescreen 2026-10-09),"n/a (single Sol pass, no first-pass two-family comparison for this supplement)",,,n/a,,Exercise-induced ischemia study with leukocyte function measured before and after exercise in patients and matched controls.
