record_id,title,final_disposition,final_primary_code
FS-001493,Effect of 6-day intense Kendo training on lymphocyte counts and its expression of CD95.,AWAITING_CLASSIFICATION,
FS-002122,Effect of Acute Maximal Exercise on Circulating Levels of Interleukin-12 during Ramadan Fasting.,INCLUDE_A_AND_B,
FS-002175,Bananas as an energy source during exercise: a metabolomics approach.,EXCLUDE,FT08_MIXED_INTERVENTION_NOT_SEPARABLE
FS-002532,Influence of a polyphenol-enriched protein powder on exercise-induced inflammation and oxidative stress in athletes: a randomized trial using a metabolomics approach.,INCLUDE_A,
FS-003206,Tear Fluid SIgA as a Noninvasive Biomarker of Mucosal Immunity and Common Cold Risk.,INCLUDE_A,
FS-003303,Protein intake during training sessions has no effect on performance and recovery during a strenuous training camp for elite cyclists.,AWAITING_CLASSIFICATION,
FS-003426,Post-exercise branched chain amino acid supplementation does not affect recovery markers following three consecutive high intensity resistance training bouts compared to carbohydrate supplementation.,EXCLUDE,FT08_MIXED_INTERVENTION_NOT_SEPARABLE
FS-003434,The impact of sleeping with reduced glycogen stores on immunity and sleep in triathletes.,RETAIN_BACKGROUND,
FS-003475,Immune and inflammatory responses to freediving calculated from leukocyte gene expression profiles.,EXCLUDE,FT08_MIXED_INTERVENTION_NOT_SEPARABLE
FS-003994,"Metabolic recovery from heavy exertion following banana compared to sugar beverage or water only ingestion: A randomized, crossover trial.",INCLUDE_A_AND_B,
FS-004136,Changes in iron metabolism during prolonged repeated walking exercise in middle-aged men and women.,INCLUDE_A_AND_B,
FS-004210,Multi-dimensional flow cytometry analysis reveals increasing changes in the systemic neutrophil compartment during seven consecutive days of endurance exercise.,INCLUDE_B,
FS-004385,Ketone ester supplementation blunts overreaching symptoms during endurance training overload.,RETAIN_BACKGROUND,
FS-004624,"Plasma MMP-9, TIMP-1, and TGF-β1 Responses to Exercise-Induced Muscle Injury.",INCLUDE_A,
FS-004640,Hypoxic-inflammatory responses under acute hypoxia: In Vitro experiments and prospective observational expedition trial.,INCLUDE_A,
FS-004712,Circulating microRNAs in Response to Exercise Training in Healthy Adults.,INCLUDE_A_AND_B,
FS-004786,Additive effect of erythropoietin use on exercise-induced endothelial activation and hypercoagulability in athletes.,INCLUDE_A_AND_B,
FS-004826,Reliability and suitability of physiological exercise response and recovery markers.,INCLUDE_A_AND_B,
FS-004889,Analysis of human neutrophil phenotypes as biomarker to monitor exercise-induced immune changes.,EXCLUDE,FT03_POPULATION_NOT_ELIGIBLE
FS-005045,Differential effects on blood and cerebrospinal fluid immune protein markers and kynurenine pathway metabolites from aerobic physical exercise in healthy subjects.,INCLUDE_A,
FS-005160,Impact of Olive Oil Supplement Intake on Dendritic Cell Maturation after Strenuous Physical Exercise: A Preliminary Study.,EXCLUDE,FT08_MIXED_INTERVENTION_NOT_SEPARABLE
FS-005226,Post-match recovery profile of leukocyte cell subsets among professional soccer players.,INCLUDE_B,
FS-005770,"Acute and long-term exercise differently modulate plasma levels of oxylipins, endocannabinoids, and their analogues in young sedentary adults: A sub-study and secondary analyses from the ACTIBATE randomized controlled-trial.",INCLUDE_A,
FS-006018,Comparative transcriptome analysis of unfractionated peripheral blood leukocytes after exercise in human.,INCLUDE_A,
FS-006131,Salivary concentrations of secretory leukocyte protease inhibitor and matrix metallopeptidase-9 following a single bout of exercise are associated with intensity and hydration status.,INCLUDE_A,
FS-006191,"Combined Turmeric, Vitamin C, and Vitamin D Ready-to-Drink Supplements Reduce Upper Respiratory Illness Symptoms and Gastrointestinal Discomfort in Elite Male Football Players.",INCLUDE_A_AND_B,
FS-006218,Proteomics of appetite-regulating system influenced by menstrual cycle and intensive exercise in female athletes: a pilot study.,INCLUDE_A,
FS-006356,Oxylipin Dynamics Following A Single Bout of Yoga Exercise: A Pilot Randomized Controlled Trial Secondary Analysis.,AWAITING_CLASSIFICATION,
FS-006534,Exercise intensity and training alter the innate immune cell type and chromosomal origins of circulating cell-free DNA in humans.,INCLUDE_A_AND_B,
FS-006662,The Influence of an Acute Endurance Intervention on Breast Cancer Cell Growth-A Pilot Study.,INCLUDE_A,
FS-006697,Functional characterisation of CD8+ T cells mobilised with acute supramaximal high-intensity interval exercise: implications for immune surveillance.,INCLUDE_A,
FS-006751,Maximal and sub-maximal exercise tests alter PBMC microRNA expression: insights into sport- and sex-specific variations.,INCLUDE_A,
FS-006754,MSM Supplementation Is Associated with Reduced Inflammation and Improved Innate Immune Response following In Vitro LPS-Stimulation in Humans after a Bout of Downhill Running.,INCLUDE_A,
FS-006787,Even at 100+: Acute Exercise Modulates Inflammatory Pathways in Centenarians.,INCLUDE_A,
FS-006824,"The Contingency of Reported sST2 Serum Concentrations with a Protein Detection System (ELISA) from the Same Manufacturer (R&D Biotechne, 2002-2025): An Explanatory Effort by Applied Medical Researchers.",INCLUDE_A,
FS-006871,Immunological Protein Signature During Acute Exercise.,INCLUDE_A,
FS-007237,NSAIDs trigger drug-specific response to exercise: a multi-omics systems biology analysis of a randomized crossover trial.,INCLUDE_A,
FS-007328,Tai Chi exercise of short duration alters circulating oxylipins in postmenopausal women: a pilot study.,INCLUDE_A,
FS-007930,Musculoskeletal (Mal)adaptations in Response to a > 30 000-km Running Challenge,INCLUDE_A,
FS-000912,"Serum concentrations of C reactive protein, alpha1 antitrypsin, and complement (C3, C4, C1 esterase inhibitor) before and during the Vuelta a Espańa.",INCLUDE_B,
FS-002032,Induced sputum proteome in healthy subjects and asthmatic patients.,AWAITING_CLASSIFICATION,
FS-002578,The effect of tapering period on plasma pro-inflammatory cytokine levels and performance in elite male cyclists.,INCLUDE_B,
FS-005607,Reliability of Biomarkers of Physiological Stress at Rest and Post-exertional Heat Stress.,EXCLUDE,FT07_NO_ELIGIBLE_IMMUNE_LINK
FS-006563,Cellular deconstruction of the human skeletal muscle microenvironment identifies an exercise-induced histaminergic crosstalk.,INCLUDE_A,
FS-006965,Oxylipin Responses during the Yukon Arctic Ultra: The Longest and Coldest Ultramarathon in the World.,INCLUDE_A,
FS-007308,Palmitoylethanolamide supplementation partly modulates eccentric exercise-induced changes in the bioactive lipid profile of skeletal muscle tissue.,AWAITING_CLASSIFICATION,
FS-007479,The effect on immunity of long-term intensive training in elite swimmers.,INCLUDE_A_AND_B,
FS-007953,Machine Learning-based Classification of Exercise Status Using miR-21 Expression and Multivariable Participant Profiles,EXCLUDE,FT04_NO_QUALIFYING_EXERCISE_EXPOSURE
FS-009498,Nonconventional and conventional biomarkers evaluated in gold medalists beach volleyball players during the 2015 and 2016 seasons (Pre-olympic and olympic years),RETAIN_BACKGROUND,
FS-010649,Monitoring biological and psychological measures throughout an entire season in male handball players,RETAIN_BACKGROUND,
FS-013865,LEUKOCYTE AND ERYTHROCYTE COUNTS DURING A MULTISTAGE CYCLING RACE (THE MILK-RACE),INCLUDE_A_AND_B,
