record_id,title,B_disposition,B_primary_code,B_age_rule_check,B_validation_element_confirmed,C_disposition,C_primary_code,C_age_rule_check,C_validation_element_confirmed,agreed,secondary_disagreement,final_disposition,final_primary_code,final_source
FS-000059,Physiological and psychometric variables for monitoring recovery during tapering for major competition.,,,,,,,,,no,,,,
FS-000076,"Endurance exercise causes interaction among stress hormones, cytokines, neutrophil dynamics, and muscle damage.",,,,,,,,,no,,,,
FS-000102,Saliva immunoglobulins in elite women rowers.,,,,,,,,,no,,,,
FS-000106,Gastrointestinal mucosal integrity after prolonged exercise with fluid supplementation.,,,,,,,,,no,,,,
FS-000124,Simplified quantitation of myeloid dendritic cells in peripheral blood using flow cytometry.,INCLUDE_A,,adults_confirmed,yes,INCLUDE_A,,adults_confirmed,yes,yes,,INCLUDE_A,,agreed
FS-000142,Immune status and respiratory illness for elite swimmers during a 12-week training cycle.,,,,,,,,,no,,,,
FS-000156,The effect of BCAA supplementation upon the immune response of triathletes.,,,,,,,,,no,,,,
FS-000182,Aged human muscle demonstrates an altered gene expression profile consistent with an impaired response to exercise.,,,,,,,,,no,,,,
FS-000212,Mucosal IgA response to repeated wingate tests in females.,,,,,,,,,no,,,,
FS-000242,Adaptation to eccentric exercise: neutrophils and E-selectin during early recovery.,,,,,,,,,no,,,,
FS-000266,Blood histamine levels after exercise testing.,,,,,,,,,no,,,,
FS-000274,Effects of a 7-day eccentric training period on muscle damage and inflammation.,,,,,,,,,no,,,,
FS-000287,"Highly sensitive determination of plasma cytokines by time-resolved fluoroimmunoassay; effect of bicycle exercise on plasma level of interleukin-1 alpha (IL-1 alpha), tumor necrosis factor alpha (TNF alpha), and interferon gamma (IFN gamma).",,,,,,,,,no,,,,
FS-000297,Change in salivary IgA following a competitive marathon race.,,,,,,,,,no,,,,
FS-000319,Molecular characteristics of aged muscle reflect an altered ability to respond to exercise.,,,,,,,,,no,,,,
FS-000389,Performance enhancement with maintenance of resting immune status after intensified cycle training.,,,,,,,,,no,,,,
FS-000404,"Effect of marathon running on hematologic and biochemical laboratory parameters, including cardiac markers.",,,,,,,,,no,,,,
FS-000425,The biological and metabolic adaptations to 12 months training in elite rowers.,,,,,,,,,no,,,,
FS-000450,Influence of iron status and iron supplements on natural killer cell activity in trained women runners.,,,,,,,,,no,,,,
FS-000451,"Tennis, incidence of URTI and salivary IgA.",,,,,,,,,no,,,,
FS-000460,"Strength, workload, anaerobic intensity and the immune response to resistance exercise in women.",INCLUDE_A_AND_B,,adults_confirmed,yes,INCLUDE_A_AND_B,,adults_confirmed,yes,yes,,INCLUDE_A_AND_B,,agreed
FS-000472,Temporal relation between leukocyte accumulation in muscles and halted recovery 10-20 h after strength exercise.,,,,,,,,,no,,,,
FS-000504,Immune and oxidative changes during and following the Western States Endurance Run.,INCLUDE_A,,adults_confirmed,yes,INCLUDE_A,,adults_confirmed,yes,yes,,INCLUDE_A,,agreed
FS-000533,Exercise-induced changes in circulating levels of transforming growth factor-beta-1 in humans: methodological considerations.,,,,,,,,,no,,,,
FS-000573,Plasma amino acid concentrations in the overtraining syndrome: possible effects on the immune system.,,,,,,,,,no,,,,
FS-000645,Effects of exercise on gene expression in human peripheral blood mononuclear cells.,INCLUDE_A,,adults_confirmed,yes,INCLUDE_A,,adults_confirmed,yes,yes,,INCLUDE_A,,agreed
FS-000681,CD94 expression and natural killer cell activity after acute exercise.,INCLUDE_A_AND_B,,adults_confirmed,yes,INCLUDE_A_AND_B,,adults_confirmed,yes,yes,,INCLUDE_A_AND_B,,agreed
FS-000693,Leukocyte heat shock protein expression before and after intensified training.,,,,,,,,,no,,,,
FS-000719,Effects of chronic intense exercise training on the leukocyte response to acute exercise.,,,,,,,,,no,,,,
FS-000726,Behaviour of haematological parameters in athletes performing marathons and ultramarathons in altitude ('skyrunners').,,,,,,,,,no,,,,
FS-000731,Effects of acute exhaustive exercise and chronic exercise training on type 1 and type 2 T lymphocytes.,INCLUDE_A_AND_B,,adults_confirmed,yes,INCLUDE_A_AND_B,,adults_confirmed,yes,yes,,INCLUDE_A_AND_B,,agreed
FS-000751,Hematological recovery in male ultramarathon runners: the effect of variations in training load and running time.,,,,,,,,,no,,,,
FS-000816,Transcription in response to physical stress--clues to the molecular mechanisms of exercise-induced asthma.,,,,,,,,,no,,,,
FS-000829,Increase in plasma calprotectin during long-distance running.,,,,,,,,,no,,,,
FS-000837,cDNA microarray analysis reveals novel candidate genes expressed in human peripheral blood following exhaustive exercise.,,,,,,,,,no,,,,
FS-000873,Delayed leukocytosis and cytokine response to high-force eccentric exercise.,,,,,,,,,no,,,,
FS-000885,The effects of a high carbohydrate diet on cortisol and salivary immunoglobulin A (s-IgA) during a period of increase exercise workload amongst Olympic and Ironman triathletes.,,,,,,,,,no,,,,
FS-000901,CDNA-microarray analysis as a research tool for expression profiling in human peripheral blood following exercise.,INCLUDE_A,,adults_confirmed,yes,INCLUDE_A,,adults_confirmed,yes,yes,,INCLUDE_A,,agreed
FS-000912,"Serum concentrations of C reactive protein, alpha1 antitrypsin, and complement (C3, C4, C1 esterase inhibitor) before and during the Vuelta a Espańa.",INCLUDE_B,,adults_confirmed,yes,INCLUDE_A_AND_B,,adults_confirmed,yes,no,,INCLUDE_B,,D
FS-000925,Antioxidant status and oxidative stress in professional rugby players: evolution throughout a season.,,,,,,,,,no,,,,
FS-000951,Relationship between salivary IgA secretion and upper respiratory tract infection following a 160-km race.,,,,,,,,,no,,,,
FS-000953,Effects of AM3 (Inmunoferon) on increased serum concentrations of interleukin-6 and tumour necrosis factor receptors I and II in cyclists.,,,,,,,,,no,,,,
FS-000972,Salivary IgA response of triathletes participating in the French Iron Tour.,,,,,,,,,no,,,,
FS-000983,Changes in mucosal and humoral atopic-related markers and immunoglobulins in elite cyclists participating in the Vuelta a España.,,,,,,,,,no,,,,
FS-000990,Cell-free plasma DNA as a novel marker of aseptic inflammation severity related to exercise overtraining.,,,,,,,,,no,,,,
FS-000995,The main neutrophil and neutrophil-related functions may compensate for each other following exercise - A finding from training in university judoists,,,,,,,,,no,,,,
FS-001024,Exercise affects the gene expression profiles of human white blood cells.,,,,,,,,,no,,,,
FS-001039,Elevation of myeloperoxidase in conjunction with cardiac-specific markers after marathon running.,,,,,,,,,no,,,,
FS-001044,Effects of bovine colostrum supplementation on immune variables in highly trained cyclists.,INCLUDE_A_AND_B,,adults_confirmed,yes,INCLUDE_A_AND_B,,adults_confirmed,yes,yes,,INCLUDE_A_AND_B,,agreed
FS-001117,Bimodal recovery pattern in human skeletal muscle induced by exhaustive stretch-shortening cycle exercise.,,,,,,,,,no,,,,
FS-001124,"Deleterious effects of short-term, high-intensity exercise on immune function: evidence from leucocyte mitochondrial alterations and apoptosis.",INCLUDE_A_AND_B,,adults_confirmed,yes,INCLUDE_A_AND_B,,adults_confirmed,yes,yes,,INCLUDE_A_AND_B,,agreed
FS-001140,Influence of the sample collection method on salivary interleukin-6 levels in resting and post-exercise conditions.,,,,,,,,,no,,,,
FS-001146,Effect of heat acclimation on heat shock protein 72 and interleukin-10 in humans.,,,,,,,,,no,,,,
FS-001172,Quercetin's influence on exercise-induced changes in plasma cytokines and muscle and leukocyte cytokine mRNA.,,,,,,,,,no,,,,
FS-001176,Quercetin reduces illness but not immune perturbations after intensive exercise.,,,,,,,,,no,,,,
FS-001197,Total lymphocyte CD8 expression is not a reliable marker of cytotoxic T-cell populations in human peripheral blood following an acute bout of high-intensity exercise.,,,,,,,,,no,,,,
FS-001207,Cytokine responses to treadmill running in healthy and illness-prone athletes.,,,,,,,,,no,,,,
FS-001211,Effects of 30 min of aerobic exercise on gene expression in human neutrophils.,INCLUDE_A,,adults_confirmed,yes,INCLUDE_A,,adults_confirmed,yes,yes,,INCLUDE_A,,agreed
FS-001224,"Diurnal variation, response to eccentric exercise, and association of inflammatory mediators with muscle damage variables.",INCLUDE_A,,adults_confirmed,yes,INCLUDE_A,,adults_confirmed,yes,yes,,INCLUDE_A,,agreed
FS-001269,Strenuous exercise activates growth factors and chemokines over-expression in human serum of top-level triathlon athletes during a competitive season.,,,,,,,,,no,,,,
FS-001280,Chronic quercetin ingestion and exercise-induced oxidative damage and inflammation.,,,,,,,,,no,,,,
FS-001293,Cytokine responses to acute and chronic exercise in multiple sclerosis.,,,,,,,,,no,,,,
FS-001310,Patterns of exercise-related inflammatory response in sickle cell trait carriers.,,,,,,,,,no,,,,
FS-001311,The effect of exercise on innate mucosal immunity.,INCLUDE_A,,adults_confirmed,yes,INCLUDE_A,,adults_confirmed,yes,yes,,INCLUDE_A,,agreed
FS-001324,Salivary IgA as a risk factor for upper respiratory infections in elite professional athletes.,RETAIN_BACKGROUND,,adults_confirmed,yes,RETAIN_BACKGROUND,,adults_confirmed,yes,yes,,RETAIN_BACKGROUND,,agreed
FS-001339,The influence of increased training volume on cytokines and ghrelin concentration in college level male rowers.,,,,,,,,,no,,,,
FS-001364,Two methods for determining plasma IL-6 in humans at rest and following exercise.,,,,,,,,,no,,,,
FS-001370,The impact of a 17-day training period for an international championship on mucosal immune parameters in top-level basketball players and staff members.,,,,,,,,,no,,,,
FS-001372,One-year endurance training: effects on lung function and airway inflammation.,,,,,,,,,no,,,,
FS-001489,Long-term stability and circadian variation in circulating levels of surfactant protein D.,,,,,,,,,no,,,,
FS-001493,Effect of 6-day intense Kendo training on lymphocyte counts and its expression of CD95.,AWAITING_CLASSIFICATION,,"mean_minus_2SD_below_18_unresolved — p.22: ""Age (years)            19.6   ±    0.9""",yes,INCLUDE_B,,adults_confirmed,yes,no,age_rule_check,AWAITING_CLASSIFICATION,,D
FS-001505,"Environmental conditions, air pollutants, and airway cells in runners: a longitudinal field study.",INCLUDE_A_AND_B,,adults_confirmed,yes,INCLUDE_A_AND_B,,adults_confirmed,yes,yes,,INCLUDE_A_AND_B,,agreed
FS-001536,Relationship between C-reactive protein concentration and cytokine responses to exercise in healthy and illness-prone runners.,,,,,,,,,no,,,,
FS-001575,Changes of mucosal immunity and antioxidation activity in elite male Taiwanese taekwondo athletes associated with intensive training and rapid weight loss.,,,,,,,,,no,,,,
FS-001584,Differential genomic responses in old vs. young humans despite similar levels of modest muscle damage after resistance loading.,INCLUDE_A,,adults_confirmed,yes,INCLUDE_A,,adults_confirmed,yes,yes,,INCLUDE_A,,agreed
FS-001595,Effect of exercise on gene expression profile in unfractionated peripheral blood leukocytes.,,,,,,,,,no,,,,
FS-001598,Effects of heavy endurance physical exercise on inflammatory markers in non-athletes.,,,,,,,,,no,,,,
FS-001612,Time course of leukocyte accumulation in human muscle after eccentric exercise.,,,,,,,,,no,,,,
FS-001615,Potential biomarkers of muscle injury after eccentric exercise.,,,,,,,,,no,,,,
FS-001622,Upper respiratory tract infection symptoms in ultramarathon runners not related to immunoglobulin status.,,,,,,,,,no,,,,
FS-001635,Evidence for microRNA involvement in exercise-associated neutrophil gene expression changes.,INCLUDE_A,,adults_confirmed,yes,INCLUDE_A,,adults_confirmed,yes,yes,,INCLUDE_A,,agreed
FS-001733,"The reliability of the IL-6, sIL-6R and sgp130 response to a preloaded time trial.",,,,,,,,,no,,,,
FS-001787,The effect of exercise on plasma soluble IL-6 receptor concentration: a dichotomous response.,INCLUDE_A,,adults_confirmed,yes,INCLUDE_A,,adults_confirmed,yes,yes,,INCLUDE_A,,agreed
FS-001833,Lymphocyte enzymatic antioxidant responses to oxidative stress following high-intensity interval exercise.,,,,,,,,,no,,,,
FS-001835,Short term effects of various water immersions on recovery from exhaustive intermittent exercise.,,,,,,,,,no,,,,
FS-001904,Changes in lymphocyte subpopulations after prolonged exercise.,,,,,,,,,no,,,,
FS-001905,Lymphocyte subset responses to repeated submaximal exercise in men.,,,,,,,,,no,,,,
FS-001918,Changes in transcriptional output of human peripheral blood mononuclear cells following resistance exercise.,INCLUDE_A,,adults_confirmed,yes,INCLUDE_A,,adults_confirmed,yes,yes,,INCLUDE_A,,agreed
FS-001987,Dynamic regulation of circulating microRNA during acute exhaustive exercise and sustained aerobic exercise training.,INCLUDE_A_AND_B,,adults_confirmed,no,INCLUDE_A_AND_B,,adults_confirmed,no,yes,,INCLUDE_A_AND_B,,agreed
FS-001994,Passing the anaerobic threshold is associated with substantial changes in the gene expression profile in white blood cells.,,,,,,,,,no,,,,
FS-002014,Eleven days of moderate exercise and heat exposure induces acclimation without significant HSP70 and apoptosis responses of lymphocytes in college-aged males.,INCLUDE_A_AND_B,,adults_confirmed,yes,INCLUDE_A_AND_B,,adults_confirmed,yes,yes,,INCLUDE_A_AND_B,,agreed
FS-002021,Combined proteomic and metabolomic profiling of serum reveals association of the complement system with obesity and identifies novel markers of body fat mass changes.,,,,,,,,,no,,,,
FS-002032,Induced sputum proteome in healthy subjects and asthmatic patients.,INCLUDE_A,,adults_confirmed,yes,AWAITING_CLASSIFICATION,,"mean_minus_2SD_below_18_unresolved — p.5: ""Five additional subjects were recruited that did not have asthma""",yes,no,age_rule_check,AWAITING_CLASSIFICATION,,D
FS-002039,Severe exercise and exercise training exert opposite effects on human neutrophil apoptosis via altering the redox status.,INCLUDE_A_AND_B,,adults_confirmed,yes,INCLUDE_A_AND_B,,adults_confirmed,yes,yes,,INCLUDE_A_AND_B,,agreed
FS-002059,Resistance exercise training influences skeletal muscle immune activation: a microarray analysis.,INCLUDE_A,,adults_confirmed,yes,INCLUDE_A,,adults_confirmed,yes,yes,,INCLUDE_A,,agreed
FS-002071,Differential effects of acute and chronic exercise on human neutrophil functions.,,,,,,,,,no,,,,
FS-002077,"The impact of 6-month training preparation for an Ironman triathlon on the proportions of naïve, memory and senescent T cells in resting blood.",,,,,,,,,no,,,,
FS-002079,Exercise-associated generation of PPARγ ligands activates PPARγ signaling events and upregulates genes related to lipid metabolism.,,,,,,,,,no,,,,
FS-002088,The effect of preseason training on mucosal immunity in male basketball players.,,,,,,,,,no,,,,
FS-002122,Effect of Acute Maximal Exercise on Circulating Levels of Interleukin-12 during Ramadan Fasting.,INCLUDE_A_AND_B,,adults_confirmed,yes,INCLUDE_A,,adults_confirmed,no,no,validation_element_confirmed,INCLUDE_A_AND_B,,D
FS-002123,Effects of exercise on microRNA expression in young males peripheral blood mononuclear cells.,INCLUDE_A,,adults_confirmed,yes,INCLUDE_A,,adults_confirmed,yes,yes,,INCLUDE_A,,agreed
FS-002156,Transcript profiling of CD16-positive monocytes reveals a unique molecular fingerprint.,,,,,,,,,no,,,,
FS-002162,Phadiatop testing in assessing predisposition to respiratory tract symptoms of allergic origin in athletes.,INCLUDE_A_AND_B,,adults_confirmed,yes,INCLUDE_A_AND_B,,adults_confirmed,yes,yes,,INCLUDE_A_AND_B,,agreed
FS-002172,Prevalence of allergy and upper respiratory tract symptoms in runners of the London marathon.,,,,,,,,,no,,,,
FS-002175,Bananas as an energy source during exercise: a metabolomics approach.,EXCLUDE,FT08_MIXED_INTERVENTION_NOT_SEPARABLE,adults_confirmed,yes,INCLUDE_A,,adults_confirmed,no,no,validation_element_confirmed,EXCLUDE,FT08_MIXED_INTERVENTION_NOT_SEPARABLE,D
FS-002180,Haematological and iron metabolism parameters in professional cyclists during the Giro d'Italia 3-weeks stage race.,,,,,,,,,no,,,,
FS-002241,Expression pattern of the transforming growth factor β signaling genes in human peripheral blood mononuclear cells after exercise-inflammatory aspects.,,,,,,,,,no,,,,
FS-002264,SELDI-TOF-MS Serum Profiling Reveals Predictors of Cardiac MRI Changes in Marathon Runners.,AWAITING_CLASSIFICATION,,"mean_minus_2SD_below_18_unresolved — p.2: ""twenty-five (12 male and 13 female) were randomly selected""",yes,AWAITING_CLASSIFICATION,,mean_minus_2SD_below_18_unresolved,yes,yes,age_rule_check,AWAITING_CLASSIFICATION,,agreed
FS-002265,Changes in natural killer cell subpopulations over a winter training season in elite swimmers.,,,,,,,,,no,,,,
FS-002283,"Effects of a flavonoid-rich juice on inflammation, oxidative stress, and immunity in elite swimmers: a metabolomics-based approach.",INCLUDE_A,,adults_confirmed,no,INCLUDE_A,,adults_confirmed,no,yes,,INCLUDE_A,,agreed
FS-002301,Reduction of saliva immunoglobulin levels by swim training.,,,,,,,,,no,,,,
FS-002317,Does proteinuria-inducing physical activity increase biomarkers of acute kidney injury?,,,,,,,,,no,,,,
FS-002327,"Inflammatory markers CD11b, CD16, CD66b, CD68, myeloperoxidase and neutrophil elastase in eccentric exercised human skeletal muscles.",,,,,,,,,no,,,,
FS-002346,Impact of brief exercise on peripheral blood NK cell gene and microRNA expression in young adults.,INCLUDE_A,,adults_confirmed,yes,INCLUDE_A,,adults_confirmed,yes,yes,,INCLUDE_A,,agreed
FS-002374,Time course of muscle damage and inflammatory responses to resistance training with eccentric overload in trained individuals.,INCLUDE_B,,adults_confirmed,yes,INCLUDE_B,,adults_confirmed,yes,yes,,INCLUDE_B,,agreed
FS-002421,Transcriptome analysis of neutrophils after endurance exercise reveals novel signaling mechanisms in the immune response to physiological stress.,,,,,,,,,no,,,,
FS-002435,"Effect of post-exercise protein-leucine feeding on neutrophil function, immunomodulatory plasma metabolites and cortisol during a 6-day block of intense cycling.",,,,,,,,,no,,,,
FS-002511,Salivary antimicrobial protein responses during multistage ultramarathon competition conducted in hot environmental conditions.,INCLUDE_A_AND_B,,adults_confirmed,yes,INCLUDE_A_AND_B,,adults_confirmed,yes,yes,,INCLUDE_A_AND_B,,agreed
FS-002532,Influence of a polyphenol-enriched protein powder on exercise-induced inflammation and oxidative stress in athletes: a randomized trial using a metabolomics approach.,INCLUDE_A,,adults_confirmed,yes,INCLUDE_B,,adults_confirmed,no,no,validation_element_confirmed,INCLUDE_A,,D
FS-002536,Cytokine kinetics in nasal mucosa and sera: new insights in understanding upper-airway disease of marathon runners.,,,,,,,,,no,,,,
FS-002554,Human inflammatory and resolving lipid mediator responses to resistance exercise and ibuprofen treatment.,INCLUDE_A,,adults_confirmed,yes,INCLUDE_A,,adults_confirmed,yes,yes,,INCLUDE_A,,agreed
FS-002569,Effects of aerobic exercise on lipid-effector molecules of the innate immune response.,INCLUDE_A,,adults_confirmed,no,INCLUDE_A,,adults_confirmed,no,yes,,INCLUDE_A,,agreed
FS-002573,A common variation in the promoter region of interleukin-6 gene shows association with exercise performance.,,,,,,,,,no,,,,
FS-002578,The effect of tapering period on plasma pro-inflammatory cytokine levels and performance in elite male cyclists.,INCLUDE_A_AND_B,,adults_confirmed,yes,INCLUDE_B,,adults_confirmed,yes,no,,INCLUDE_B,,D
FS-002589,Identification of high responders for interleukin-6 and creatine kinase following acute eccentric resistance exercise in elderly obese women.,INCLUDE_A,,adults_confirmed,yes,INCLUDE_A,,adults_confirmed,yes,yes,,INCLUDE_A,,agreed
FS-002618,Time course-dependent changes in the transcriptome of human skeletal muscle during recovery from endurance exercise: from inflammation to adaptive remodeling.,,,,,,,,,no,,,,
FS-002619,A proteomic study of plasma protein changes under extreme physical stress.,,,,,,,,,no,,,,
FS-002626,Circulating microRNAs as potential biomarkers of aerobic exercise capacity.,INCLUDE_A,,adults_confirmed,no,INCLUDE_A,,adults_confirmed,no,yes,,INCLUDE_A,,agreed
FS-002635,Impact of brief exercise on circulating monocyte gene and microRNA expression: implications for atherosclerotic vascular disease.,INCLUDE_A,,adults_confirmed,yes,INCLUDE_A,,adults_confirmed,yes,yes,,INCLUDE_A,,agreed
FS-002638,Rapid upregulation and clearance of distinct circulating microRNAs after prolonged aerobic exercise.,,,,,,,,,no,,,,
FS-002641,High-Intensity Training and Salivary Immunoglobulin A Responses in Professional Top-Level Soccer Players: Effect of Training Intensity.,,,,,,,,,no,,,,
FS-002666,Exhaustive exercise modifies different gene expression profiles and pathways in LPS-stimulated and un-stimulated whole blood cultures.,,,,,,,,,no,,,,
FS-002669,Identification of human exercise-induced myokines using secretome analysis.,INCLUDE_A,,adults_confirmed,yes,INCLUDE_A,,adults_confirmed,yes,yes,,INCLUDE_A,,agreed
FS-002678,Montmorency cherries reduce the oxidative stress and inflammatory responses to repeated days high-intensity stochastic cycling.,INCLUDE_A_AND_B,,adults_confirmed,yes,INCLUDE_A_AND_B,,adults_confirmed,yes,yes,,INCLUDE_A_AND_B,,agreed
FS-002739,Acute exercise leads to regulation of telomere-associated genes and microRNA expression in immune cells.,INCLUDE_A,,adults_confirmed,yes,INCLUDE_A,,adults_confirmed,yes,yes,,INCLUDE_A,,agreed
FS-002742,Metabolomics approach to assessing plasma 13- and 9-hydroxy-octadecadienoic acid and linoleic acid metabolite responses to 75-km cycling.,INCLUDE_A,,adults_confirmed,yes,INCLUDE_A,,adults_confirmed,yes,yes,,INCLUDE_A,,agreed
FS-002754,Systemic cytokine response to three bouts of eccentric exercise.,INCLUDE_A_AND_B,,adults_confirmed,yes,INCLUDE_A_AND_B,,adults_confirmed,yes,yes,,INCLUDE_A_AND_B,,agreed
FS-002764,Effects of strenuous exercise on Th1/Th2 gene expression from human peripheral blood mononuclear cells of marathon participants.,,,,,,,,,no,,,,
FS-002772,Differential expression of inflammation-related genes after intense exercise.,INCLUDE_A,,adults_confirmed,yes,INCLUDE_A,,adults_confirmed,yes,yes,,INCLUDE_A,,agreed
FS-002803,Long-term Low-to-Intensive Cycling Training: Impact on Semen Parameters and Seminal Cytokines.,,,,,,,,,no,,,,
FS-002824,"Exercise training, lymphocyte subsets and their cytokines production: experience of an Italian professional football team and their impact on allergy.",EXCLUDE,FT03_POPULATION_NOT_ELIGIBLE,"under_18_included — p.2: ""All the subjects were males, aged 17–30 years (mean age; 24.3 yrs).""",yes,EXCLUDE,FT03_POPULATION_NOT_ELIGIBLE,under_18_included,yes,yes,age_rule_check,EXCLUDE,FT03_POPULATION_NOT_ELIGIBLE,agreed
FS-002841,Influence of HMB supplementation and resistance training on cytokine responses to resistance exercise.,,,,,,,,,no,,,,
FS-002878,Dynamic changes in dna methylation status in peripheral blood Mononuclear cells following an acute bout of exercise: Potential impact of exercise-induced elevations in interleukin-6 concentration.,,,,,,,,,no,,,,
FS-002906,Effect of Intravenous Iron on Aerobic Capacity and Iron Metabolism in Elite Athletes.,,,,,,,,,no,,,,
FS-002911,"Influence of pistachios on performance and exercise-induced inflammation, oxidative stress, immune dysfunction, and metabolite shifts in cyclists: a randomized, crossover trial.",INCLUDE_A,,adults_confirmed,yes,INCLUDE_A,,adults_confirmed,no,yes,validation_element_confirmed,INCLUDE_A,,agreed
FS-002940,Systemic LPS and inflammatory response during consecutive days of exercise in heat.,,,,,,,,,no,,,,
FS-002948,Physical demands and salivary immunoglobulin A responses of elite Australian rules football athletes to match play.,,,,,,,,,no,,,,
FS-002994,An attempt to improve Ferreira-Junior model concerning the anti-inflammatory action of whole-body cryotherapy after exercise induced muscular damage (EIMD).,EXCLUDE,FT01_SOURCE_TYPE_NOT_CORE,not_applicable,no,EXCLUDE,FT01_SOURCE_TYPE_NOT_CORE,not_applicable,no,yes,,EXCLUDE,FT01_SOURCE_TYPE_NOT_CORE,agreed
FS-003022,Circulatory endotoxin concentration and cytokine profile in response to exertional-heat stress during a multi-stage ultra-marathon competition.,INCLUDE_A_AND_B,,adults_confirmed,yes,INCLUDE_A_AND_B,,adults_confirmed,yes,yes,,INCLUDE_A_AND_B,,agreed
FS-003030,Effect of varied recovery interventions on markers of psychophysiological stress in professional rugby union.,,,,,,,,,no,,,,
FS-003045,Exercise-stimulated interleukin-15 is controlled by AMPK and regulates skin metabolism and aging.,INCLUDE_A,,adults_confirmed,no,INCLUDE_A,,adults_confirmed,no,yes,,INCLUDE_A,,agreed
FS-003073,Circulating inflammatory miRNA signature in response to different doses of aerobic exercise.,,,,,,,,,no,,,,
FS-003108,"Injuries, Medical Conditions, and Changes in Blood Levels in German Special Operations Forces Selection.",,,,,,,,,no,,,,
FS-003116,The effect of Zingiber officinale R. rhizomes (ginger) on plasma pro-inflammatory cytokine levels in well-trained male endurance runners.,INCLUDE_A_AND_B,,adults_confirmed,yes,INCLUDE_A_AND_B,,adults_confirmed,yes,yes,,INCLUDE_A_AND_B,,agreed
FS-003169,Assessment of serum free light chain levels in healthy adults immediately after marathon running.,INCLUDE_A,,adults_confirmed,yes,INCLUDE_A,,adults_confirmed,yes,yes,,INCLUDE_A,,agreed
FS-003173,"Muscle damage, inflammatory, immune and performance responses to three football games in 1 week in competitive male players.",,,,,,,,,no,,,,
FS-003206,Tear Fluid SIgA as a Noninvasive Biomarker of Mucosal Immunity and Common Cold Risk.,INCLUDE_A_AND_B,,adults_confirmed,yes,INCLUDE_A,,adults_confirmed,yes,no,,INCLUDE_A,,D
FS-003209,Protein-leucine ingestion activates a regenerative inflammo-myogenic transcriptome in skeletal muscle following intense endurance exercise.,,,,,,,,,no,,,,
FS-003210,Changes of Hematological Markers during a Multi-stage Ultra-marathon Competition in the Heat.,,,,,,,,,no,,,,
FS-003224,"Fluid retention, muscle damage, and altered body composition at the Ultraman triathlon.",,,,,,,,,no,,,,
FS-003254,"High Altitude and Acute Mountain Sickness and Changes in Circulating Endothelin-1, Interleukin-6, and Interleukin-17a.",,,,,,,,,no,,,,
FS-003274,Inflammation in induced sputum after aluminium oxide exposure: an experimental chamber study.,,,,,,,,,no,,,,
FS-003290,Salivary immunoglobulin free light chains: reference ranges and responses to exercise in young and older adults.,INCLUDE_A,,adults_confirmed,yes,INCLUDE_A,,adults_confirmed,yes,yes,,INCLUDE_A,,agreed
FS-003303,Protein intake during training sessions has no effect on performance and recovery during a strenuous training camp for elite cyclists.,AWAITING_CLASSIFICATION,,"mean_minus_2SD_below_18_unresolved — p.3: ""Age (years)                                 19 ± 2              20 ± 2""",yes,INCLUDE_A_AND_B,,adults_confirmed,yes,no,age_rule_check,AWAITING_CLASSIFICATION,,D
FS-003334,Repetitive cryotherapy attenuates the in vitro and in vivo mononuclear cell activation response.,,,,,,,,,no,,,,
FS-003371,Effects of Acute Endurance Exercise on Plasma Protein Profiles of Endurance-Trained and Untrained Individuals over Time.,INCLUDE_A,,adults_confirmed,no,INCLUDE_A,,adults_confirmed,no,yes,,INCLUDE_A,,agreed
FS-003373,Plasma Cytokine Profiles in Long-Term Strenuous Exercise.,INCLUDE_A,,adults_confirmed,yes,INCLUDE_A,,adults_confirmed,yes,yes,,INCLUDE_A,,agreed
FS-003426,Post-exercise branched chain amino acid supplementation does not affect recovery markers following three consecutive high intensity resistance training bouts compared to carbohydrate supplementation.,EXCLUDE,FT08_MIXED_INTERVENTION_NOT_SEPARABLE,adults_confirmed,yes,INCLUDE_A_AND_B,,adults_confirmed,yes,no,,EXCLUDE,FT08_MIXED_INTERVENTION_NOT_SEPARABLE,D
FS-003434,The impact of sleeping with reduced glycogen stores on immunity and sleep in triathletes.,INCLUDE_B,,adults_confirmed,yes,RETAIN_BACKGROUND,,adults_confirmed,yes,no,,RETAIN_BACKGROUND,,D
FS-003445,Acclimation Training Improves Endurance Cycling Performance in the Heat without Inducing Endotoxemia.,INCLUDE_A_AND_B,,adults_confirmed,yes,INCLUDE_A_AND_B,,adults_confirmed,yes,yes,,INCLUDE_A_AND_B,,agreed
FS-003468,Short-term reliability of inflammatory mediators and response to exercise in the heat.,INCLUDE_A,,adults_confirmed,yes,INCLUDE_A,,adults_confirmed,yes,yes,,INCLUDE_A,,agreed
FS-003475,Immune and inflammatory responses to freediving calculated from leukocyte gene expression profiles.,EXCLUDE,FT08_MIXED_INTERVENTION_NOT_SEPARABLE,adults_confirmed,yes,EXCLUDE,FT04_NO_QUALIFYING_EXERCISE_EXPOSURE,adults_confirmed,yes,no,,EXCLUDE,FT08_MIXED_INTERVENTION_NOT_SEPARABLE,D
FS-003525,Sex-specific variation in signaling pathways and gene expression patterns in human leukocytes in response to endotoxin and exercise.,INCLUDE_A,,adults_confirmed,yes,INCLUDE_A,,adults_confirmed,yes,yes,,INCLUDE_A,,agreed
FS-003532,Reliability of salivary cortisol and immunoglobulin-A measurements from the IPRO® before and after sprint cycling exercise.,,,,,,,,,no,,,,
FS-003556,IL-6 Linkage to Exercise-Induced Shifts in Lipid-Related Metabolites: A Metabolomics-Based Analysis.,INCLUDE_A,,adults_confirmed,yes,INCLUDE_A,,adults_confirmed,no,yes,validation_element_confirmed,INCLUDE_A,,agreed
FS-003581,Gene networks in skeletal muscle following endurance exercise are coexpressed in blood neutrophils and linked with blood inflammation markers.,INCLUDE_A,,adults_confirmed,yes,INCLUDE_A,,adults_confirmed,yes,yes,,INCLUDE_A,,agreed
FS-003615,The Effects of a 36-Hour Mixed Task Ultraendurance Race on Mucosal Immunity Markers and Pulmonary Function.,,,,,,,,,no,,,,
FS-003642,Redox status alterations during the competitive season in élite soccer players: focus on peripheral leukocyte-derived ROS.,,,,,,,,,no,,,,
FS-003691,Serum brain-derived neurotrophic factor and interleukin-6 response to high-volume mechanically demanding exercise.,,,,,,,,,no,,,,
FS-003695,Time-course responses of circulating microRNAs to three resistance training protocols in healthy young men.,INCLUDE_A,,adults_confirmed,yes,INCLUDE_A,,adults_confirmed,yes,yes,,INCLUDE_A,,agreed
FS-003698,Repeated bouts of exhaustive exercise increase circulating cell free nuclear and mitochondrial DNA without development of tolerance in healthy men.,INCLUDE_A_AND_B,,adults_confirmed,yes,INCLUDE_A_AND_B,,adults_confirmed,yes,yes,,INCLUDE_A_AND_B,,agreed
FS-003744,Does recreational scuba diving have clinically significant effect on routine haematological parameters?,INCLUDE_A,,adults_confirmed,yes,INCLUDE_A,,adults_confirmed,yes,yes,,INCLUDE_A,,agreed
FS-003753,The Mucosal Immune Function Is Not Compromised during a Period of High-Intensity Interval Training. Is It Time to Reconsider an Old Assumption?,INCLUDE_A_AND_B,,adults_confirmed,yes,INCLUDE_A_AND_B,,adults_confirmed,yes,yes,,INCLUDE_A_AND_B,,agreed
FS-003778,The effect of Chlorella pyrenoidosa supplementation on immune responses to 2 days of intensified training.,INCLUDE_A_AND_B,,adults_confirmed,yes,INCLUDE_A_AND_B,,adults_confirmed,yes,yes,,INCLUDE_A_AND_B,,agreed
FS-003783,Inflammatory and immune responses to a 3-day period of downhill running in active females.,INCLUDE_A_AND_B,,adults_confirmed,yes,INCLUDE_A_AND_B,,adults_confirmed,yes,yes,,INCLUDE_A_AND_B,,agreed
FS-003797,Acute effects of strength exercises and effects of regular strength training on cell free DNA concentrations in blood plasma.,INCLUDE_A_AND_B,,adults_confirmed,yes,INCLUDE_A_AND_B,,adults_confirmed,yes,yes,,INCLUDE_A_AND_B,,agreed
FS-003800,Small RNA-seq during acute maximal exercise reveal RNAs involved in vascular inflammation and cardiometabolic health: brief report.,INCLUDE_A,,adults_confirmed,yes,INCLUDE_A,,adults_confirmed,yes,yes,,INCLUDE_A,,agreed
FS-003808,The Effect of a 100-km Ultra-Marathon under Freezing Conditions on Selected Immunological and Hematological Parameters.,INCLUDE_A,,adults_confirmed,no,INCLUDE_A,,adults_confirmed,no,yes,,INCLUDE_A,,agreed
FS-003815,Aerobic physical training does not condition against strenuous exercise-induced changes in immune function but modulates T cell proliferative responses.,,,,,,,,,no,,,,
FS-003828,Affected pathways and transcriptional regulators in gene expression response to an ultra-marathon trail: Global and independent activity approaches.,INCLUDE_A,,adults_confirmed,yes,INCLUDE_A,,adults_confirmed,yes,yes,,INCLUDE_A,,agreed
FS-003838,"Differences in echocardiography, blood pressure, stroke volume, maximal power and profile of genes related to cardiac hypertrophy in elite road cyclists.",INCLUDE_A,,adults_confirmed,yes,INCLUDE_A,,adults_confirmed,yes,yes,,INCLUDE_A,,agreed
FS-003840,Concomitant external pneumatic compression treatment with consecutive days of high intensity interval training reduces markers of proteolysis.,,,,,,,,,no,,,,
FS-003844,Heat and Hypoxic Acclimation Increase Monocyte Heat Shock Protein 72 but Do Not Attenuate Inflammation following Hypoxic Exercise.,INCLUDE_A_AND_B,,adults_confirmed,yes,INCLUDE_A_AND_B,,adults_confirmed,yes,yes,,INCLUDE_A_AND_B,,agreed
FS-003879,Salivary Biomarkers and Training Load During Training and Competition in Paralympic Swimmers.,,,,,,,,,no,,,,
FS-003901,"Traditional and new candidate cardiac biomarkers assessed before, early, and late after half marathon in trained subjects.",,,,,,,,,no,,,,
FS-003938,Winter ambient training conditions are associated with increased bronchial hyperreactivity and with shifts in serum innate immunity proteins in young competitive speed skaters.,EXCLUDE,FT03_POPULATION_NOT_ELIGIBLE,"under_18_included — p.2: ""aged 11–21 (median age 15 years)""",yes,EXCLUDE,FT03_POPULATION_NOT_ELIGIBLE,under_18_included,yes,yes,age_rule_check,EXCLUDE,FT03_POPULATION_NOT_ELIGIBLE,agreed
FS-003943,"Effects of acute or chronic heat exposure, exercise and dehydration on plasma cortisol, IL-6 and CRP levels in trained males.",INCLUDE_A_AND_B,,adults_confirmed,yes,INCLUDE_A_AND_B,,adults_confirmed,yes,yes,,INCLUDE_A_AND_B,,agreed
FS-003994,"Metabolic recovery from heavy exertion following banana compared to sugar beverage or water only ingestion: A randomized, crossover trial.",INCLUDE_A_AND_B,,adults_confirmed,yes,INCLUDE_A,,adults_confirmed,no,no,validation_element_confirmed,INCLUDE_A_AND_B,,D
FS-004011,Dynamic Regulation of Circulating microRNAs During Acute Exercise and Long-Term Exercise Training in Basketball Athletes.,INCLUDE_A,,adults_confirmed,no,INCLUDE_A,,adults_confirmed,no,yes,,INCLUDE_A,,agreed
FS-004070,"The Effects of a 4-Week, Intensified Training, and Competition Period on Salivary Hormones, Immunoglobulin A, Illness Symptoms, and Mood State in Elite Synchronised Swimmers.",EXCLUDE,FT03_POPULATION_NOT_ELIGIBLE,"under_18_included — p.3: ""Ten female synchronised swimmers were recruited to participate in this study (age 16.8 ± 0.8 year;""",yes,EXCLUDE,FT03_POPULATION_NOT_ELIGIBLE,under_18_included,yes,yes,age_rule_check,EXCLUDE,FT03_POPULATION_NOT_ELIGIBLE,agreed
FS-004083,Effects of Chronic Cold-Water Immersion in Elite Rugby Players.,INCLUDE_B,,adults_confirmed,yes,INCLUDE_B,,adults_confirmed,yes,yes,,INCLUDE_B,,agreed
FS-004098,Acute high-intensity exercise test in soccer athletes affects salivary biochemical markers.,,,,,,,,,no,,,,
FS-004116,Altered formation of the iron oxide nanoparticle-biocorona due to individual variability and exercise.,INCLUDE_A,,adults_confirmed,yes,INCLUDE_A,,adults_confirmed,yes,yes,,INCLUDE_A,,agreed
FS-004136,Changes in iron metabolism during prolonged repeated walking exercise in middle-aged men and women.,INCLUDE_A_AND_B,,adults_confirmed,yes,EXCLUDE,FT07_NO_ELIGIBLE_IMMUNE_LINK,adults_confirmed,no,no,validation_element_confirmed,INCLUDE_A_AND_B,,D
FS-004138,"Cytokine responses to repeated, prolonged walking in lean versus overweight/obese individuals.",INCLUDE_A_AND_B,,adults_confirmed,yes,INCLUDE_A_AND_B,,adults_confirmed,yes,yes,,INCLUDE_A_AND_B,,agreed
FS-004147,"Assessing the usefulness of acute physiological responses following resistance exercise: sensitivity, magnitude of change, and time course of measures.",INCLUDE_A,,adults_confirmed,yes,INCLUDE_A,,adults_confirmed,yes,yes,,INCLUDE_A,,agreed
FS-004152,Detection of Functional Overreaching in Endurance Athletes Using Proteomics.,INCLUDE_A_AND_B,,adults_confirmed,yes,INCLUDE_A_AND_B,,adults_confirmed,yes,yes,,INCLUDE_A_AND_B,,agreed
FS-004154,The impact of chronic carbohydrate manipulation on mucosal immunity in elite endurance athletes.,,,,,,,,,no,,,,
FS-004179,"Brief Report: Training Load, Salivary Immunoglobulin A, and Illness Incidence in Elite Paratriathletes.",RETAIN_BACKGROUND,,adults_confirmed,yes,RETAIN_BACKGROUND,,adults_confirmed,yes,yes,,RETAIN_BACKGROUND,,agreed
FS-004193,Exercise-induced Changes in Soluble ST2 Concentrations in Marathon Runners.,INCLUDE_A,,adults_confirmed,yes,INCLUDE_A,,adults_confirmed,yes,yes,,INCLUDE_A,,agreed
FS-004210,Multi-dimensional flow cytometry analysis reveals increasing changes in the systemic neutrophil compartment during seven consecutive days of endurance exercise.,INCLUDE_A_AND_B,,adults_confirmed,yes,INCLUDE_B,,adults_confirmed,yes,no,,INCLUDE_B,,D
FS-004226,Salivary immunity and lower respiratory tract infections in non-elite marathon runners.,INCLUDE_A,,adults_confirmed,yes,INCLUDE_A,,adults_confirmed,yes,yes,,INCLUDE_A,,agreed
FS-004231,Combined bead-based multiplex detection of RNA and protein biomarkers: Implications for understanding the time course of skeletal muscle injury and repair.,,,,,,,,,no,,,,
FS-004243,SIgA and Upper Respiratory Syndrome During a College Cross Country Season.,INCLUDE_A,,adults_confirmed,yes,INCLUDE_A,,adults_confirmed,yes,yes,,INCLUDE_A,,agreed
FS-004252,"Once- and twice-daily heat acclimation confer similar heat adaptations, inflammatory responses and exercise tolerance improvements.",INCLUDE_A_AND_B,,adults_confirmed,yes,INCLUDE_A_AND_B,,adults_confirmed,yes,yes,,INCLUDE_A_AND_B,,agreed
FS-004269,Long-Haul Northeast Travel Disrupts Sleep and Induces Perceived Fatigue in Endurance Athletes.,INCLUDE_A,,adults_confirmed,yes,INCLUDE_A,,adults_confirmed,yes,yes,,INCLUDE_A,,agreed
FS-004303,Two-peaked increase of serum myosin heavy chain-α after triathlon suggests heart muscle cell death.,INCLUDE_A,,adults_confirmed,yes,INCLUDE_A,,adults_confirmed,yes,yes,,INCLUDE_A,,agreed
FS-004308,"Effects of running on adiponectin, insulin and cytokines in cerebrospinal fluid in healthy young individuals.",INCLUDE_A,,adults_confirmed,yes,INCLUDE_A,,adults_confirmed,yes,yes,,INCLUDE_A,,agreed
FS-004336,"Exercise-induced bronchoconstriction, temperature regulation and the role of heat shock proteins in non-asthmatic recreational marathon and half-marathon runners.",INCLUDE_A,,adults_confirmed,yes,INCLUDE_A,,adults_confirmed,no,yes,validation_element_confirmed,INCLUDE_A,,agreed
FS-004349,Impairment on Cardiopulmonary Function after Marathon: Role of Exhaled Nitric Oxide.,INCLUDE_A,,adults_confirmed,no,INCLUDE_A,,adults_confirmed,no,yes,,INCLUDE_A,,agreed
FS-004361,Cold water immersion improves recovery of sprint speed following a simulated tournament.,,,,,,,,,no,,,,
FS-004374,Changes to the Human Serum Proteome in Response to High Intensity Interval Exercise: A Sequential Top-Down Proteomic Analysis.,INCLUDE_A,,adults_confirmed,yes,INCLUDE_A,,adults_confirmed,yes,yes,,INCLUDE_A,,agreed
FS-004385,Ketone ester supplementation blunts overreaching symptoms during endurance training overload.,EXCLUDE,FT08_MIXED_INTERVENTION_NOT_SEPARABLE,adults_confirmed,yes,RETAIN_BACKGROUND,,adults_confirmed,no,no,validation_element_confirmed,RETAIN_BACKGROUND,,D
FS-004390,Variation in renal responses to exercise in the heat with progressive acclimatisation.,INCLUDE_A_AND_B,,adults_confirmed,yes,INCLUDE_A_AND_B,,adults_confirmed,yes,yes,,INCLUDE_A_AND_B,,agreed
FS-004392,Impact of Acute Aerobic Exercise on Genome-Wide DNA-Methylation in Natural Killer Cells-A Pilot Study.,INCLUDE_A,,adults_confirmed,yes,INCLUDE_A,,adults_confirmed,yes,yes,,INCLUDE_A,,agreed
FS-004414,"Platelets, endothelial cells and leukocytes contribute to the exercise-triggered release of extracellular vesicles into the circulation.",INCLUDE_A,,adults_confirmed,yes,INCLUDE_A,,adults_confirmed,yes,yes,,INCLUDE_A,,agreed
FS-004434,Intramuscular inflammatory and resolving lipid profile responses to an acute bout of resistance exercise in men.,INCLUDE_A,,adults_confirmed,yes,INCLUDE_A,,adults_confirmed,no,yes,validation_element_confirmed,INCLUDE_A,,agreed
FS-004509,"Effects of an acute bout of exercise on circulating extracellular vesicles: tissue-, sex-, and BMI-related differences.",EXCLUDE,FT03_POPULATION_NOT_ELIGIBLE,"under_18_included — p.10: ""younger than 18 years) and the healthy controls were fully informed of""",no,EXCLUDE,FT03_POPULATION_NOT_ELIGIBLE,"under_18_included — p.10: ""younger than 18 years) and the healthy controls were fully informed of""",no,yes,,EXCLUDE,FT03_POPULATION_NOT_ELIGIBLE,agreed
FS-004513,Interval Exercise Lowers Circulating CD105 Extracellular Vesicles in Prediabetes.,EXCLUDE,FT03_POPULATION_NOT_ELIGIBLE,adults_confirmed,no,EXCLUDE,FT03_POPULATION_NOT_ELIGIBLE,adults_confirmed,no,yes,,EXCLUDE,FT03_POPULATION_NOT_ELIGIBLE,agreed
FS-004518,Evolution of the slopes of ST2 and galectin-3 during marathon and ultratrail running compared to a control group.,INCLUDE_A,,adults_confirmed,yes,INCLUDE_A,,adults_confirmed,yes,yes,,INCLUDE_A,,agreed
FS-004537,Hepcidin and iron: novel findings for elite female rugby Sevens players.,,,,,,,,,no,,,,
FS-004544,Decreased integrity of exercise-induced plasma cell free nuclear DNA - negative association with the increased oxidants production by circulating phagocytes.,INCLUDE_A_AND_B,,adults_confirmed,yes,INCLUDE_A_AND_B,,adults_confirmed,yes,yes,,INCLUDE_A_AND_B,,agreed
FS-004568,Seasonal evaluation of skeletal muscle damage and hematological and biochemical parameters of Greco-Roman wrestlers from the Kyrgyzstan National Team before the 2016 Summer Olympic Games.,,,,,,,,,no,,,,
FS-004580,Allostatic stress load and CMV serostatus impact immune response to maximal exercise in collegiate swimmers.,AWAITING_CLASSIFICATION,,"mean_minus_2SD_below_18_unresolved — p.2: ""19.9 ⫾ 0.6 yr""",yes,AWAITING_CLASSIFICATION,,"mean_minus_2SD_below_18_unresolved — p.2: ""19.9 ⫾ 0.6 yr; women: 40%""",yes,yes,age_rule_check,AWAITING_CLASSIFICATION,,agreed
FS-004586,Proteomic Markers of Non-functional Overreaching During the Race Across America (RAAM): A Case Study.,INCLUDE_A,,adults_confirmed,no,INCLUDE_A,,adults_confirmed,yes,yes,validation_element_confirmed,INCLUDE_A,,agreed
FS-004624,"Plasma MMP-9, TIMP-1, and TGF-β1 Responses to Exercise-Induced Muscle Injury.",INCLUDE_A,,adults_confirmed,yes,EXCLUDE,FT07_NO_ELIGIBLE_IMMUNE_LINK,adults_confirmed,no,no,validation_element_confirmed,INCLUDE_A,,D
FS-004640,Hypoxic-inflammatory responses under acute hypoxia: In Vitro experiments and prospective observational expedition trial.,INCLUDE_A,,adults_confirmed,yes,EXCLUDE,FT08_MIXED_INTERVENTION_NOT_SEPARABLE,adults_confirmed,yes,no,,INCLUDE_A,,D
FS-004648,Identification of Urinary Biomarkers for Exercise-Induced Immunosuppression by iTRAQ Proteomics.,INCLUDE_B,,adults_confirmed,yes,INCLUDE_B,,adults_confirmed,yes,yes,,INCLUDE_B,,agreed
FS-004666,High-Intensity Functional Training Improves Cardiorespiratory Fitness and Neuromuscular Performance Without Inflammation or Muscle Damage.,,,,,,,,,no,,,,
FS-004712,Circulating microRNAs in Response to Exercise Training in Healthy Adults.,INCLUDE_A_AND_B,,adults_confirmed,no,INCLUDE_A,,adults_confirmed,no,no,,INCLUDE_A_AND_B,,D
FS-004719,The Relationship of IL-8 and IL-10 Myokines and Performance in Male Marathon Runners Presenting Exercise-Induced Bronchoconstriction.,INCLUDE_A,,adults_confirmed,no,INCLUDE_A,,adults_confirmed,yes,yes,validation_element_confirmed,INCLUDE_A,,agreed
FS-004724,Early Warning of Acute Altitude Sickness by Physiological Variables and Noninvasive Cardiovascular Indicators.,,,,,,,,,no,,,,
FS-004769,Molecular Choreography of Acute Exercise.,AWAITING_CLASSIFICATION,,adults_confirmed,yes,AWAITING_CLASSIFICATION,,adults_confirmed,yes,yes,,AWAITING_CLASSIFICATION,,agreed
FS-004773,Pathophysiological Responses to a Record-Breaking Multi-hour Underwater Endurance Performance: A Case Study.,,,,,,,,,no,,,,
FS-004786,Additive effect of erythropoietin use on exercise-induced endothelial activation and hypercoagulability in athletes.,INCLUDE_A_AND_B,,adults_confirmed,yes,EXCLUDE,FT07_NO_ELIGIBLE_IMMUNE_LINK,adults_confirmed,no,no,validation_element_confirmed,INCLUDE_A_AND_B,,D
FS-004798,"Effects of the 5-m Shuttle Run Test on Markers of Muscle Damage, Inflammation, and Fatigue in Healthy Male Athletes.",INCLUDE_A,,adults_confirmed,yes,INCLUDE_A,,adults_confirmed,yes,yes,,INCLUDE_A,,agreed
FS-004809,"Optimized Curcumin, Pomegranate Extract, and Methylsulfonylmethane Reduce Acute, Systemic Inflammatory Response to a Half-marathon Race.",,,,,,,,,no,,,,
FS-004819,Alterations in Systemic Inflammatory Response Following a Half-Marathon Race with a Combined Curcumin and Pomegranate Supplement: A Feasibility Study.,,,,,,,,,no,,,,
FS-004826,Reliability and suitability of physiological exercise response and recovery markers.,INCLUDE_A_AND_B,,adults_confirmed,yes,INCLUDE_A,,adults_confirmed,yes,no,,INCLUDE_A_AND_B,,D
FS-004839,Effect of high-velocity and traditional resistance exercise on serum antioxidants and inflammation biomarkers in older women: A randomized crossover trial.,,,,,,,,,no,,,,
FS-004886,Water immersion methods do not alter muscle damage and inflammation biomarkers after high-intensity sprinting and jumping exercise.,INCLUDE_A_AND_B,,adults_confirmed,yes,INCLUDE_A_AND_B,,adults_confirmed,yes,yes,,INCLUDE_A_AND_B,,agreed
FS-004889,Analysis of human neutrophil phenotypes as biomarker to monitor exercise-induced immune changes.,EXCLUDE,FT03_POPULATION_NOT_ELIGIBLE,adults_confirmed,yes,INCLUDE_A_AND_B,,adults_confirmed,yes,no,,EXCLUDE,FT03_POPULATION_NOT_ELIGIBLE,D
FS-004954,Eccentric exercise per se does not affect muscle damage biomarkers: early and late phase adaptations.,,,,,,,,,no,,,,
FS-004989,Improved recovery from skeletal muscle damage is largely unexplained by myofibrillar protein synthesis or inflammatory and regenerative gene expression pathways.,INCLUDE_A_AND_B,,adults_confirmed,yes,INCLUDE_A_AND_B,,adults_confirmed,yes,yes,,INCLUDE_A_AND_B,,agreed
FS-005045,Differential effects on blood and cerebrospinal fluid immune protein markers and kynurenine pathway metabolites from aerobic physical exercise in healthy subjects.,INCLUDE_A,,adults_confirmed,yes,INCLUDE_B,,adults_confirmed,yes,no,,INCLUDE_A,,D
FS-005046,Massage Therapy Modulates Inflammatory Mediators Following Sprint Exercise in Healthy Male Athletes.,INCLUDE_A,,adults_confirmed,yes,INCLUDE_A,,adults_confirmed,yes,yes,,INCLUDE_A,,agreed
FS-005118,Endotoxaemia in exhausted runners after a long-distance race.,AWAITING_CLASSIFICATION,,"mean_minus_2SD_below_18_unresolved — p.3: ""TABLE I. LABORATORY VALUES (MEAN ± SE) OF 89 LONG-DISTANCE RUNNERS STUDIED""",yes,AWAITING_CLASSIFICATION,,"mean_minus_2SD_below_18_unresolved — p.1: ""The shorter race (21,1 km) was run near Durban on 6 July""",yes,yes,age_rule_check,AWAITING_CLASSIFICATION,,agreed
FS-005129,Increased Circulating H3 Histone in Response to Repeated Bouts of Exercise Does Not Associate with Parallel Alterations of Cell-Free DNA.,INCLUDE_A_AND_B,,adults_confirmed,yes,INCLUDE_A_AND_B,,adults_confirmed,yes,yes,,INCLUDE_A_AND_B,,agreed
FS-005160,Impact of Olive Oil Supplement Intake on Dendritic Cell Maturation after Strenuous Physical Exercise: A Preliminary Study.,EXCLUDE,FT08_MIXED_INTERVENTION_NOT_SEPARABLE,adults_confirmed,no,INCLUDE_A,,adults_confirmed,yes,no,validation_element_confirmed,EXCLUDE,FT08_MIXED_INTERVENTION_NOT_SEPARABLE,D
FS-005165,Impact of Three Consecutive Days of Endurance Training Under Hypoxia on Muscle Damage and Inflammatory Responses.,INCLUDE_A_AND_B,,adults_confirmed,yes,INCLUDE_A_AND_B,,adults_confirmed,yes,yes,,INCLUDE_A_AND_B,,agreed
FS-005169,High-frequency blood flow-restricted resistance exercise results in acute and prolonged cellular stress more pronounced in type I than in type II fibers.,,,,,,,,,no,,,,
FS-005183,"Effects of a low-intensity resistance exercise program on serum miR-630, miR-5703, and Fractalkine/CX3CL1 expressions in subjects with No exercise habits: A preliminary study.",,,,,,,,,no,,,,
FS-005226,Post-match recovery profile of leukocyte cell subsets among professional soccer players.,INCLUDE_B,,adults_confirmed,yes,RETAIN_BACKGROUND,,adults_confirmed,yes,no,,INCLUDE_B,,D
FS-005259,Association between Cardiorespiratory Fitness and Circulating Proteins in 50-Year-Old Swedish Men and Women: a Cross-Sectional Study.,RETAIN_BACKGROUND,,adults_confirmed,yes,RETAIN_BACKGROUND,,adults_confirmed,no,yes,validation_element_confirmed,RETAIN_BACKGROUND,,agreed
FS-005301,"Dietary Polyphenol and Methylsulfonylmethane Supplementation Improves Immune, DAMP Signaling, and Inflammatory Responses During Recovery From All-Out Running Efforts.",INCLUDE_A_AND_B,,adults_confirmed,yes,INCLUDE_A_AND_B,,adults_confirmed,yes,yes,,INCLUDE_A_AND_B,,agreed
FS-005304,Effect of Regular Aerobic Training on Serum C-Reactive Protein and IL-6 Levels in Obese Women.,,,,,,,,,no,,,,
FS-005334,"Air pollution and high-intensity interval exercise: Implications to anti-inflammatory balance, metabolome and cardiovascular responses.",INCLUDE_A,,adults_confirmed,yes,INCLUDE_A,,adults_confirmed,no,yes,validation_element_confirmed,INCLUDE_A,,agreed
FS-005337,Acute exercise and immune response in previously SARS CoV-2 infection.,EXCLUDE,FT01_SOURCE_TYPE_NOT_CORE,not_applicable,no,EXCLUDE,FT01_SOURCE_TYPE_NOT_CORE,not_applicable,no,yes,,EXCLUDE,FT01_SOURCE_TYPE_NOT_CORE,agreed
FS-005385,Repetitions of Strenuous Exercise Consistently Increase Paraoxonase 1 Concentration and Activity in Plasma of Average-Trained Men.,INCLUDE_A_AND_B,,adults_confirmed,yes,INCLUDE_A_AND_B,,adults_confirmed,yes,yes,,INCLUDE_A_AND_B,,agreed
FS-005424,Biochemical profile in mixed martial arts athletes.,INCLUDE_A,,adults_confirmed,yes,INCLUDE_A,,adults_confirmed,yes,yes,,INCLUDE_A,,agreed
FS-005434,Acute exercise decreases insulin-stimulated extracellular vesicles in conjunction with augmentation index in adults with obesity.,INCLUDE_A,,adults_confirmed,no,INCLUDE_A,,adults_confirmed,no,yes,,INCLUDE_A,,agreed
FS-005450,Altered Circulating MicroRNA Profiles After Endurance Training: A Cohort Study of Ultramarathon Runners.,INCLUDE_A,,adults_confirmed,yes,INCLUDE_A,,adults_confirmed,yes,yes,,INCLUDE_A,,agreed
FS-005458,Acute aerobic exercise reveals that FAHFAs distinguish the metabolomes of overweight and normal-weight runners.,INCLUDE_A,,adults_confirmed,yes,INCLUDE_A,,adults_confirmed,yes,yes,,INCLUDE_A,,agreed
FS-005508,C-Reactive Protein and Skin Temperature of the lower limbs of Brazilian elite soccer players like load markers following three consecutive games.,INCLUDE_A_AND_B,,adults_confirmed,yes,INCLUDE_A_AND_B,,adults_confirmed,yes,yes,,INCLUDE_A_AND_B,,agreed
FS-005516,Plasma Endogenous Endotoxin Core Antibody Response to Exercise in Endurance Athletes.,INCLUDE_A,,adults_confirmed,yes,INCLUDE_A,,adults_confirmed,yes,yes,,INCLUDE_A,,agreed
FS-005528,RNA Sequencing of Whole Blood Defines the Signature of High Intensity Exercise at Altitude in Elite Speed Skaters.,INCLUDE_A,,adults_confirmed,yes,INCLUDE_A,,adults_confirmed,yes,yes,,INCLUDE_A,,agreed
FS-005605,"Age Differences in Recovery Rate Following an Aerobic-Based Exercise Protocol Inducing Muscle Damage Among Amateur, Male Athletes.",INCLUDE_A,,adults_confirmed,yes,INCLUDE_A,,adults_confirmed,yes,yes,,INCLUDE_A,,agreed
FS-005607,Reliability of Biomarkers of Physiological Stress at Rest and Post-exertional Heat Stress.,EXCLUDE,FT07_NO_ELIGIBLE_IMMUNE_LINK,adults_confirmed,yes,INCLUDE_A_AND_B,,adults_confirmed,yes,no,,EXCLUDE,FT07_NO_ELIGIBLE_IMMUNE_LINK,D
FS-005624,Resistance exercise with different workloads have distinct effects on cellular respiration of peripheral blood mononuclear cells.,INCLUDE_A,,adults_confirmed,yes,INCLUDE_A,,adults_confirmed,no,yes,validation_element_confirmed,INCLUDE_A,,agreed
FS-005701,The Immunological and Hormonal Responses to Competitive Match-Play in Elite Soccer Players.,INCLUDE_A_AND_B,,adults_confirmed,yes,INCLUDE_A_AND_B,,adults_confirmed,yes,yes,,INCLUDE_A_AND_B,,agreed
FS-005719,Acute exercise mobilizes NKT-like cells with a cytotoxic transcriptomic profile but does not augment the potency of cytokine-induced killer (CIK) cells.,INCLUDE_A,,adults_confirmed,yes,INCLUDE_A,,adults_confirmed,yes,yes,,INCLUDE_A,,agreed
FS-005727,Acute response of biomarkers in plasma from capillary blood after a strenuous endurance exercise bout.,INCLUDE_A,,adults_confirmed,yes,INCLUDE_A,,adults_confirmed,yes,yes,,INCLUDE_A,,agreed
FS-005739,Cardiovascular adaptations and inflammation in marathon runners.,RETAIN_BACKGROUND,,adults_confirmed,yes,RETAIN_BACKGROUND,,adults_confirmed,yes,yes,,RETAIN_BACKGROUND,,agreed
FS-005741,The Acute Cytokine Response to 30-Minute Exercise Bouts Before and After 8-Week Endurance Training in Individuals With Obesity.,INCLUDE_A_AND_B,,adults_confirmed,yes,INCLUDE_A_AND_B,,adults_confirmed,yes,yes,,INCLUDE_A_AND_B,,agreed
FS-005770,"Acute and long-term exercise differently modulate plasma levels of oxylipins, endocannabinoids, and their analogues in young sedentary adults: A sub-study and secondary analyses from the ACTIBATE randomized controlled-trial.",INCLUDE_A,,adults_confirmed,yes,INCLUDE_A_AND_B,,adults_confirmed,yes,no,,INCLUDE_A,,D
FS-005773,Sportomics method to assess acute phase proteins in Olympic level athletes using dried blood spots and multiplex assay.,AWAITING_CLASSIFICATION,,adults_confirmed,yes,AWAITING_CLASSIFICATION,,adults_confirmed,yes,yes,,AWAITING_CLASSIFICATION,,agreed
FS-005856,Clonal Kinetics and Single-Cell Transcriptional Profiles of T Cells Mobilized to Blood by Acute Exercise.,,,,,,,,,no,,,,
FS-005864,Exercise mobilizes diverse antigen specific T-cells and elevates neutralizing antibodies in humans with natural immunity to SARS CoV-2.,INCLUDE_A,,adults_confirmed,no,INCLUDE_A,,adults_confirmed,no,yes,,INCLUDE_A,,agreed
FS-005870,Modulation of the Circulating Extracellular Vesicles in Response to Different Exercise Regimens and Study of Their Inflammatory Effects.,INCLUDE_A_AND_B,,adults_confirmed,no,INCLUDE_A_AND_B,,adults_confirmed,yes,yes,validation_element_confirmed,INCLUDE_A_AND_B,,agreed
FS-005884,Molecular Profiling of Athletes Performing High-Intensity Exercises in Extreme Environments.,INCLUDE_A,,adults_confirmed,yes,INCLUDE_A,,adults_confirmed,no,yes,validation_element_confirmed,INCLUDE_A,,agreed
FS-005887,Impacts of Eccentric Resistance Exercise on DNA Methylation of Candidate Genes for Inflammatory Cytokines in Skeletal Muscle and Leukocytes of Healthy Males.,AWAITING_CLASSIFICATION,,"mean_minus_2SD_below_18_unresolved — p.13: ""selection of a young cohort of healthy males""",yes,AWAITING_CLASSIFICATION,,mean_minus_2SD_below_18_unresolved,no,yes,age_rule_check;validation_element_confirmed,AWAITING_CLASSIFICATION,,agreed
FS-005905,Reliability of pathophysiological markers reflective of exercise-induced gastrointestinal syndrome (EIGS) in response to 2-h high-intensity interval exercise: A comprehensive methodological efficacy exploration.,INCLUDE_A_AND_B,,adults_confirmed,yes,INCLUDE_A_AND_B,,adults_confirmed,yes,yes,,INCLUDE_A_AND_B,,agreed
FS-005931,Astaxanthin supplementation counters exercise-induced decreases in immune-related plasma proteins.,INCLUDE_A,,adults_confirmed,yes,INCLUDE_A,,adults_confirmed,yes,yes,,INCLUDE_A,,agreed
FS-005939,Human lymphocytes mobilized with exercise have an anti-tumor transcriptomic profile and exert enhanced graft-versus-leukemia effects in xenogeneic mice.,EXCLUDE,FT05_NO_POST_CESSATION_SAMPLE,adults_confirmed,yes,EXCLUDE,FT05_NO_POST_CESSATION_SAMPLE,adults_confirmed,yes,yes,,EXCLUDE,FT05_NO_POST_CESSATION_SAMPLE,agreed
FS-005950,Single-cell sequencing of immune cells after marathon and symptom-limited cardiopulmonary exercise.,AWAITING_CLASSIFICATION,,"mean_minus_2SD_below_18_unresolved — p.17: ""Three young volunteers who do not usually exercise""",yes,AWAITING_CLASSIFICATION,,mean_minus_2SD_below_18_unresolved,yes,yes,age_rule_check,AWAITING_CLASSIFICATION,,agreed
FS-005966,Analysis of IGHA1 and other salivary proteins post half marathon in female participants.,INCLUDE_A,,adults_confirmed,yes,INCLUDE_A,,adults_confirmed,yes,yes,,INCLUDE_A,,agreed
FS-005971,Determination of optimum intensity and duration of exercise based on the immune system response using a machine-learning model.,INCLUDE_A,,adults_confirmed,yes,INCLUDE_A,,adults_confirmed,no,yes,validation_element_confirmed,INCLUDE_A,,agreed
FS-005990,"Elevated cfDNA after exercise is derived primarily from mature polymorphonuclear neutrophils, with a minor contribution of cardiomyocytes.",INCLUDE_A_AND_B,,adults_confirmed,yes,INCLUDE_A_AND_B,,adults_confirmed,yes,yes,,INCLUDE_A_AND_B,,agreed
FS-005991,Turmeric supplementation improves markers of recovery in elite male footballers: a pilot study.,INCLUDE_A_AND_B,,adults_confirmed,yes,INCLUDE_A_AND_B,,adults_confirmed,yes,yes,,INCLUDE_A_AND_B,,agreed
FS-006008,Effect of Exercise Repetitions on Arylesterase Activity of PON1 in Plasma of Average-Trained Men-The Dissociation between Activity and Concentration.,INCLUDE_A_AND_B,,adults_confirmed,yes,INCLUDE_A_AND_B,,adults_confirmed,yes,yes,,INCLUDE_A_AND_B,,agreed
FS-006018,Comparative transcriptome analysis of unfractionated peripheral blood leukocytes after exercise in human.,INCLUDE_A,,adults_confirmed,yes,EXCLUDE,FT02_NOT_ORIGINAL_HUMAN_RESEARCH,not_applicable,yes,no,age_rule_check,INCLUDE_A,,D
FS-006024,Vitamin D status modulates innate immune responses and metabolomic profiles following acute prolonged cycling.,INCLUDE_A,,adults_confirmed,yes,INCLUDE_A,,adults_confirmed,yes,yes,,INCLUDE_A,,agreed
FS-006034,Blueberry intake elevates post-exercise anti-inflammatory oxylipins: a randomized trial.,INCLUDE_A,,adults_confirmed,no,INCLUDE_A,,adults_confirmed,yes,yes,validation_element_confirmed,INCLUDE_A,,agreed
FS-006114,"Sex differences in mood, hormone and immune response to combatives training in West Point Cadets.",RETAIN_BACKGROUND,,adults_confirmed,yes,RETAIN_BACKGROUND,,adults_confirmed,yes,yes,,RETAIN_BACKGROUND,,agreed
FS-006131,Salivary concentrations of secretory leukocyte protease inhibitor and matrix metallopeptidase-9 following a single bout of exercise are associated with intensity and hydration status.,INCLUDE_A_AND_B,,adults_confirmed,yes,INCLUDE_A,,adults_confirmed,no,no,validation_element_confirmed,INCLUDE_A,,D
FS-006144,The reproducibility of dendritic cell and T cell counts to a 30-min high-intensity cycling protocol as a tool to highlight overtraining.,INCLUDE_A_AND_B,,adults_confirmed,yes,INCLUDE_A_AND_B,,adults_confirmed,yes,yes,,INCLUDE_A_AND_B,,agreed
FS-006154,Exercise-Induced Cell-Free DNA Correlates with Energy Expenditure in Multiple Exercise Protocols.,INCLUDE_A_AND_B,,adults_confirmed,yes,INCLUDE_A_AND_B,,adults_confirmed,yes,yes,,INCLUDE_A_AND_B,,agreed
FS-006172,"Rho-Kinase Is Differentially Expressed in the Adipose Tissue of Rodent and Human in Response to Aging, Sex, and Acute Exercise.",,,,,,,,,no,,,,
FS-006184,Acute exercise-induced release of innate immune proteins via small extracellular vesicles changes with aerobic fitness and age.,INCLUDE_A,,adults_confirmed,yes,INCLUDE_A,,adults_confirmed,yes,yes,,INCLUDE_A,,agreed
FS-006191,"Combined Turmeric, Vitamin C, and Vitamin D Ready-to-Drink Supplements Reduce Upper Respiratory Illness Symptoms and Gastrointestinal Discomfort in Elite Male Football Players.",INCLUDE_A_AND_B,,adults_confirmed,yes,INCLUDE_A,,adults_confirmed,no,no,validation_element_confirmed,INCLUDE_A_AND_B,,D
FS-006215,Acute Resistance Exercise Modifies Extracellular Vesicle miRNAs Targeting Anabolic Gene Pathways: A Prospective Cohort Study.,EXCLUDE,FT07_NO_ELIGIBLE_IMMUNE_LINK,adults_confirmed,yes,EXCLUDE,FT07_NO_ELIGIBLE_IMMUNE_LINK,adults_confirmed,yes,yes,,EXCLUDE,FT07_NO_ELIGIBLE_IMMUNE_LINK,agreed
FS-006218,Proteomics of appetite-regulating system influenced by menstrual cycle and intensive exercise in female athletes: a pilot study.,INCLUDE_A,,adults_confirmed,yes,INCLUDE_A_AND_B,,adults_confirmed,yes,no,,INCLUDE_A,,D
FS-006233,Unraveling athletic performance: Transcriptomics and external load monitoring in handball competition.,INCLUDE_A,,adults_confirmed,yes,INCLUDE_A,,adults_confirmed,yes,yes,,INCLUDE_A,,agreed
FS-006247,Acute response in circulating microRNAs following a single bout of short-sprint and heavy strength training in well-trained cyclists.,AWAITING_CLASSIFICATION,,"mean_minus_2SD_below_18_unresolved — p.3: ""Age (years)                                              17.8 ± 1.7""",no,AWAITING_CLASSIFICATION,,mean_minus_2SD_below_18_unresolved,yes,yes,age_rule_check;validation_element_confirmed,AWAITING_CLASSIFICATION,,agreed
FS-006250,Metabolomic and Proteomic Profiling of Athletes Performing Physical Activity under Hypoxic Conditions.,INCLUDE_A,,adults_confirmed,yes,INCLUDE_A,,adults_confirmed,yes,yes,,INCLUDE_A,,agreed
FS-006260,Skeletal muscle of young females under resistance exercise exhibits a unique innate immune cell infiltration profile compared to males and elderly individuals.,,,,,,,,,no,,,,
FS-006263,Exercise-induced β2-adrenergic Receptor Activation Enhances the Antileukemic Activity of Expanded γδ T-Cells via DNAM-1 Upregulation and PVR/Nectin-2 Recognition.,EXCLUDE,FT05_NO_POST_CESSATION_SAMPLE,adults_confirmed,yes,EXCLUDE,FT05_NO_POST_CESSATION_SAMPLE,adults_confirmed,yes,yes,,EXCLUDE,FT05_NO_POST_CESSATION_SAMPLE,agreed
FS-006275,Biomarkers in Endurance Exercise: Individualized Regulation and Predictive Value.,INCLUDE_A_AND_B,,adults_confirmed,yes,INCLUDE_A_AND_B,,adults_confirmed,yes,yes,,INCLUDE_A_AND_B,,agreed
FS-006296,Respiratory and Metabolic Responses of CD4 + T Cells to Acute Exercise and Their Association with Cardiorespiratory Fitness.,,,,,,,,,no,,,,
FS-006319,Beet supplementation mitigates post-exercise inflammation.,INCLUDE_A,,adults_confirmed,yes,INCLUDE_A,,adults_confirmed,yes,yes,,INCLUDE_A,,agreed
FS-006342,Low energy availability increases immune cell formation of reactive oxygen species and impairs exercise performance in female endurance athletes.,INCLUDE_A_AND_B,,adults_confirmed,yes,INCLUDE_A_AND_B,,adults_confirmed,yes,yes,,INCLUDE_A_AND_B,,agreed
FS-006356,Oxylipin Dynamics Following A Single Bout of Yoga Exercise: A Pilot Randomized Controlled Trial Secondary Analysis.,AWAITING_CLASSIFICATION,,adults_confirmed,yes,INCLUDE_A,,adults_confirmed,yes,no,,AWAITING_CLASSIFICATION,,D
FS-006366,A MEPS-UHPLC-MS/MS analytical platform to detect isoprostanoids and specialized pro-resolving mediators in the urinary extracellular vesicles of mountain ultramarathon runners.,INCLUDE_A,,adults_confirmed,yes,INCLUDE_A,,adults_confirmed,yes,yes,,INCLUDE_A,,agreed
FS-006373,Baker's yeast beta glucan supplementation was associated with an improved innate immune mRNA expression response after exercise.,INCLUDE_A,,adults_confirmed,yes,INCLUDE_A,,adults_confirmed,yes,yes,,INCLUDE_A,,agreed
FS-006410,Changes in hematopoietic stem cell numbers following acute exercise in non-athlete marathon runners.,,,,,,,,,no,,,,
FS-006416,Analysis of plasma-derived small extracellular vesicle characteristics and microRNA cargo following exercise-induced skeletal muscle damage in men.,INCLUDE_A,,adults_confirmed,yes,INCLUDE_A,,adults_confirmed,yes,yes,,INCLUDE_A,,agreed
FS-006424,Effects of Maltodextrin-Fructose Supplementation on Inflammatory Biomarkers and Lipidomic Profile Following Endurance Running: A Randomized Placebo-Controlled Cross-Over Trial.,INCLUDE_A,,adults_confirmed,yes,INCLUDE_A,,adults_confirmed,yes,yes,,INCLUDE_A,,agreed
FS-006430,Combined proteomics and metabolomics analysis reveal the effect of a training course on the immune function of Chinese elite short-track speed skaters.,INCLUDE_A,,adults_confirmed,yes,INCLUDE_A,,adults_confirmed,yes,yes,,INCLUDE_A,,agreed
FS-006439,Response of Circulating Free Cellular DNA to Repeated Exercise in Men with Type 1 Diabetes Mellitus.,INCLUDE_A_AND_B,,adults_confirmed,yes,INCLUDE_A_AND_B,,adults_confirmed,yes,yes,,INCLUDE_A_AND_B,,agreed
FS-006440,A Multiomics Evaluation of the Countermeasure Influence of 4-Week Cranberry Beverage Supplementation on Exercise-Induced Changes in Innate Immunity.,INCLUDE_A,,adults_confirmed,yes,INCLUDE_A,,adults_confirmed,yes,yes,,INCLUDE_A,,agreed
FS-006450,Sportomics Analyses of the Exercise-Induced Impact on Amino Acid Metabolism and Acute-Phase Protein Kinetics in Female Olympic Athletes.,INCLUDE_A,,adults_confirmed,no,INCLUDE_A,,adults_confirmed,no,yes,,INCLUDE_A,,agreed
FS-006462,Cycling away from cancer: can aerobic training enhance interleukin-15 response to acute exercise?,,,,,,,,,no,,,,
FS-006499,"Variabilities of salivary human herpesvirus 6, 7, and secretory immunoglobulin A levels from pre- to post-competition periods in baseball players.",,,,,,,,,no,,,,
FS-006506,Effects of structured exercise training on miRNA expression in previously sedentary individuals.,INCLUDE_A_AND_B,,adults_confirmed,yes,INCLUDE_A_AND_B,,adults_confirmed,no,yes,validation_element_confirmed,INCLUDE_A_AND_B,,agreed
FS-006534,Exercise intensity and training alter the innate immune cell type and chromosomal origins of circulating cell-free DNA in humans.,INCLUDE_A_AND_B,,adults_confirmed,yes,AWAITING_CLASSIFICATION,,mean_minus_2SD_below_18_unresolved,yes,no,age_rule_check,INCLUDE_A_AND_B,,D
FS-006539,Single-Cell RNA Sequencing Analysis Reveals Exercise-Induced Transcriptional Dynamics in Half-Marathon Runners.,INCLUDE_A,,adults_confirmed,yes,INCLUDE_A,,adults_confirmed,yes,yes,,INCLUDE_A,,agreed
FS-006554,Temporal dynamics of the interstitial fluid proteome in human skeletal muscle following exhaustive exercise.,INCLUDE_A,,adults_confirmed,yes,INCLUDE_A,,adults_confirmed,yes,yes,,INCLUDE_A,,agreed
FS-006563,Cellular deconstruction of the human skeletal muscle microenvironment identifies an exercise-induced histaminergic crosstalk.,INCLUDE_A,,adults_confirmed,yes,AWAITING_CLASSIFICATION,,"mean_minus_2SD_below_18_unresolved — p.8: ""separate cohort of healthy, young males""",yes,no,age_rule_check,INCLUDE_A,,D
FS-006567,Study of Blood Biomarkers in Athletes with Lower Gastrointestinal Symptoms After an Ultra-Trail Race.,INCLUDE_A,,adults_confirmed,yes,INCLUDE_A,,adults_confirmed,yes,yes,,INCLUDE_A,,agreed
FS-006627,Gut Prevotella copri abundance linked to elevated post-exercise inflammation.,INCLUDE_A,,adults_confirmed,yes,INCLUDE_A,,adults_confirmed,yes,yes,,INCLUDE_A,,agreed
FS-006651,Exercise-induced β2-adrenergic receptor activation enhances effector lymphocyte mobilization in humans and suppresses lymphoma growth in mice through NK-cells.,,,,,,,,,no,,,,
FS-006662,The Influence of an Acute Endurance Intervention on Breast Cancer Cell Growth-A Pilot Study.,INCLUDE_A,,adults_confirmed,yes,AWAITING_CLASSIFICATION,,mean_minus_2SD_below_18_unresolved,yes,no,age_rule_check,INCLUDE_A,,D
FS-006681,"Extracellular vesicle proteomics uncovers energy metabolism, complement system, and endoplasmic reticulum stress response dysregulation postexercise in males with myalgic encephalomyelitis/chronic fatigue syndrome.",INCLUDE_A,,adults_confirmed,yes,INCLUDE_A,,adults_confirmed,yes,yes,,INCLUDE_A,,agreed
FS-006684,Using the Rise and Fall of Oxidative Stress and Inflammation Post-Exercise to Evaluate the Effect of Methylsulfonylmethane Supplementation on Immune Response mRNA.,INCLUDE_A,,adults_confirmed,yes,INCLUDE_A,,adults_confirmed,yes,yes,,INCLUDE_A,,agreed
FS-006697,Functional characterisation of CD8+ T cells mobilised with acute supramaximal high-intensity interval exercise: implications for immune surveillance.,INCLUDE_A,,adults_confirmed,yes,AWAITING_CLASSIFICATION,,mean_minus_2SD_below_18_unresolved,yes,no,age_rule_check,INCLUDE_A,,D
FS-006699,Longitudinal NMR-based Metabolomics Analysis of Male Mountain Ultramarathon Runners: New Perspectives for Athletes Monitoring and Injury Prevention.,INCLUDE_A,,adults_confirmed,yes,INCLUDE_A,,adults_confirmed,no,yes,validation_element_confirmed,INCLUDE_A,,agreed
FS-006706,Systematic profiling reveals betaine as an exercise mimetic for geroprotection.,,,,,,,,,no,,,,
FS-006734,Transcriptomic analyses of peripheral blood mononuclear cells reveal age-specific basal and acute exercise responsiveness differences in humans.,INCLUDE_A,,adults_confirmed,yes,INCLUDE_A,,adults_confirmed,yes,yes,,INCLUDE_A,,agreed
FS-006745,Circulating Antimicrobial Peptides as Biomarkers of Inflammation and Airway Dysfunction After Marathon Running.,INCLUDE_A,,adults_confirmed,yes,INCLUDE_A,,adults_confirmed,yes,yes,,INCLUDE_A,,agreed
FS-006749,"Repeated bouts of load carriage alter indirect markers of exercise-induced muscle damage, liver enzymes, and oxygen-carrying capacity in male soldiers.",INCLUDE_A_AND_B,,adults_confirmed,yes,INCLUDE_A_AND_B,,adults_confirmed,yes,yes,,INCLUDE_A_AND_B,,agreed
FS-006751,Maximal and sub-maximal exercise tests alter PBMC microRNA expression: insights into sport- and sex-specific variations.,INCLUDE_A,,adults_confirmed,yes,INCLUDE_A_AND_B,,adults_confirmed,yes,no,,INCLUDE_A,,D
FS-006754,MSM Supplementation Is Associated with Reduced Inflammation and Improved Innate Immune Response following In Vitro LPS-Stimulation in Humans after a Bout of Downhill Running.,INCLUDE_A,,adults_confirmed,yes,AWAITING_CLASSIFICATION,,mean_minus_2SD_below_18_unresolved,yes,no,age_rule_check,INCLUDE_A,,D
FS-006779,"Evaluating the Impact of Urolithin A Supplementation on Running Performance, Recovery, and Mitochondrial Biomarkers in Highly Trained Male Distance Runners.",INCLUDE_A_AND_B,,adults_confirmed,yes,INCLUDE_A_AND_B,,adults_confirmed,yes,yes,,INCLUDE_A_AND_B,,agreed
FS-006787,Even at 100+: Acute Exercise Modulates Inflammatory Pathways in Centenarians.,AWAITING_CLASSIFICATION,,adults_confirmed,yes,INCLUDE_A,,adults_confirmed,yes,no,,INCLUDE_A,,D
FS-006824,"The Contingency of Reported sST2 Serum Concentrations with a Protein Detection System (ELISA) from the Same Manufacturer (R&D Biotechne, 2002-2025): An Explanatory Effort by Applied Medical Researchers.",INCLUDE_A,,adults_confirmed,yes,AWAITING_CLASSIFICATION,,mean_minus_2SD_below_18_unresolved,yes,no,age_rule_check,INCLUDE_A,,D
FS-006828,Anxiety and Mood Disturbance Are Prospectively Associated With Respiratory Infection Risk and the Mucosal Immune Response to Exercise.,INCLUDE_A,,adults_confirmed,yes,INCLUDE_A,,adults_confirmed,yes,yes,,INCLUDE_A,,agreed
FS-006840,Clinical study on early warning signal monitoring (salivary indicators) of exercise-induced fatigue in technical winter sports athletes.,EXCLUDE,FT03_POPULATION_NOT_ELIGIBLE,"under_18_included — p.2: ""range: 17-31 years""",yes,EXCLUDE,FT03_POPULATION_NOT_ELIGIBLE,under_18_included,yes,yes,age_rule_check,EXCLUDE,FT03_POPULATION_NOT_ELIGIBLE,agreed
FS-006861,Exploratory analysis of the impact of sex on sputum proteomic response to inhaled wood smoke in humans.,EXCLUDE,FT03_POPULATION_NOT_ELIGIBLE,adults_confirmed,yes,EXCLUDE,FT03_POPULATION_NOT_ELIGIBLE,adults_confirmed,yes,yes,,EXCLUDE,FT03_POPULATION_NOT_ELIGIBLE,agreed
FS-006871,Immunological Protein Signature During Acute Exercise.,INCLUDE_A,,adults_confirmed,yes,AWAITING_CLASSIFICATION,,mean_minus_2SD_below_18_unresolved,yes,no,age_rule_check,INCLUDE_A,,D
FS-006881,"Acute exercise alters immune responses in older adults, with extracellular vesicle changes observed in a high-intensity intervention.",INCLUDE_A,,adults_confirmed,yes,INCLUDE_A,,adults_confirmed,yes,yes,,INCLUDE_A,,agreed
FS-006883,Proteomic changes induced by acute exercise and high-intensity interval training during pregnancy: a pilot randomised controlled trial.,INCLUDE_A_AND_B,,adults_confirmed,yes,INCLUDE_A_AND_B,,adults_confirmed,yes,yes,,INCLUDE_A_AND_B,,agreed
FS-006885,Cumulative oxidative and inflammatory responses to repeated depth training in breath-hold divers: a multiparametric field study.,INCLUDE_A_AND_B,,adults_confirmed,yes,INCLUDE_A_AND_B,,adults_confirmed,yes,yes,,INCLUDE_A_AND_B,,agreed
FS-006928,Exercise serum promotes DNA damage repair and remodels gene expression in colon cancer cells.,INCLUDE_A,,adults_confirmed,yes,INCLUDE_A,,adults_confirmed,yes,yes,,INCLUDE_A,,agreed
FS-006942,A pilot study: Salivary human herpesvirus-6 and human herpesvirus-7 responses to different types of acute exercise in healthy young men.,INCLUDE_A,,adults_confirmed,yes,INCLUDE_A,,adults_confirmed,yes,yes,,INCLUDE_A,,agreed
FS-006949,Salivary proteomics and metabolic responses to resistance training with and without blood flow restriction in young adults.,,,,,,,,,no,,,,
FS-006955,Acute exercise rewires the proteomic landscape of human immune cells.,INCLUDE_A,,adults_confirmed,yes,INCLUDE_A,,adults_confirmed,yes,yes,,INCLUDE_A,,agreed
FS-006965,Oxylipin Responses during the Yukon Arctic Ultra: The Longest and Coldest Ultramarathon in the World.,INCLUDE_A,,adults_confirmed,yes,RETAIN_BACKGROUND,,adults_confirmed,yes,no,,INCLUDE_A,,D
FS-007011,"Moving for optimal immunity: the effect of acute high-intensity interval training on phenotype, virus specificity and chemokine receptor expression in human CD8+ T cells.",INCLUDE_A,,adults_confirmed,no,INCLUDE_A,,adults_confirmed,no,yes,,INCLUDE_A,,agreed
FS-007021,Prevalence of exercise-induced bronchoconstriction in elite Chinese summer sport athletes.,EXCLUDE,FT05_NO_POST_CESSATION_SAMPLE,adults_confirmed,yes,EXCLUDE,FT05_NO_POST_CESSATION_SAMPLE,adults_confirmed,no,yes,validation_element_confirmed,EXCLUDE,FT05_NO_POST_CESSATION_SAMPLE,agreed
FS-007033,"Lymphocyte subpopulations in healthy Ukrainian men: local reference ranges, long temporal stability, and exercise-induced variability.",INCLUDE_A,,adults_confirmed,yes,INCLUDE_A,,adults_confirmed,yes,yes,,INCLUDE_A,,agreed
FS-007088,Daily turmeric and ginger beverage consumption attenuates physical menstrual cycle symptoms in sub-elite female footballers: a pilot study.,EXCLUDE,FT06_NO_BASELINE_OR_SUITABLE_COMPARATOR,adults_confirmed,yes,EXCLUDE,FT06_NO_BASELINE_OR_SUITABLE_COMPARATOR,adults_confirmed,no,yes,validation_element_confirmed,EXCLUDE,FT06_NO_BASELINE_OR_SUITABLE_COMPARATOR,agreed
FS-007097,Cumulative increases in circulating mtDNA as a potential biomarker of brain injury in rugby union: a pilot study.,INCLUDE_A_AND_B,,adults_confirmed,yes,INCLUDE_A_AND_B,,adults_confirmed,yes,yes,,INCLUDE_A_AND_B,,agreed
FS-007098,Gut microbiota composition correlates with PBMC microRNA expression following maximal exercise testing in endurance athletes.,INCLUDE_A,,adults_confirmed,yes,INCLUDE_A,,adults_confirmed,yes,yes,,INCLUDE_A,,agreed
FS-007100,Sex-Based Differences in Circulating microRNA and Metabolite Signatures Associated with Physical Activity in Lynch Syndrome Carriers.,AWAITING_CLASSIFICATION,,"mean_minus_2SD_below_18_unresolved — p.17: ""respond to acute PA in 8 female and 3 male LS carriers.""",yes,AWAITING_CLASSIFICATION,,"mean_minus_2SD_below_18_unresolved — p.17: ""in 8 female and 3 male LS carriers""",yes,yes,age_rule_check,AWAITING_CLASSIFICATION,,agreed
FS-007132,Long-distance trail running induces functional iron deficiency driven by inflammation.,INCLUDE_A,,adults_confirmed,yes,INCLUDE_A,,adults_confirmed,no,yes,validation_element_confirmed,INCLUDE_A,,agreed
FS-007158,Oxy-Inflammatory Profile of Finishers and No-Finishers in an Extreme Ultra-Endurance Trail Race: The 866 km Transpyrénéa.,INCLUDE_A,,adults_confirmed,yes,INCLUDE_A,,adults_confirmed,no,yes,validation_element_confirmed,INCLUDE_A,,agreed
FS-007168,Gene expression profiling of whole blood samples following marathon running in non-elite athletes.,INCLUDE_A,,adults_confirmed,yes,INCLUDE_A,,adults_confirmed,yes,yes,,INCLUDE_A,,agreed
FS-007188,"Long-Distance Trail Running Induces Inflammatory-Associated Protein, Lipid, and Purine Oxidation in Red Blood Cells.",INCLUDE_A,,adults_confirmed,yes,INCLUDE_A,,adults_confirmed,yes,yes,,INCLUDE_A,,agreed
FS-007201,"Elevated cfDNA after exercise is derived primarily from mature polymorphonuclear neutrophils, with a minor contribution of cardiomyocytes.",EXCLUDE,FT01_SOURCE_TYPE_NOT_CORE,not_applicable,no,EXCLUDE,FT01_SOURCE_TYPE_NOT_CORE,not_applicable,unclear,yes,validation_element_confirmed,EXCLUDE,FT01_SOURCE_TYPE_NOT_CORE,agreed
FS-007236,"Delayed molecular aging, preservation of energy metabolism and enhanced exercise response in exercise-trained human muscle.",INCLUDE_A,,adults_confirmed,yes,INCLUDE_A,,adults_confirmed,yes,yes,,INCLUDE_A,,agreed
FS-007237,NSAIDs trigger drug-specific response to exercise: a multi-omics systems biology analysis of a randomized crossover trial.,INCLUDE_A_AND_B,,adults_confirmed,yes,INCLUDE_A,,adults_confirmed,yes,no,,INCLUDE_A,,D
FS-007241,Leukocyte Morphology Changes during Preseason in Elite Soccer Players: A Pilot Study.,,,,,,,,,no,,,,
FS-007251,"Integrated Multi-Sensor Assessment System for Objective Muscle Recovery Monitoring: Application of Isokinetic Dynamometry, Infrared Thermometry, and Multi-Biomarker ELISA in Exercise-Induced Muscle Damage Surveillance.",INCLUDE_A,,adults_confirmed,yes,INCLUDE_A,,adults_confirmed,yes,yes,,INCLUDE_A,,agreed
FS-007256,MXRA7 attenuates sperm injury from exercise-induced fatigue via suppression of epididymal inflammation.,RETAIN_BACKGROUND,,adults_confirmed,no,RETAIN_BACKGROUND,,adults_confirmed,no,yes,,RETAIN_BACKGROUND,,agreed
FS-007259,"Passive, Electromagnetic-Responsive Hydrogel Immunosensor for Exercise Intensity Monitoring Based on Sweat C-Reactive Protein.",AWAITING_CLASSIFICATION,,"mean_minus_2SD_below_18_unresolved — p.10: ""The wearable sensing system was used in human sweat samples from healthy participants.""",yes,AWAITING_CLASSIFICATION,,"mean_minus_2SD_below_18_unresolved — p.10: ""The wearable sensing system was used in human sweat samples""",yes,yes,age_rule_check,AWAITING_CLASSIFICATION,,agreed
FS-007261,A targeted metabolic intervention via exercise applied after vaccination shapes kinetics and durability of serum antibody accompanied by a distinct immunometabolic signature: pilot study.,INCLUDE_A,,adults_confirmed,yes,INCLUDE_A,,adults_confirmed,no,yes,validation_element_confirmed,INCLUDE_A,,agreed
FS-007308,Palmitoylethanolamide supplementation partly modulates eccentric exercise-induced changes in the bioactive lipid profile of skeletal muscle tissue.,EXCLUDE,FT01_SOURCE_TYPE_NOT_CORE,not_applicable,yes,AWAITING_CLASSIFICATION,,"mean_minus_2SD_below_18_unresolved — p.1: ""Ten healthy, young, male participants were included""",no,no,age_rule_check;validation_element_confirmed,AWAITING_CLASSIFICATION,,D
FS-007328,Tai Chi exercise of short duration alters circulating oxylipins in postmenopausal women: a pilot study.,INCLUDE_A,,adults_confirmed,yes,EXCLUDE,FT07_NO_ELIGIBLE_IMMUNE_LINK,adults_confirmed,no,no,validation_element_confirmed,INCLUDE_A,,D
FS-007330,Is overtraining syndrome an acquired T-cell exhaustion state? Rethinking chronic exercise-induced immune dysfunction.,,,,,,,,,no,,,,
FS-007384,Mediators in exercise-induced asthma.,,,,,,,,,no,,,,
FS-007404,Neutrophil chemotactic factor and exercise-induced asthma.,,,,,,,,,no,,,,
FS-007440,Exercise-induced changes in common laboratory tests.,,,,,,,,,no,,,,
FS-007441,Identification and partial characterization of an exercise-induced neutrophil chemotactic factor in bronchial asthma.,INCLUDE_A,,adults_confirmed,yes,INCLUDE_A,,adults_confirmed,no,yes,validation_element_confirmed,INCLUDE_A,,agreed
FS-007452,Lack of release of platelet factor 4 during exercise-induced myocardial ischemia.,,,,,,,,,no,,,,
FS-007479,The effect on immunity of long-term intensive training in elite swimmers.,INCLUDE_A_AND_B,,adults_confirmed,yes,AWAITING_CLASSIFICATION,,adults_confirmed,yes,no,,INCLUDE_A_AND_B,,D
FS-007501,Leucocytosis as a marker of organ damage induced by chronic strenuous physical exercise.,,,,,,,,,no,,,,
FS-007508,CD4+/CD8+ T-lymphocyte ratio: effects of rehydration before exercise in dehydrated men.,,,,,,,,,no,,,,
FS-007528,"Leucocytes, lymphocytes, activation parameters and cell adhesion molecules in middle-distance runners under different training conditions.",,,,,,,,,no,,,,
FS-007530,Mucosal (secretory) immune system responses to exercise of varying intensity and during overtraining.,,,,,,,,,no,,,,
FS-007565,Cytokine production and fatigue in patients with chronic fatigue syndrome and healthy control subjects in response to exercise.,,,,,,,,,no,,,,
FS-007578,Decreased salivary immunoglobulin A secretion rate after intense interval exercise in elite kayakers.,,,,,,,,,no,,,,
FS-007602,Short and medium-term influence of physical activity on immune parameters.,,,,,,,,,no,,,,
FS-007639,Effects of exhaustive endurance exercise and its one-week daily repetition on neutrophil count and functional status in untrained men.,,,,,,,,,no,,,,
FS-007641,Exercise-induced bronchospasm (EIB) in relation to seasonal and perennial specific IgE in young adults.,,,,,,,,,no,,,,
FS-007642,Lymphocytes and NK cell activity during repeated bouts of maximal exercise.,,,,,,,,,no,,,,
FS-007775,Exercise test: leukocyte rheology and polymorphonuclear cystolic Ca2+ content in normals and in subjects submitted to coronary angioplasty.,,,,,,,,,no,,,,
FS-007778,Response of serum indicators of myocardial infarction following exercise-induced muscle injury.,,,,,,,,,no,,,,
FS-007796,Effect of glutamine supplementation on changes in the immune system induced by repeated exercise.,,,,,,,,,no,,,,
FS-007801,Overtraining and immune system: a prospective longitudinal study in endurance athletes.,,,,,,,,,no,,,,
FS-007930,Musculoskeletal (Mal)adaptations in Response to a > 30 000-km Running Challenge,INCLUDE_A,,adults_confirmed,yes,EXCLUDE,FT07_NO_ELIGIBLE_IMMUNE_LINK,adults_confirmed,no,no,validation_element_confirmed,INCLUDE_A,,D
FS-007953,Machine Learning-based Classification of Exercise Status Using miR-21 Expression and Multivariable Participant Profiles,EXCLUDE,FT04_NO_QUALIFYING_EXERCISE_EXPOSURE,adults_confirmed,yes,AWAITING_CLASSIFICATION,,adults_confirmed,yes,no,,EXCLUDE,FT04_NO_QUALIFYING_EXERCISE_EXPOSURE,D
FS-007992,Sex-specific features of neuroendocrine and immune responses in women and men during the Ukrainian Antarctic Expedition; [Статево-специфічні особливості нейроендокринних та імунних реакцій у жінок та чоловіків під час Української антарктичної експедиції],AWAITING_CLASSIFICATION,,"mean_minus_2SD_below_18_unresolved — p.3: ""36 candidates for Antarctic deployment (24 men""",no,AWAITING_CLASSIFICATION,,"mean_minus_2SD_below_18_unresolved — p.3: ""36 candidates for Antarctic deployment (24 men""",no,yes,,AWAITING_CLASSIFICATION,,agreed
FS-008029,The response of reaction time and fatigability to exhaustive exercise in young male,INCLUDE_A,,adults_confirmed,yes,INCLUDE_A,,adults_confirmed,no,yes,validation_element_confirmed,INCLUDE_A,,agreed
FS-008227,Effects of Congested Matches and Training Schedules on Salivary Markers in Elite Futsal Players,INCLUDE_A_AND_B,,adults_confirmed,yes,INCLUDE_A_AND_B,,adults_confirmed,yes,yes,,INCLUDE_A_AND_B,,agreed
FS-008228,Monitoring training loads in an elite sprint swimmer: a case report; [Monitoramento das cargas de treinamento em nadador de velocidade de elite: relato de caso],RETAIN_BACKGROUND,,adults_confirmed,yes,RETAIN_BACKGROUND,,adults_confirmed,yes,yes,,RETAIN_BACKGROUND,,agreed
FS-008442,Recovery after Running an “Everesting” Mountain Ultramarathon,INCLUDE_A,,adults_confirmed,yes,INCLUDE_A,,adults_confirmed,no,yes,validation_element_confirmed,INCLUDE_A,,agreed
FS-008505,Elucidating regulatory processes of intense physical activity by multi-omics analysis,INCLUDE_A,,adults_confirmed,yes,INCLUDE_A,,adults_confirmed,yes,yes,,INCLUDE_A,,agreed
FS-008584,Ironman training for NK cells,,,,,,,,,no,,,,
FS-008737,Circulating markers of intestinal barrier injury and inflammation following exertion in hypobaric hypoxia,,,,,,,,,no,,,,
FS-008738,"Prediction of Aerobic and Anaerobic Capacity from Selected Oxidative Stress Parameters, Muscle Damage Indices and Inflammatory Markers in Soccer and Hockey Players",AWAITING_CLASSIFICATION,,"mean_minus_2SD_below_18_unresolved — p.2: ""Football group (n = 39; mean age = 15.6 ± 1.53 yrs)""",yes,AWAITING_CLASSIFICATION,,"mean_minus_2SD_below_18_unresolved — p.2: ""Football group (n = 39; mean age = 15.6 ± 1.53 yrs)""",yes,yes,,AWAITING_CLASSIFICATION,,agreed
FS-008929,"Bioelectrical Phase Angle, Muscle Damage Markers and Inflammatory Response after a Competitive Match in Professional Soccer Players",INCLUDE_A,,adults_confirmed,yes,INCLUDE_A,,adults_confirmed,yes,yes,,INCLUDE_A,,agreed
FS-009093,Seasonal analysis (Six-Months) of blood parameters of Kyrgyz elite athletics athletes before 2016 Rio Olympics Games,,,,,,,,,no,,,,
FS-009159,Seasonal variations in blood parameters among Kyrgyz Elite judo athletes; [Variações sazonais de alguns parâmetros sanguíneos em atletas de judô de elite do quirguistão]; [Variaciones estacionales de algunos parámetros sanguíneos en atletas de judo de kirguistán],INCLUDE_A_AND_B,,adults_confirmed,yes,INCLUDE_A_AND_B,,adults_confirmed,yes,yes,,INCLUDE_A_AND_B,,agreed
FS-009203,"Blueberry and/or Banana Consumption Mitigate Arachidonic, Cytochrome P450 Oxylipin Generation During Recovery From 75-Km Cycling: A Randomized Trial",INCLUDE_A,,adults_confirmed,yes,INCLUDE_A,,adults_confirmed,yes,yes,,INCLUDE_A,,agreed
FS-009341,Salivary IgA and pre-training wellness status across an international soccer qualifying and finals campaign (Euro 2016),,,,,,,,,no,,,,
FS-009343,Case Study: Providing Nutritional Support to an Ultraendurance Runner in Preparation for a Self-Sufficient Multistage Ultramarathon: Rationed Versus Full Energy Provisions,INCLUDE_A_AND_B,,adults_confirmed,yes,INCLUDE_A_AND_B,,adults_confirmed,yes,yes,,INCLUDE_A_AND_B,,agreed
FS-009361,Changes of cardiac biomarkers in ultramarathon runners,INCLUDE_A,,adults_confirmed,yes,INCLUDE_A,,adults_confirmed,yes,yes,,INCLUDE_A,,agreed
FS-009498,Nonconventional and conventional biomarkers evaluated in gold medalists beach volleyball players during the 2015 and 2016 seasons (Pre-olympic and olympic years),AWAITING_CLASSIFICATION,,adults_confirmed,yes,RETAIN_BACKGROUND,,adults_confirmed,yes,no,,RETAIN_BACKGROUND,,D
FS-009509,"High performance liquid chromatography coupled to electrospray ionisation mass spectrometry method for the detection of salivary human neutrophil alpha defensins HNP1, HNP2, HNP3 and HNP4",,,,,,,,,no,,,,
FS-009520,Daily hematologic assessment during a 230-km multistage ultramarathon; [Avaliação hematológica diária durante uma ultramaratona de múltiplos estágios de 230 km]; [Evaluación hematológica diaria durante una ultramaratón de múltiples etapas de 230 km],INCLUDE_A_AND_B,,adults_confirmed,yes,INCLUDE_A_AND_B,,adults_confirmed,yes,yes,,INCLUDE_A_AND_B,,agreed
FS-009525,Blood markers of recovery from Ironman distance races in an elite triathlete,,,,,,,,,no,,,,
FS-009547,"Cytokine, physiological, technical–tactical and time structure responses in simulated judo competition",INCLUDE_A_AND_B,,adults_confirmed,yes,INCLUDE_A_AND_B,,adults_confirmed,yes,yes,,INCLUDE_A_AND_B,,agreed
FS-009633,The <i>Bifidobacterim bifidum</i> (BIB2) Probiotic Increased Immune System Factors in Men Sprint Athletes,INCLUDE_A_AND_B,,adults_confirmed,yes,INCLUDE_A_AND_B,,adults_confirmed,yes,yes,,INCLUDE_A_AND_B,,agreed
FS-009645,Changes in cytokine levels after prolonged and repeated moderate intensity exercise in middle-aged men and women,INCLUDE_A_AND_B,,adults_confirmed,yes,INCLUDE_A_AND_B,,adults_confirmed,yes,yes,,INCLUDE_A_AND_B,,agreed
FS-010114,Changes in naïve and memory T-cells in elite swimmers during a winter training season,AWAITING_CLASSIFICATION,,"mean_minus_2SD_below_18_unresolved — p.1: ""10 males (17.2 + 1.1 years""",yes,AWAITING_CLASSIFICATION,,"mean_minus_2SD_below_18_unresolved — p.1: ""10 males (17.2 + 1.1 years""",yes,yes,,AWAITING_CLASSIFICATION,,agreed
FS-010146,Three consecutive days of interval runs to exhaustion affects lymphocyte subset apoptosis and migration,INCLUDE_A_AND_B,,adults_confirmed,yes,INCLUDE_A_AND_B,,adults_confirmed,yes,yes,,INCLUDE_A_AND_B,,agreed
FS-010165,Evaluation of 6-month periodisation in male ekiden runners by assessment of muscle fatigue and immune function,AWAITING_CLASSIFICATION,,"mean_minus_2SD_below_18_unresolved — p.2: ""19.9 ±""",yes,AWAITING_CLASSIFICATION,,"mean_minus_2SD_below_18_unresolved — p.2: ""19.9 ±""",yes,yes,,AWAITING_CLASSIFICATION,,agreed
FS-010204,A seven day running training period increases basal urinary hepcidin levels as compared to cycling,INCLUDE_A_AND_B,,adults_confirmed,yes,INCLUDE_A_AND_B,,adults_confirmed,yes,yes,,INCLUDE_A_AND_B,,agreed
FS-010351,Effects of 6 months of endurance training on neutrophil functions to produce reactive oxygen species and mental states in male long-distance runners,,,,,,,,,no,,,,
FS-010457,Intra- and interrater reliability of morphologically evaluated lymphocyte apoptosis in trained and untrained observers,,,,,,,,,no,,,,
FS-010465,"Cytokine production by monocytes, neutrophils, and dendritic cells is hampered by long-term intensive training in elite swimmers",,,,,,,,,no,,,,
FS-010498,Human plasma inflammatory response during 5 days of exercise training in the heat,,,,,,,,,no,,,,
FS-010516,"The biochemical, physiological and psychological consequences of a ""1,000 miles in 1,000 hours"" walking challenge",,,,,,,,,no,,,,
FS-010564,A pilot study on the effect of acute Tai Chi practice on peripheral blood cytokine expression in healthy volunteers,,,,,,,,,no,,,,
FS-010649,Monitoring biological and psychological measures throughout an entire season in male handball players,INCLUDE_B,,adults_confirmed,yes,RETAIN_BACKGROUND,,adults_confirmed,yes,no,,RETAIN_BACKGROUND,,D
FS-010740,Effect of sensory stimulation on salivary IgA secretion rate in karate players,,,,,,,,,no,,,,
FS-010763,"Leukocyte, neutrophil, immature granulocyte counts and interleukin-6 are superior to procalcitonin, C-reactive protein and delta-He for detection of mild inflammation: Data from marathon runners producing mild systemic inflammation visible immediately after the run",INCLUDE_A,,adults_confirmed,yes,INCLUDE_A,,adults_confirmed,yes,yes,,INCLUDE_A,,agreed
FS-010790,Biomedical aspects of 51 consecutive marathons; [Aspetti biomedici di 51 maratone consecutive],,,,,,,,,no,,,,
FS-010827,Reduction in resting plasma granulysin as a marker of increased training load,INCLUDE_A_AND_B,,adults_confirmed,yes,INCLUDE_A_AND_B,,adults_confirmed,yes,yes,,INCLUDE_A_AND_B,,agreed
FS-010849,"Muscle damage, inflammation, and recovery interventions during a 3-day basketball tournament",,,,,,,,,no,,,,
FS-010873,Role of lung inflammatory mediators as a cause of training-induced lung function changes in runners,,,,,,,,,no,,,,
FS-011007,Lymphocyte HSP72 following exercise in hyperthermic runners: The effect of temperature,INCLUDE_A_AND_B,,adults_confirmed,yes,INCLUDE_A_AND_B,,adults_confirmed,yes,yes,,INCLUDE_A_AND_B,,agreed
FS-011033,Muscle trauma and immune activation after a downhill marathon (Tyrolean Speed Marathon),INCLUDE_A,,adults_confirmed,yes,INCLUDE_A,,adults_confirmed,yes,yes,,INCLUDE_A,,agreed
FS-011064,Mucosal IgA response to intense intermittent exercise in healthy male and female adults,,,,,,,,,no,,,,
FS-011327,Immunological responses to overreaching in cyclists,,,,,,,,,no,,,,
FS-011412,Psychological and immunological effects of massage after sport,,,,,,,,,no,,,,
FS-011432,Acute phase response and stress related hormones after repeated endurance exercise,,,,,,,,,no,,,,
FS-011580,The adaptable change of the function of T lymphocytes for physical exercise with oxygen,,,,,,,,,no,,,,
FS-011687,Temporal relationship between decreased salivary IgA and upper respiratory tract infection in elite athletes,,,,,,,,,no,,,,
FS-011807,"Nutritional, immunologic and psychological responses to a 7250 km run",,,,,,,,,no,,,,
FS-011900,Effect of acute exercise on immune homeostasis,,,,,,,,,no,,,,
FS-011944,Enhanced hydrogen peroxide generation by human neutrophils following exercise,EXCLUDE,FT01_SOURCE_TYPE_NOT_CORE,not_applicable,no,EXCLUDE,FT01_SOURCE_TYPE_NOT_CORE,not_applicable,no,yes,,EXCLUDE,FT01_SOURCE_TYPE_NOT_CORE,agreed
FS-011962,Immune responsiveness to myoglobin in young athletes after exercise,,,,,,,,,no,,,,
FS-011982,C-reactive protein as an indicator of post-exercise muscle damage,,,,,,,,,no,,,,
FS-012006,Correlation of plasma interleukin-1 (IL-1) and creatine kinase (CK) activities following exercise,,,,,,,,,no,,,,
FS-012067,Increased insulin binding to monocytes after exercise: Cellular mechanism of augmented insulin sensitivity,,,,,,,,,no,,,,
FS-012651,Can white blood cell activation be one of the major factors that affect hemorheological parameters during and after exercise?,,,,,,,,,no,,,,
FS-013023,The leukopenic index - With reference to normal white blood cell variations,,,,,,,,,no,,,,
FS-013354,Comparison of the effect of rest interval between sets and set - repetition configuration during bouts of eccentric exercise on muscle damage and inflammatory markers,INCLUDE_A_AND_B,,adults_confirmed,yes,INCLUDE_A_AND_B,,adults_confirmed,yes,yes,,INCLUDE_A_AND_B,,agreed
FS-013408,The Responses of Physiological Stress during Table Tennis Competition in Elite Female Players,EXCLUDE,FT03_POPULATION_NOT_ELIGIBLE,"under_18_included — p.2: ""Age (years)             18.7            3.76                 22       17""",no,EXCLUDE,FT03_POPULATION_NOT_ELIGIBLE,"under_18_included — p.2: ""Age (years)             18.7            3.76                 22       17""",no,yes,,EXCLUDE,FT03_POPULATION_NOT_ELIGIBLE,agreed
FS-013573,Biomedical aspects of 51 consecutive marathons,,,,,,,,,no,,,,
FS-013731,"Effect of marathon running on hematologic and biochemical laboratory parameters, including cardiac markers",,,,,,,,,no,,,,
FS-013794,Effects of maximal exercise on nonspecific immunity in athletes under trained and detrained conditions,EXCLUDE,FT03_POPULATION_NOT_ELIGIBLE,"under_18_included — p.3: ""age:             16•`18                      years""",yes,EXCLUDE,FT03_POPULATION_NOT_ELIGIBLE,"under_18_included — p.3: ""age:             16•`18                      years""",yes,yes,,EXCLUDE,FT03_POPULATION_NOT_ELIGIBLE,agreed
FS-013865,LEUKOCYTE AND ERYTHROCYTE COUNTS DURING A MULTISTAGE CYCLING RACE (THE MILK-RACE),INCLUDE_A_AND_B,,adults_confirmed,yes,INCLUDE_B,,adults_confirmed,yes,no,,INCLUDE_A_AND_B,,D
FS-013867,EXERCISE-INDUCED MODULATION OF IMMUNE PARAMETERS,,,,,,,,,no,,,,
FS-015048,The effects of eccentric exercise-induced muscle damage on peripheral blood neutrophil respiratory burst response and activation status in humans,,,,,,,,,no,,,,
FS-015049,The effect of exercise-induced muscle damage on neutrophil function,,,,,,,,,no,,,,
