record_id,title,year,journal,pmid_found,doi_found,method,source_url,match_ratio,resolved,note
FS-000498,The effect of exhaustive exercise on salivary immunoglobulin A.,1992,The Journal of sports medicine and physical fitness,1293425,,openalex,https://api.openalex.org/works?search=The%20effect%20of%20exhaustive%20exercise%20on%20salivary%20immunoglobulin%20A,1.0,no,"OpenAlex title match ratio=1.000, year 1992 exact; reconfirms pmid_before=1293425 (already on file). No DOI in OpenAlex or Crossref (checked round 2); none found in round 3 either."
FS-000573,Plasma amino acid concentrations in the overtraining syndrome: possible effects on the immune system.,1992,Medicine and science in sports and exercise,1470018,10.1249/00005768-199212000-00008,openalex,https://doi.org/10.1249/00005768-199212000-00008,0.771,yes,"Raw title ratio 0.771 because OpenAlex indexes only the truncated main clause ""Plasma amino acid concentrations in the overtraining syndrome"" (subtitle after colon dropped); accepted because OpenAlex pmid for that candidate (1470018) is identical to pmid_before, and Crossref record for the returned DOI confirms journal ""Medicine & Science in Sports & Exercise"" and date 1992-12, matching record exactly."
FS-000731,Effects of acute exhaustive exercise and chronic exercise training on type 1 and type 2 T lymphocytes.,2004,Exercise immunology review,15633589,10.22029/eir.2004.1608,openalex,https://doi.org/10.22029/eir.2004.1608,1.0,yes,"Semantic Scholar title match ratio=1.000 confirmed pmid_before=15633589. OpenAlex/DataCite record for 10.22029/eir.2004.1608 (title exact match) has container.issue ""Exercise Immunology Review, Vol. 10 (2004)"" matching record year exactly; DataCite publicationYear field shows 2026 (repository re-deposit/registration date, not the article year) and must not be used for year-matching on this DOI prefix (10.22029, JLU Giessen EIR archive)."
FS-000751,Hematological recovery in male ultramarathon runners: the effect of variations in training load and running time.,2004,The Journal of sports medicine and physical fitness,15756172,,openalex,https://api.openalex.org/works?search=Hematological%20recovery%20in%20male%20ultramarathon%20runners,1.0,no,"OpenAlex title match ratio=1.000, year 2004 exact; reconfirms pmid_before=15756172. No DOI in OpenAlex or Crossref."
FS-000901,CDNA-microarray analysis as a research tool for expression profiling in human peripheral blood following exercise.,2005,Exercise immunology review,16385846,10.22029/eir.2005.1617,openalex,https://doi.org/10.22029/eir.2005.1617,1.0,yes,"OpenAlex title match ratio=1.000 returned doi=10.22029/eir.2005.1617 directly but publication_year=2026 (repository deposit date, not article year); DataCite container.issue confirms ""Exercise Immunology Review, Vol. 11 (2005)"" matching record year exactly. pmid_before=16385846 reconfirmed."
FS-000951,Relationship between salivary IgA secretion and upper respiratory tract infection following a 160-km race.,2006,The Journal of sports medicine and physical fitness,16596116,,openalex,https://api.openalex.org/works?search=Relationship%20between%20salivary%20IgA%20secretion%20and%20upper%20respiratory%20tract%20infection,1.0,no,"OpenAlex title match ratio=1.000, year 2006 exact; reconfirms pmid_before=16596116. No DOI in OpenAlex or Crossref."
FS-001226,The effect of an ultra-endurance running race on mucosal and humoral immune function.,2007,The Journal of sports medicine and physical fitness,18091693,,openalex,https://api.openalex.org/works?search=The%20effect%20of%20an%20ultra-endurance%20running%20race%20on%20mucosal%20and%20humoral%20immune%20function,1.0,no,"OpenAlex title match ratio=1.000, year 2007 exact; reconfirms pmid_before=18091693. No DOI in OpenAlex or Crossref."
FS-001787,The effect of exercise on plasma soluble IL-6 receptor concentration: a dichotomous response.,2010,Exercise immunology review,20839491,10.22029/eir.2010.1651,openalex,https://doi.org/10.22029/eir.2010.1651,1.0,yes,"Same EIR/DataCite pattern as FS-000901. Container.issue ""Exercise Immunology Review, Vol. 16 (2010)"" matches record year exactly; OpenAlex publication_year=2026 is the repository deposit date, not the article year. pmid_before=20839491 reconfirmed."
FS-001850,Performance improvement is associated with higher postexercise responses in interleukin-6 and tumor necrosis factor α concentrations,2010,Journal of Sports Medicine and Physical Fitness,21178941,,openalex,https://api.openalex.org/works?search=Performance%20improvement%20is%20associated%20with%20higher%20postexercise%20responses%20in%20interleukin-6,1.0,no,"OpenAlex title match ratio=1.000, year 2010 exact; reconfirms pmid_before=21178941. No DOI in OpenAlex or Crossref."
FS-002088,The effect of preseason training on mucosal immunity in male basketball players.,2011,The Journal of sports medicine and physical fitness,22212276,,openalex,https://api.openalex.org/works?search=The%20effect%20of%20preseason%20training%20on%20mucosal%20immunity%20in%20male%20basketball%20players,1.0,no,"OpenAlex title match ratio=1.000, year 2011 exact; reconfirms pmid_before=22212276. No DOI in OpenAlex or Crossref."
FS-002536,Cytokine kinetics in nasal mucosa and sera: new insights in understanding upper-airway disease of marathon runners.,2013,Exercise immunology review,23977719,10.22029/eir.2013.1677,openalex,https://doi.org/10.22029/eir.2013.1677,1.0,yes,"Same EIR/DataCite pattern. Container.issue ""Exercise Immunology Review, Vol. 19 (2013)"" matches record year exactly; OpenAlex publication_year=2026 is the repository deposit date. pmid_before=23977719 reconfirmed."
FS-002573,A common variation in the promoter region of interleukin-6 gene shows association with exercise performance.,2009,Journal of sports science & medicine,24149537,,openalex,https://api.openalex.org/works?search=A%20common%20variation%20in%20the%20promoter%20region%20of%20interleukin-6%20gene,1.0,no,"OpenAlex title match ratio=1.000, year 2009 exact; reconfirms pmid_before=24149537. No DOI in OpenAlex or Crossref."
FS-002578,The effect of tapering period on plasma pro-inflammatory cytokine levels and performance in elite male cyclists.,2009,Journal of sports science & medicine,24149602,,openalex,https://api.openalex.org/works?search=The%20effect%20of%20tapering%20period%20on%20plasma%20pro-inflammatory%20cytokine%20levels,1.0,no,"OpenAlex title match ratio=1.000, year 2009 exact; reconfirms pmid_before=24149602. No DOI in OpenAlex or Crossref."
FS-002581,Effects of High-Intensity Endurance Exercise on Epidermal Barriers against Microbial Invasion.,2013,Journal of sports science & medicine,24149724,,openalex,https://api.openalex.org/works?search=Effects%20of%20High-Intensity%20Endurance%20Exercise%20on%20Epidermal%20Barriers,1.0,no,"OpenAlex title match ratio=1.000, year 2013 exact; reconfirms pmid_before=24149724. No DOI in OpenAlex or Crossref."
FS-002801,Evaluation of serum leaking enzymes and investigation into new biomarkers for exercise-induced muscle damage.,2014,Exercise immunology review,24974720,10.22029/eir.2014.1687,openalex,https://doi.org/10.22029/eir.2014.1687,1.0,yes,"Same EIR/DataCite pattern. Container.issue ""Exercise Immunology Review, Vol. 20 (2014)"" matches record year exactly; OpenAlex publication_year=2026 is the repository deposit date. pmid_before=24974720 reconfirmed."
FS-002852,Sex-based effects on immune changes induced by a maximal incremental exercise test in well-trained swimmers.,2014,Journal of sports science & medicine,25177203,,openalex,https://api.openalex.org/works?search=Sex-based%20effects%20on%20immune%20changes%20induced%20by%20a%20maximal%20incremental%20exercise%20test,1.0,no,"OpenAlex title match ratio=1.000, year 2014 exact; reconfirms pmid_before=25177203. No DOI in OpenAlex or Crossref."
FS-002878,Dynamic changes in dna methylation status in peripheral blood Mononuclear cells following an acute bout of exercise: Potential impact of exercise-induced elevations in interleukin-6 concentration.,2014,Journal of biological regulators and homeostatic agents,25316129,,openalex,https://api.openalex.org/works?search=Dynamic%20changes%20in%20dna%20methylation%20status%20in%20peripheral%20blood%20Mononuclear%20cells,1.0,no,"OpenAlex title match ratio=1.000, year 2014 exact; reconfirms pmid_before=25316129. No DOI in OpenAlex or Crossref."
FS-003019,"Changes of thioredoxin, oxidative stress markers, inflammation and muscle/renal damage following intensive endurance exercise.",2015,Exercise immunology review,25826051,10.22029/eir.2015.1700,openalex,https://doi.org/10.22029/eir.2015.1700,1.0,yes,"Same EIR/DataCite pattern. Container.issue ""Exercise Immunology Review, Vol. 21 (2015)"" matches record year exactly; OpenAlex publication_year=2026 is the repository deposit date. pmid_before=25826051 reconfirmed."
FS-003022,Circulatory endotoxin concentration and cytokine profile in response to exertional-heat stress during a multi-stage ultra-marathon competition.,2015,Exercise immunology review,25830597,10.22029/eir.2015.1699,openalex,https://doi.org/10.22029/eir.2015.1699,1.0,yes,"OpenAlex title match ratio=1.000 but blank doi field; DataCite title search located 10.22029/eir.2015.1699 (title exact match) with container.issue ""Exercise Immunology Review, Vol. 21 (2015)"" matching record year exactly. pmid_before=25830597 reconfirmed."
FS-003289,Changes in the markers of cardiac damage in men following long-distance and ultra-long-distance running races.,2016,The Journal of sports medicine and physical fitness,26853451,,openalex,https://api.openalex.org/works?search=Changes%20in%20the%20markers%20of%20cardiac%20damage%20in%20men%20following%20long-distance,1.0,no,"OpenAlex title match ratio=1.000, year 2016 exact; reconfirms pmid_before=26853451. No DOI in OpenAlex or Crossref."
FS-003290,Salivary immunoglobulin free light chains: reference ranges and responses to exercise in young and older adults.,2016,Exercise immunology review,26853488,10.22029/eir.2016.1707,openalex,https://doi.org/10.22029/eir.2016.1707,1.0,yes,"OpenAlex title match ratio=1.000 but OpenAlex listed no DOI and publication_year=2018 (vs record 2016); PubMed efetch for pmid_before=26853488 shows PubDate Year=2016, matching the record exactly (the 2018 figure is an unrelated OpenAlex/indexing date). DataCite title search located 10.22029/eir.2016.1707 with container.issue ""Exercise Immunology Review, Vol. 22 (2016)"" matching record year exactly."
FS-004809,"Optimized Curcumin, Pomegranate Extract, and Methylsulfonylmethane Reduce Acute, Systemic Inflammatory Response to a Half-marathon Race.",2022,Alternative therapies in health and medicine,32619204,,openalex,https://api.openalex.org/works?search=Optimized%20Curcumin%2C%20Pomegranate%20Extract%2C%20and%20Methylsulfonylmethane,1.0,no,"OpenAlex title match ratio=1.000, year 2022 exact; reconfirms pmid_before=32619204. No DOI in OpenAlex or Crossref."
FS-005118,Endotoxaemia in exhausted runners after a long-distance race.,1988,South African medical journal = Suid-Afrikaanse tydskrif vir geneeskunde,3375945,,openalex,https://api.openalex.org/works?search=Endotoxaemia%20in%20exhausted%20runners%20after%20a%20long-distance%20race,1.0,no,"OpenAlex title match ratio=1.000, year 1988 exact; reconfirms pmid_before=3375945. No DOI in OpenAlex or Crossref."
FS-005304,Effect of Regular Aerobic Training on Serum C-Reactive Protein and IL-6 Levels in Obese Women.,2021,Puerto Rico health sciences journal,34543566,,openalex,https://api.openalex.org/works?search=Effect%20of%20Regular%20Aerobic%20Training%20on%20Serum%20C-Reactive%20Protein%20and%20IL-6%20Levels,1.0,no,"OpenAlex title match ratio=1.000, year 2021 exact; reconfirms pmid_before=34543566. No DOI in OpenAlex or Crossref."
FS-007508,CD4+/CD8+ T-lymphocyte ratio: effects of rehydration before exercise in dehydrated men.,1995,Medicine and science in sports and exercise,7723642,10.1249/00005768-199502000-00008,openalex,https://doi.org/10.1249/00005768-199502000-00008,0.473,yes,"Raw title ratio 0.473 because OpenAlex indexes only the truncated main clause ""CD4+/CD8+ T-lymphocyte ratio"" (subtitle after colon dropped); accepted because OpenAlex pmid for that candidate (7723642) is identical to pmid_before, and Crossref record for the returned DOI confirms journal ""Medicine & Science in Sports & Exercise"" and date 1995-02, matching record exactly."
FS-010165,Evaluation of 6-month periodisation in male ekiden runners by assessment of muscle fatigue and immune function,2014,Hirosaki Medical Journal,,,web,http://opc.ul.hirosaki-u.ac.jp/opc/recordID/handle/10129/5309,1.0,no,"Title/journal/year confirmed exactly via Hirosaki University repository (Hirosaki Medical Journal, ISSN 0439-1721, vol 65(1):1-11, 2014); no DOI assigned (institutional-repository handle only) and not in PubMed (not MEDLINE-indexed) or OpenAlex ids."
FS-010564,A pilot study on the effect of acute Tai Chi practice on peripheral blood cytokine expression in healthy volunteers,2012,Biomedical Sciences Instrumentation,22846291,,openalex,https://pubmed.ncbi.nlm.nih.gov/22846291/,1.0,yes,"OpenAlex title match ratio=1.000 surfaced pmid 22846291 (record previously had no PMID); confirmed via PubMed efetch: ArticleTitle identical, journal ""Biomedical sciences instrumentation"" matches, PubDate Year=2012 matches record year. No DOI found (journal/era not DOI-registered)."
FS-010779,Short period of exercise causes rapid increase of serum interleukin 6 with no effect on its soluble receptor,2009,Archives of Medical Science,,,web,https://api.openalex.org/works?search=Short%20period%20of%20exercise%20causes%20rapid%20increase%20of%20serum%20interleukin%206,1.0,no,"OpenAlex confirms existence (title ratio 1.000, year 2009 exact) but carries no DOI/PMID (ids={openalex, mag} only). Crossref bibliographic search and WebSearch on exact title + ""Archives of Medical Science"" 2009 returned no matching record; best Crossref near-miss ratio=0.487 (""Table 2: Variations in electrolyte levels..."", year 2026, round 2 note) is unrelated."
FS-010790,Biomedical aspects of 51 consecutive marathons; [Aspetti biomedici di 51 maratone consecutive],2010,Medicina dello Sport,,,web,https://www.minervamedica.it/en/journals/medicina-dello-sport/article.php?cod=R26Y2010N03A0391,1.0,no,"WebSearch located the Minerva Medica journal page with identical title (incl. Italian subtitle), journal ""Medicina dello Sport"" 2010;63(3):391-408, matching exactly; page blocked WebFetch extraction (HTTP 403) and no DOI is registered in Crossref for this article (checked by bibliographic title query). No PMID (not MEDLINE-indexed). Same underlying article as FS-013573 (title without the Italian subtitle) - no identifier found for either record_id."
FS-010827,Reduction in resting plasma granulysin as a marker of increased training load,2007,Exercise Immunology Review,18198663,10.22029/eir.2007.1633,openalex,https://doi.org/10.22029/eir.2007.1633,1.0,yes,"Same EIR/DataCite pattern as the other Exercise Immunology Review records in this batch. Container.issue ""Exercise Immunology Review, Vol. 13 (2007)"" matches record year exactly; OpenAlex publication_year=2026 is the repository deposit date, not the article year. pmid_before=18198663 reconfirmed."
FS-011064,Mucosal IgA response to intense intermittent exercise in healthy male and female adults,2004,Journal of Exercise Physiology Online,,,web,,0.531,no,"No candidate found via OpenAlex (best ratio 0.531, unrelated wheelchair-athletes paper), Semantic Scholar (no result), or WebSearch (no exact-title hit for ""Journal of Exercise Physiology Online"" 2004); journal is not PubMed/Crossref indexed for this era. Best near-miss: OpenAlex ""Mucosal immune and physiological responses to exercise in wheelchair athletes"" (2012, ratio 0.531) - unrelated, rejected."
FS-011224,Effects of a competitive marathon race on systemic neutrophil mobilization and activation,2003,Japanese Journal of Physical Fitness and Sports Medicine,,,web,https://pubmed.ncbi.nlm.nih.gov/12569227/,0.0,no,"WebSearch surfaced a highly similar English title (""Impact of a competitive marathon race on systemic cytokine and neutrophil responses"", Suzuki et al., Medicine & Science in Sports & Exercise 2003, PMID 12569227) but the record journal is ""Japanese Journal of Physical Fitness and Sports Medicine"" - a different, non-English-language journal from the same era. Rejected as a likely distinct Japanese-language report rather than the same article (journal mismatch fails the verification rule even though the title is near-identical); not applied. No verifiable identifier for this exact record found."
FS-011375,Influence of Echinacin (EC31) treatment on the exercise-induced immune response in athletes,1998,Journal of Clinical Research,,,web,,1.0,no,"WebSearch confirmed the full citation (Berg A, Northoff H, Konig D, et al. Influence of Echinacin (EC31) treatment on the exercise-induced immune response in athletes. J Clin Res. 1998;1:367-380) matching title/journal/year exactly, via secondary-literature citations (no stable publisher/indexing URL located; Journal of Clinical Research is not in PubMed/Crossref/OpenAlex for this title). No DOI or PMID exists for this record."
FS-011432,Acute phase response and stress related hormones after repeated endurance exercise,1997,Clinical Laboratory,,,web,,0.417,no,"No candidate found via OpenAlex (best ratio 0.417, unrelated cardiology review), Semantic Scholar (no result), or WebSearch (no hit for exact title + ""Clinical Laboratory"" 1997); likely not PubMed/Crossref/OpenAlex indexed for this era/journal."
FS-011580,The adaptable change of the function of T lymphocytes for physical exercise with oxygen,2001,"Journal of Xi'an Medical University, English Edition",,,web,,0.0,no,"No candidate found via OpenAlex, Semantic Scholar, or WebSearch for this title in any phrasing; ""Journal of Xi'an Medical University, English Edition"" is not indexed in PubMed/Crossref/OpenAlex."
FS-011687,Temporal relationship between decreased salivary IgA and upper respiratory tract infection in elite athletes,1993,Australian Journal of Science and Medicine in Sport,,,web,https://www.bisp-surf.de/Record/PU199704204174,1.0,no,"WebFetch of the BISp SURF abstract record confirms title/journal/volume/pages/year exactly (Mackinnon, Ginn, Seymour; Australian Journal of Science & Medicine in Sport 25(4):94-99, 1993; ISSN 0813-6289). A PubMed esearch on the same author surnames returned PMID 8223526, but efetch shows that PMID is a different article (""Decreased salivary immunoglobulin A secretion rate after intense interval exercise in elite kayakers"", Eur J Appl Physiol 1993) - rejected as a false positive, not applied. No DOI/PMID verified for this record (pre-MEDLINE-era Australian journal)."
FS-011807,"Nutritional, immunologic and psychological responses to a 7250 km run",1996,Journal of Sports Medicine and Physical Fitness,8898521,,openalex,https://api.openalex.org/works?search=Nutritional%2C%20immunologic%20and%20psychological%20responses%20to%20a%207250%20km%20run,1.0,no,"OpenAlex title match ratio=1.000, year 1996 exact; reconfirms pmid_before=8898521. No DOI in OpenAlex or Crossref."
FS-012652,Systemic inflammatory response to exhaustive exercise. Cytokine kinetics,2002,EXERCISE IMMUNOLOGY REVIEW,,,web,https://api.openalex.org/works?search=Systemic%20inflammatory%20response%20to%20exhaustive%20exercise,1.0,no,"OpenAlex confirms existence (title ratio 1.000, year 2002 exact, journal Exercise Immunology Review) but ids={openalex, mag} only, no DOI/PMID. Unlike the other EIR records in this batch, a DataCite title search for this record returned zero results (not yet deposited in the eir.uni-giessen DataCite collection) and Crossref bibliographic search returned no match."
FS-013573,Biomedical aspects of 51 consecutive marathons,2010,MEDICINA DELLO SPORT,,,web,https://www.minervamedica.it/en/journals/medicina-dello-sport/article.php?cod=R26Y2010N03A0391,1.0,no,Same underlying article as FS-010790 (this record_id uses the title without the Italian subtitle). WebSearch located the Minerva Medica page with identical title/journal/volume/pages/year; no DOI registered in Crossref and no PMID (not MEDLINE-indexed). No identifier found for either record_id.
