record_id,title,year,journal,pmid_before,doi_before,pmid_found,doi_found,method,match_ratio,resolved,note
FS-000498,The effect of exhaustive exercise on salivary immunoglobulin A.,1992,The Journal of sports medicine and physical fitness,1293425,,1293425,,efetch_by_pmid,,no,efetch returned no DOI ArticleId/ELocationID for this PMID
FS-000573,Plasma amino acid concentrations in the overtraining syndrome: possible effects on the immune system.,1992,Medicine and science in sports and exercise,1470018,,1470018,,efetch_by_pmid,,no,efetch returned no DOI ArticleId/ELocationID for this PMID
FS-000731,Effects of acute exhaustive exercise and chronic exercise training on type 1 and type 2 T lymphocytes.,2004,Exercise immunology review,15633589,,15633589,,efetch_by_pmid,,no,efetch returned no DOI ArticleId/ELocationID for this PMID
FS-000751,Hematological recovery in male ultramarathon runners: the effect of variations in training load and running time.,2004,The Journal of sports medicine and physical fitness,15756172,,15756172,,efetch_by_pmid,,no,efetch returned no DOI ArticleId/ELocationID for this PMID
FS-000901,CDNA-microarray analysis as a research tool for expression profiling in human peripheral blood following exercise.,2005,Exercise immunology review,16385846,,16385846,,efetch_by_pmid,,no,efetch returned no DOI ArticleId/ELocationID for this PMID
FS-000951,Relationship between salivary IgA secretion and upper respiratory tract infection following a 160-km race.,2006,The Journal of sports medicine and physical fitness,16596116,,16596116,,efetch_by_pmid,,no,efetch returned no DOI ArticleId/ELocationID for this PMID
FS-001226,The effect of an ultra-endurance running race on mucosal and humoral immune function.,2007,The Journal of sports medicine and physical fitness,18091693,,18091693,,efetch_by_pmid,,no,efetch returned no DOI ArticleId/ELocationID for this PMID
FS-001787,The effect of exercise on plasma soluble IL-6 receptor concentration: a dichotomous response.,2010,Exercise immunology review,20839491,,20839491,,efetch_by_pmid,,no,efetch returned no DOI ArticleId/ELocationID for this PMID
FS-001788,The open window of susceptibility to infection after acute exercise in healthy young male elite athletes.,2010,Exercise immunology review,20839496,,20839496,,efetch_by_pmid,,no,efetch returned no DOI ArticleId/ELocationID for this PMID
FS-001850,Performance improvement is associated with higher postexercise responses in interleukin-6 and tumor necrosis factor α concentrations,2010,Journal of Sports Medicine and Physical Fitness,21178941,,21178941,,efetch_by_pmid,,no,efetch returned no DOI ArticleId/ELocationID for this PMID
FS-002088,The effect of preseason training on mucosal immunity in male basketball players.,2011,The Journal of sports medicine and physical fitness,22212276,,22212276,,efetch_by_pmid,,no,efetch returned no DOI ArticleId/ELocationID for this PMID
FS-002536,Cytokine kinetics in nasal mucosa and sera: new insights in understanding upper-airway disease of marathon runners.,2013,Exercise immunology review,23977719,,23977719,,efetch_by_pmid,,no,efetch returned no DOI ArticleId/ELocationID for this PMID
FS-002573,A common variation in the promoter region of interleukin-6 gene shows association with exercise performance.,2009,Journal of sports science & medicine,24149537,,24149537,,efetch_by_pmid,,no,efetch returned no DOI ArticleId/ELocationID for this PMID
FS-002578,The effect of tapering period on plasma pro-inflammatory cytokine levels and performance in elite male cyclists.,2009,Journal of sports science & medicine,24149602,,24149602,,efetch_by_pmid,,no,efetch returned no DOI ArticleId/ELocationID for this PMID
FS-002581,Effects of High-Intensity Endurance Exercise on Epidermal Barriers against Microbial Invasion.,2013,Journal of sports science & medicine,24149724,,24149724,,efetch_by_pmid,,no,efetch returned no DOI ArticleId/ELocationID for this PMID
FS-002801,Evaluation of serum leaking enzymes and investigation into new biomarkers for exercise-induced muscle damage.,2014,Exercise immunology review,24974720,,24974720,,efetch_by_pmid,,no,efetch returned no DOI ArticleId/ELocationID for this PMID
FS-002852,Sex-based effects on immune changes induced by a maximal incremental exercise test in well-trained swimmers.,2014,Journal of sports science & medicine,25177203,,25177203,,efetch_by_pmid,,no,efetch returned no DOI ArticleId/ELocationID for this PMID
FS-002878,Dynamic changes in dna methylation status in peripheral blood Mononuclear cells following an acute bout of exercise: Potential impact of exercise-induced elevations in interleukin-6 concentration.,2014,Journal of biological regulators and homeostatic agents,25316129,,25316129,,efetch_by_pmid,,no,efetch returned no DOI ArticleId/ELocationID for this PMID
FS-003019,"Changes of thioredoxin, oxidative stress markers, inflammation and muscle/renal damage following intensive endurance exercise.",2015,Exercise immunology review,25826051,,25826051,,efetch_by_pmid,,no,efetch returned no DOI ArticleId/ELocationID for this PMID
FS-003022,Circulatory endotoxin concentration and cytokine profile in response to exertional-heat stress during a multi-stage ultra-marathon competition.,2015,Exercise immunology review,25830597,,25830597,,efetch_by_pmid,,no,efetch returned no DOI ArticleId/ELocationID for this PMID
FS-003289,Changes in the markers of cardiac damage in men following long-distance and ultra-long-distance running races.,2016,The Journal of sports medicine and physical fitness,26853451,,26853451,,efetch_by_pmid,,no,efetch returned no DOI ArticleId/ELocationID for this PMID
FS-003290,Salivary immunoglobulin free light chains: reference ranges and responses to exercise in young and older adults.,2016,Exercise immunology review,26853488,,26853488,,efetch_by_pmid,,no,efetch returned no DOI ArticleId/ELocationID for this PMID
FS-004809,"Optimized Curcumin, Pomegranate Extract, and Methylsulfonylmethane Reduce Acute, Systemic Inflammatory Response to a Half-marathon Race.",2022,Alternative therapies in health and medicine,32619204,,32619204,,efetch_by_pmid,,no,efetch returned no DOI ArticleId/ELocationID for this PMID
FS-005118,Endotoxaemia in exhausted runners after a long-distance race.,1988,South African medical journal = Suid-Afrikaanse tydskrif vir geneeskunde,3375945,,3375945,,efetch_by_pmid,,no,efetch returned no DOI ArticleId/ELocationID for this PMID
FS-005304,Effect of Regular Aerobic Training on Serum C-Reactive Protein and IL-6 Levels in Obese Women.,2021,Puerto Rico health sciences journal,34543566,,34543566,,efetch_by_pmid,,no,efetch returned no DOI ArticleId/ELocationID for this PMID
FS-007508,CD4+/CD8+ T-lymphocyte ratio: effects of rehydration before exercise in dehydrated men.,1995,Medicine and science in sports and exercise,7723642,,7723642,,efetch_by_pmid,,no,efetch returned no DOI ArticleId/ELocationID for this PMID
FS-007894,Differential Inflammatory Response to Exhaustive Exercise in Trained and Untrained Individuals: Potential Biomarkers of Training Adaptation,2026,Applied Sciences (Switzerland),,10.3390/app16062643,,,esearch_by_title,,no,no PubMed hit for exact-title query
FS-007905,Training Status Modifies Muscle-Damage and Inflammatory Biomarker Responses During a 6-Week Moderate-Intensity Treadmill-Running Programme in Healthy Young Men: A Non-Randomised Controlled Study.,2026,Natural Resources for Human Health,,,,,esearch_by_title,,no,no PubMed hit for exact-title query
FS-007953,Machine Learning-based Classification of Exercise Status Using miR-21 Expression and Multivariable Participant Profiles,2026,Biomedical and Biotechnology Research Journal,,10.4103/bbrj.bbrj_72_26,,,esearch_by_title,,no,no PubMed hit for exact-title query
FS-007992,Sex-specific features of neuroendocrine and immune responses in women and men during the Ukrainian Antarctic Expedition; [Статево-специфічні особливості нейроендокринних та імунних реакцій у жінок та чоловіків під час Української антарктичної експедиції],2026,Ukrainian Antarctic Journal,,10.33275/1727-7485.1.2026.762,,,esearch_by_title,,no,no PubMed hit for exact-title query
FS-007993,"Neuromuscular Performance, Cardiovascular Characteristics, and Hematological Responses in Mountain Bike Athletes",2026,Translational Journal of the American College of Sports Medicine,,10.1249/tjx.0000000000000376,,,esearch_by_title,,no,no PubMed hit for exact-title query
FS-008213,"The acute and delayed impact of the 5-m shuttle run test on oxidative stress, muscle damage, and immune response, and their relationship with performance in rugby union players",2025,Sport Sciences for Health,,10.1007/s11332-025-01422-w,,,esearch_by_title,,no,no PubMed hit for exact-title query
FS-008227,Effects of Congested Matches and Training Schedules on Salivary Markers in Elite Futsal Players,2024,Applied Sciences (Switzerland),,10.3390/app14124968,,,esearch_by_title,,no,no PubMed hit for exact-title query
FS-008228,Monitoring training loads in an elite sprint swimmer: a case report; [Monitoramento das cargas de treinamento em nadador de velocidade de elite: relato de caso],2025,Revista Brasileira de Cineantropometria e Desempenho Humano,,10.1590/1980-0037.2025v27e99591,,,esearch_by_title,,no,no PubMed hit for exact-title query
FS-008442,Recovery after Running an “Everesting” Mountain Ultramarathon,2023,Life,,10.3390/life13101946,37895328,10.3390/life13101946,esearch_by_title,1.000,yes,"title match ratio 1.000, year 2023"
FS-008738,"Prediction of Aerobic and Anaerobic Capacity from Selected Oxidative Stress Parameters, Muscle Damage Indices and Inflammatory Markers in Soccer and Hockey Players",2023,Polish Journal of Sport and Tourism,,10.2478/pjst-2023-0001,,,esearch_by_title,,no,no PubMed hit for exact-title query
FS-008838,"Maximal Aerobic Effort Increases Genetic Expression of HSP90AA1, HSP90AB1, and PTGES3 in Elite Taekwondo Athletes",2022,Human Physiology,,10.1134/s0362119722030070,,,esearch_by_title,,no,no PubMed hit for exact-title query
FS-008929,"Bioelectrical Phase Angle, Muscle Damage Markers and Inflammatory Response after a Competitive Match in Professional Soccer Players",2021,Polish Journal of Sport and Tourism,,10.2478/pjst-2021-0014,,,esearch_by_title,,no,no PubMed hit for exact-title query
FS-009093,Seasonal analysis (Six-Months) of blood parameters of Kyrgyz elite athletics athletes before 2016 Rio Olympics Games,2021,Acta Medica Mediterranea,,10.19193/0393-6384_2021_2_168,,,esearch_by_title,,no,no PubMed hit for exact-title query
FS-009203,"Blueberry and/or Banana Consumption Mitigate Arachidonic, Cytochrome P450 Oxylipin Generation During Recovery From 75-Km Cycling: A Randomized Trial",2020,Frontiers in Nutrition,,10.3389/fnut.2020.00121,,,esearch_by_title,,no,no PubMed hit for exact-title query
FS-009320,The acute effect of multiple-sets and drop-set systems on the hormonal and immunological responses,2019,Journal of Physical Education and Sport,,10.7752/jpes.2019.s4191,,,esearch_by_title,,no,no PubMed hit for exact-title query
FS-009338,Effects of Exercise on the Level of Antibodies against Endogenous Bioregulators in the Serum of Athletes,2019,Human Physiology,,10.1134/s0362119719030137,,,esearch_by_title,,no,no PubMed hit for exact-title query
FS-009341,Salivary IgA and pre-training wellness status across an international soccer qualifying and finals campaign (Euro 2016),2018,International Journal of Sports Science and Coaching,,10.1177/1747954118779656,,,esearch_by_title,,no,no PubMed hit for exact-title query
FS-009344,Diurnal napping after partial sleep deprivation affected hematological and biochemical responses during repeated sprint,2018,Biological Rhythm Research,,10.1080/09291016.2018.1429553,,,esearch_by_title,,no,no PubMed hit for exact-title query
FS-009361,Changes of cardiac biomarkers in ultramarathon runners,2019,Physical Activity Review,,10.16926/par.2019.07.11,,,esearch_by_title,,no,no PubMed hit for exact-title query
FS-009373,"Daily intake of <i>Lactobacillus gasseri</i> CP2305 relieves fatigue and stress-related symptoms in male university Ekiden runners: A double-blind, randomized, and placebo-controlled clinical trial",2019,JOURNAL OF FUNCTIONAL FOODS,,10.1016/j.jff.2019.04.022,,,esearch_by_title,,no,no PubMed hit for exact-title query
FS-009411,"Simultaneous analysis of neopterin, kynurenine and tryptophan by amine-HPLC shows minor oxidative stress from short-term exhaustion exercise",2019,Pteridines,,10.1515/pteridines-2019-0003,,,esearch_by_title,,no,no PubMed hit for exact-title query
FS-009447,Baseline and post-exercise high-sensitivity c-reactive protein levels in endurance cyclists: The Indonesian North Coast and Tour de Borobudur 2017 study,2019,Indonesian Biomedical Journal,,10.18585/inabj.v11i1.560,,,esearch_by_title,,no,no PubMed hit for exact-title query
FS-009465,Diversity in athlete’s response to strength effort in normobaric hypoxia: Serum DSC study,2018,Journal of Thermal Analysis and Calorimetry,,10.1007/s10973-018-7067-4,,,esearch_by_title,,no,no PubMed hit for exact-title query
FS-009498,Nonconventional and conventional biomarkers evaluated in gold medalists beach volleyball players during the 2015 and 2016 seasons (Pre-olympic and olympic years),2018,Journal of Physical Education and Sport,,10.7752/jpes.2018.03259,,,esearch_by_title,,no,no PubMed hit for exact-title query
FS-009509,"High performance liquid chromatography coupled to electrospray ionisation mass spectrometry method for the detection of salivary human neutrophil alpha defensins HNP1, HNP2, HNP3 and HNP4",2017,Analytical Methods,,10.1039/c7ay01676j,,,esearch_by_title,,no,no PubMed hit for exact-title query
FS-009520,Daily hematologic assessment during a 230-km multistage ultramarathon; [Avaliação hematológica diária durante uma ultramaratona de múltiplos estágios de 230 km]; [Evaluación hematológica diaria durante una ultramaratón de múltiples etapas de 230 km],2018,Revista Brasileira de Medicina do Esporte,,10.1590/1517-869220182403171999,,,esearch_by_title,,no,no PubMed hit for exact-title query
FS-009547,"Cytokine, physiological, technical–tactical and time structure responses in simulated judo competition",2018,International Journal of Performance Analysis in Sport,,10.1080/24748668.2018.1501993,,,esearch_by_title,,no,no PubMed hit for exact-title query
FS-009622,Carbohydrate intake results in lower suppression of salivary immunoglobulin A in judokas; [La ingesta de carbohidratos induce una menor supresión de la inmunoglobulina A salival en yudocas]; [Ingestão de carboidrato resulta em menor supressão da imunoglobulina A salivar em judocas],2018,Revista Andaluza de Medicina del Deporte,,10.1016/j.ramd.2016.02.012,,,esearch_by_title,,no,no PubMed hit for exact-title query
FS-009633,The <i>Bifidobacterim bifidum</i> (BIB2) Probiotic Increased Immune System Factors in Men Sprint Athletes,2018,CURRENT NUTRITION & FOOD SCIENCE,,10.2174/1573401313666170725114130,,,esearch_by_title,,no,no PubMed hit for exact-title query
FS-009645,Changes in cytokine levels after prolonged and repeated moderate intensity exercise in middle-aged men and women,2018,Translational Sports Medicine,,10.1002/tsm2.23,,,esearch_by_title,,no,no PubMed hit for exact-title query
FS-009854,Relationship between cytokines and running economy in marathon runners,2016,Open Life Sciences,,10.1515/biol-2016-0041,,,esearch_by_title,,no,no PubMed hit for exact-title query
FS-009959,The physiological and mononuclear cell activation response to cryotherapy following a mixed martial arts contest: A pilot study,2015,Pteridines,,10.1515/pterid-2015-0010,,,esearch_by_title,,no,no PubMed hit for exact-title query
FS-010165,Evaluation of 6-month periodisation in male ekiden runners by assessment of muscle fatigue and immune function,2014,Hirosaki Medical Journal,,,,,esearch_by_title,,no,no PubMed hit for exact-title query
FS-010204,A seven day running training period increases basal urinary hepcidin levels as compared to cycling,2014,Journal of the International Society of Sports Nutrition,,10.1186/1550-2783-11-14,,,esearch_by_title,,no,no PubMed hit for exact-title query
FS-010457,Intra- and interrater reliability of morphologically evaluated lymphocyte apoptosis in trained and untrained observers,2011,Biology of Sport,,10.5604/965481,,,esearch_by_title,,no,no PubMed hit for exact-title query
FS-010564,A pilot study on the effect of acute Tai Chi practice on peripheral blood cytokine expression in healthy volunteers,2012,Biomedical Sciences Instrumentation,,,,,esearch_by_title,,no,no PubMed hit for exact-title query
FS-010649,Monitoring biological and psychological measures throughout an entire season in male handball players,2010,European Journal of Sport Science,,10.1080/17461391003699070,,,esearch_by_title,,no,no PubMed hit for exact-title query
FS-010740,Effect of sensory stimulation on salivary IgA secretion rate in karate players,2010,Biology of Sport,,10.5604/20831862.927493,,,esearch_by_title,,no,no PubMed hit for exact-title query
FS-010763,"Leukocyte, neutrophil, immature granulocyte counts and interleukin-6 are superior to procalcitonin, C-reactive protein and delta-He for detection of mild inflammation: Data from marathon runners producing mild systemic inflammation visible immediately after the run",2010,LaboratoriumsMedizin,,10.1515/jlm.2010.005,,,esearch_by_title,,no,no PubMed hit for exact-title query
FS-010779,Short period of exercise causes rapid increase of serum interleukin 6 with no effect on its soluble receptor,2009,Archives of Medical Science,,,,,esearch_by_title,,no,no PubMed hit for exact-title query
FS-010790,Biomedical aspects of 51 consecutive marathons; [Aspetti biomedici di 51 maratone consecutive],2010,Medicina dello Sport,,,,,esearch_by_title,,no,no PubMed hit for exact-title query
FS-010827,Reduction in resting plasma granulysin as a marker of increased training load,2007,Exercise Immunology Review,18198663,,18198663,,efetch_by_pmid,,no,efetch returned no DOI ArticleId/ELocationID for this PMID
FS-010849,"Muscle damage, inflammation, and recovery interventions during a 3-day basketball tournament",2008,European Journal of Sport Science,,10.1080/17461390802251844,,,esearch_by_title,,no,no PubMed hit for exact-title query
FS-010873,Role of lung inflammatory mediators as a cause of training-induced lung function changes in runners,2007,Science and Sports,,10.1016/j.scispo.2006.09.005,,,esearch_by_title,,no,no PubMed hit for exact-title query
FS-011033,Muscle trauma and immune activation after a downhill marathon (Tyrolean Speed Marathon),2006,Pteridines,,10.1515/pteridines.2006.17.4.121,,,esearch_by_title,,no,no PubMed hit for exact-title query
FS-011064,Mucosal IgA response to intense intermittent exercise in healthy male and female adults,2004,Journal of Exercise Physiology Online,,,,,esearch_by_title,,no,no PubMed hit for exact-title query
FS-011224,Effects of a competitive marathon race on systemic neutrophil mobilization and activation,2003,Japanese Journal of Physical Fitness and Sports Medicine,,,,,esearch_by_title,,no,no PubMed hit for exact-title query
FS-011375,Influence of Echinacin (EC31) treatment on the exercise-induced immune response in athletes,1998,Journal of Clinical Research,,,,,esearch_by_title,,no,no PubMed hit for exact-title query
FS-011432,Acute phase response and stress related hormones after repeated endurance exercise,1997,Clinical Laboratory,,,,,esearch_by_title,,no,no PubMed hit for exact-title query
FS-011580,The adaptable change of the function of T lymphocytes for physical exercise with oxygen,2001,"Journal of Xi'an Medical University, English Edition",,,,,esearch_by_title,,no,no PubMed hit for exact-title query
FS-011687,Temporal relationship between decreased salivary IgA and upper respiratory tract infection in elite athletes,1993,Australian Journal of Science and Medicine in Sport,,,,,esearch_by_title,,no,no PubMed hit for exact-title query
FS-011807,"Nutritional, immunologic and psychological responses to a 7250 km run",1996,Journal of Sports Medicine and Physical Fitness,8898521,,8898521,,efetch_by_pmid,,no,efetch returned no DOI ArticleId/ELocationID for this PMID
FS-012001,Changes in Serum Immunoglobulin Levels and Neutrophilic Phagocytosis After Exercise,1987,Japanese Journal of Physical Fitness and Sports Medicine,,10.7600/jspfsm1949.36.61,,,esearch_by_title,,no,no PubMed hit for exact-title query
FS-012652,Systemic inflammatory response to exhaustive exercise. Cytokine kinetics,2002,EXERCISE IMMUNOLOGY REVIEW,,,,,esearch_by_title,,no,no PubMed hit for exact-title query
FS-013023,The leukopenic index - With reference to normal white blood cell variations,1937,AMERICAN JOURNAL OF THE MEDICAL SCIENCES,,,,,esearch_by_title,,no,no PubMed hit for exact-title query
FS-013198,Pilot Study of the Metabolomic Profile of an Athlete after Short-Term Physical Activity,2023,DATA,,10.3390/data8010003,,,esearch_by_title,,no,no PubMed hit for exact-title query
FS-013314,Acute effects of recreational soccer on inflammatory response and cardiac and skeletal muscle damage indicators,2019,REVISTA ROMANA DE MEDICINA DE LABORATOR,,10.2478/rrlm-2019-0037,,,esearch_by_title,,no,no PubMed hit for exact-title query
FS-013408,The Responses of Physiological Stress during Table Tennis Competition in Elite Female Players,2016,ANNALS OF APPLIED SPORT SCIENCE,,10.18869/acadpub.aassjournal.4.2.17,,,esearch_by_title,,no,no PubMed hit for exact-title query
FS-013573,Biomedical aspects of 51 consecutive marathons,2010,MEDICINA DELLO SPORT,,,,,esearch_by_title,,no,no PubMed hit for exact-title query
FS-013731,"Effect of marathon running on hematologic and biochemical laboratory parameters, including cardiac markers",2002,AMERICAN JOURNAL OF CLINICAL PATHOLOGY,,10.1092/btwq5ymyvq67qk9l,,,esearch_by_title,,no,no PubMed hit for exact-title query
FS-013794,Effects of maximal exercise on nonspecific immunity in athletes under trained and detrained conditions,1999,JAPANESE JOURNAL OF PHYSICAL FITNESS AND SPORTS MEDICINE,,10.7600/jspfsm1949.48.147,,,esearch_by_title,,no,no PubMed hit for exact-title query
FS-013865,LEUKOCYTE AND ERYTHROCYTE COUNTS DURING A MULTISTAGE CYCLING RACE (THE MILK-RACE),1995,BRITISH JOURNAL OF SPORTS MEDICINE,,10.1136/bjsm.29.1.61,,,esearch_by_title,,no,no PubMed hit for exact-title query
