record_id,stage,input_tokens,cached_input_tokens,output_tokens,reasoning_tokens,seconds,valid,timestamp
BACKEND_CHECK,backend_probe,12958,0,9,0,4.1,True,2026-10-10T05:49:44+00:00
FS-001044,prefill_sol,35056,0,962,675,15.7,True,2026-10-10T05:50:43+00:00
FS-000901,prefill_sol,22092,10112,1056,766,18.4,True,2026-10-10T05:50:45+00:00
FS-001324,prefill_sol,24571,0,1462,1195,22.0,True,2026-10-10T05:50:49+00:00
FS-001211,prefill_sol,30661,0,1856,1658,30.5,True,2026-10-10T05:50:57+00:00
FS-000731,prefill_sol,31223,0,1430,1174,30.9,True,2026-10-10T05:50:58+00:00
FS-000645,prefill_sol,32859,0,2381,2131,32.2,True,2026-10-10T05:50:59+00:00
FS-001584,prefill_sol,32151,0,1012,727,17.9,True,2026-10-10T05:51:03+00:00
FS-000681,prefill_sol,25635,0,1799,1521,40.0,True,2026-10-10T05:51:07+00:00
FS-001505,prefill_sol,24969,10112,1753,1453,25.3,True,2026-10-10T05:51:08+00:00
FS-001635,prefill_sol,33069,10112,854,516,22.6,True,2026-10-10T05:51:12+00:00
FS-000912,prefill_sol,21530,0,2382,2127,48.2,True,2026-10-10T05:51:15+00:00
FS-001787,prefill_sol,25308,10112,1010,700,21.4,True,2026-10-10T05:51:19+00:00
FS-001918,prefill_sol,22673,10112,1286,1034,25.7,True,2026-10-10T05:51:24+00:00
FS-002032,prefill_sol,22669,12800,1379,1080,21.4,True,2026-10-10T05:51:25+00:00
FS-001987,prefill_sol,31155,10112,2122,1909,29.4,True,2026-10-10T05:51:29+00:00
FS-002059,prefill_sol,32368,12800,1501,1260,22.8,True,2026-10-10T05:51:30+00:00
FS-002511,prefill_sol,34564,12800,1124,821,23.3,True,2026-10-10T05:51:35+00:00
FS-002346,prefill_sol,31335,0,1873,1552,36.6,True,2026-10-10T05:51:45+00:00
FS-002554,prefill_sol,39880,12800,1388,1105,29.9,True,2026-10-10T05:51:45+00:00
FS-002589,prefill_sol,34132,0,1535,1270,21.0,True,2026-10-10T05:51:46+00:00
FS-002578,prefill_sol,22332,12800,1683,1363,24.1,True,2026-10-10T05:51:48+00:00
FS-002569,prefill_sol,23046,12800,1327,1034,29.8,True,2026-10-10T05:51:49+00:00
FS-002669,prefill_sol,32280,0,1103,785,22.8,True,2026-10-10T05:51:51+00:00
FS-003022,prefill_sol,38002,12800,1508,1256,23.8,True,2026-10-10T05:51:54+00:00
FS-003783,prefill_sol,27965,12800,1355,1034,19.4,True,2026-10-10T05:52:05+00:00
FS-003800,prefill_sol,26220,12800,1345,1034,19.0,True,2026-10-10T05:52:07+00:00
FS-003581,prefill_sol,38654,12800,1579,1315,22.6,True,2026-10-10T05:52:08+00:00
FS-003943,prefill_sol,23385,12800,1349,1034,19.0,True,2026-10-10T05:52:10+00:00
FS-003838,prefill_sol,24011,12800,1155,872,24.8,True,2026-10-10T05:52:14+00:00
FS-003468,prefill_sol,26342,12800,1977,1705,38.1,True,2026-10-10T05:52:23+00:00
FS-003290,prefill_sol,33945,12800,2375,2051,48.7,True,2026-10-10T05:52:24+00:00
FS-004116,prefill_sol,33107,12800,1699,1398,22.3,True,2026-10-10T05:52:28+00:00
FS-004179,prefill_sol,21114,12800,1094,812,22.8,True,2026-10-10T05:52:30+00:00
FS-004513,prefill_sol,23738,12800,1301,1100,21.1,True,2026-10-10T05:52:32+00:00
FS-004580,prefill_sol,33360,12800,1366,1034,19.9,True,2026-10-10T05:52:34+00:00
FS-004083,prefill_sol,23112,12800,2411,2140,49.9,True,2026-10-10T05:52:44+00:00
FS-004509,prefill_sol,30923,12800,2470,2170,37.2,True,2026-10-10T05:52:45+00:00
FS-005334,prefill_sol,38392,12800,1343,1034,20.0,True,2026-10-10T05:52:48+00:00
FS-005434,prefill_sol,34030,12800,1399,1034,22.8,True,2026-10-10T05:52:52+00:00
FS-006154,prefill_sol,25954,12800,659,404,12.7,True,2026-10-10T05:52:56+00:00
FS-006184,prefill_sol,35161,12800,1333,1054,20.7,True,2026-10-10T05:53:06+00:00
FS-005118,prefill_sol,22017,12800,2883,2588,42.1,True,2026-10-10T05:53:06+00:00
FS-006563,prefill_sol,28265,12800,1394,1034,20.9,True,2026-10-10T05:53:09+00:00
FS-005508,prefill_sol,30143,12800,2123,1857,41.5,True,2026-10-10T05:53:13+00:00
FS-006734,prefill_sol,30207,12800,1468,1238,23.0,True,2026-10-10T05:53:15+00:00
FS-004989,prefill_sol,40938,0,3861,3587,53.5,True,2026-10-10T05:53:16+00:00
FS-007033,prefill_sol,27578,12800,1036,678,14.1,True,2026-10-10T05:53:20+00:00
FS-006965,prefill_sol,21213,12800,1092,794,14.9,True,2026-10-10T05:53:21+00:00
FS-006861,prefill_sol,25908,12800,1680,1325,27.1,True,2026-10-10T05:53:24+00:00
FS-006114,prefill_sol,32006,12800,2784,2453,55.8,True,2026-10-10T05:53:29+00:00
FS-007479,prefill_sol,,,,,11.9,False,2026-10-10T05:53:33+00:00
FS-007100,prefill_sol,,,,,19.5,False,2026-10-10T05:53:33+00:00
FS-007097,prefill_sol,,,,,24.0,False,2026-10-10T05:53:33+00:00
FS-007188,prefill_sol,,,,,17.2,False,2026-10-10T05:53:33+00:00
FS-007992,prefill_sol,,,,,3.2,False,2026-10-10T05:53:33+00:00
FS-007953,prefill_sol,,,,,9.1,False,2026-10-10T05:53:33+00:00
FS-007236,prefill_sol,,,,,16.3,False,2026-10-10T05:53:33+00:00
FS-007259,prefill_sol,,,,,12.6,False,2026-10-10T05:53:33+00:00
FS-010763,prefill_sol,24909,12800,796,516,12.1,True,2026-10-10T05:53:45+00:00
FS-008227,prefill_sol,,,,,12.6,False,2026-10-10T05:53:45+00:00
FS-010114,prefill_sol,,,,,12.6,False,2026-10-10T05:53:45+00:00
FS-009361,prefill_sol,,,,,12.6,False,2026-10-10T05:53:45+00:00
FS-009633,prefill_sol,,,,,12.6,False,2026-10-10T05:53:45+00:00
FS-010649,prefill_sol,,,,,12.6,False,2026-10-10T05:53:45+00:00
FS-010165,prefill_sol,,,,,12.6,False,2026-10-10T05:53:45+00:00
FS-009547,prefill_sol,,,,,12.6,False,2026-10-10T05:53:45+00:00
FS-010827,prefill_sol,,,,,0.4,False,2026-10-10T05:53:45+00:00
FS-011944,prefill_sol,16612,12800,624,427,10.2,True,2026-10-10T05:53:56+00:00
FS-013865,prefill_sol,23817,12800,1644,1369,24.4,True,2026-10-10T05:54:10+00:00
FS-011033,prefill_sol,28041,12800,1746,1491,35.6,True,2026-10-10T05:54:21+00:00
FS-011007,prefill_sol,23365,12800,2774,2477,53.7,True,2026-10-10T05:54:39+00:00
FS-004147,prefill_sol,,,,,13.7,False,2026-10-10T05:55:42+00:00
FS-004390,prefill_sol,22611,12800,858,516,14.3,True,2026-10-10T05:55:42+00:00
FS-006366,prefill_sol,30500,12800,1154,875,18.0,True,2026-10-10T05:55:46+00:00
FS-004769,prefill_sol,67122,12800,1324,1034,19.9,True,2026-10-10T05:55:48+00:00
FS-004518,prefill_sol,21859,0,1428,1169,20.4,True,2026-10-10T05:55:48+00:00
FS-004138,prefill_sol,24783,12800,1350,1034,27.7,True,2026-10-10T05:55:56+00:00
FS-005607,prefill_sol,30197,12800,1804,1552,28.5,True,2026-10-10T05:55:56+00:00
FS-006373,prefill_sol,27828,12800,1112,848,17.4,True,2026-10-10T05:55:59+00:00
FS-006215,prefill_sol,24647,12800,2166,1910,33.5,True,2026-10-10T05:56:01+00:00
FS-006885,prefill_sol,36570,12800,1210,895,24.4,True,2026-10-10T05:56:07+00:00
FS-007097,prefill_sol,31251,31104,1095,804,23.3,True,2026-10-10T05:56:09+00:00
FS-007188,prefill_sol,34100,12800,1561,1233,21.5,True,2026-10-10T05:56:10+00:00
FS-007308,prefill_sol,16536,12800,1048,843,15.5,True,2026-10-10T05:56:15+00:00
FS-007236,prefill_sol,24614,12800,1012,696,22.1,True,2026-10-10T05:56:18+00:00
FS-007479,prefill_sol,25489,12800,1135,866,16.5,True,2026-10-10T05:56:18+00:00
FS-007259,prefill_sol,25798,12800,1835,1552,28.1,True,2026-10-10T05:56:25+00:00
FS-008228,prefill_sol,21086,12800,771,487,12.4,True,2026-10-10T05:56:27+00:00
FS-007100,prefill_sol,28505,12800,2639,2304,41.8,True,2026-10-10T05:56:30+00:00
FS-007953,prefill_sol,27653,12800,1868,1582,26.7,True,2026-10-10T05:56:33+00:00
FS-008227,prefill_sol,26046,12800,1631,1332,23.9,True,2026-10-10T05:56:34+00:00
FS-008929,prefill_sol,24374,0,1289,1017,18.2,True,2026-10-10T05:56:36+00:00
FS-008738,prefill_sol,27012,12800,1631,1369,23.6,True,2026-10-10T05:56:41+00:00
FS-007992,prefill_sol,30849,12800,2613,2355,36.5,True,2026-10-10T05:56:46+00:00
FS-009361,prefill_sol,21951,12800,1280,1034,19.3,True,2026-10-10T05:56:46+00:00
FS-009547,prefill_sol,25659,12800,1056,773,16.1,True,2026-10-10T05:56:50+00:00
FS-009343,prefill_sol,29085,12800,1442,1165,28.9,True,2026-10-10T05:56:53+00:00
FS-009520,prefill_sol,24459,12800,1722,1461,23.0,True,2026-10-10T05:56:57+00:00
FS-009633,prefill_sol,22744,12800,1606,1340,24.6,True,2026-10-10T05:57:01+00:00
FS-010827,prefill_sol,22334,12800,836,563,12.4,True,2026-10-10T05:57:03+00:00
FS-009498,prefill_sol,19391,12800,1789,1488,34.7,True,2026-10-10T05:57:04+00:00
FS-013408,prefill_sol,20842,0,939,705,14.2,True,2026-10-10T05:57:08+00:00
FS-010114,prefill_sol,22811,12800,1945,1552,27.9,True,2026-10-10T05:57:09+00:00
FS-010165,prefill_sol,28098,12800,2027,1789,29.8,True,2026-10-10T05:57:16+00:00
FS-013794,prefill_sol,26691,12800,2435,2048,34.6,True,2026-10-10T05:57:31+00:00
FS-010649,prefill_sol,27316,0,3792,3553,53.4,True,2026-10-10T05:57:40+00:00
FS-004147,prefill_sol,27919,12800,1131,839,14.6,True,2026-10-10T05:58:19+00:00
FS-001211,prefill_sol_c,29976,12800,753,516,13.0,True,2026-10-10T05:58:47+00:00
FS-001044,prefill_sol_c,35157,12800,808,516,13.8,True,2026-10-10T05:58:48+00:00
FS-000645,prefill_sol_c,32174,12800,973,702,13.8,True,2026-10-10T05:58:48+00:00
FS-000901,prefill_sol_c,21407,12800,1342,1064,20.1,True,2026-10-10T05:58:54+00:00
FS-001324,prefill_sol_c,23885,12800,1554,1255,22.5,True,2026-10-10T05:58:57+00:00
FS-000681,prefill_sol_c,24950,12800,1826,1552,24.6,True,2026-10-10T05:58:59+00:00
FS-000912,prefill_sol_c,20845,12800,1799,1552,25.7,True,2026-10-10T05:59:00+00:00
FS-000731,prefill_sol_c,30538,12800,2568,2283,35.3,True,2026-10-10T05:59:09+00:00
FS-001505,prefill_sol_c,25070,12800,1620,1341,22.7,True,2026-10-10T05:59:10+00:00
FS-001584,prefill_sol_c,32252,12800,1282,1034,21.9,True,2026-10-10T05:59:10+00:00
FS-001635,prefill_sol_c,33170,12800,1873,1552,29.0,True,2026-10-10T05:59:17+00:00
FS-001918,prefill_sol_c,22774,12800,1051,820,22.4,True,2026-10-10T05:59:19+00:00
FS-001787,prefill_sol_c,25409,12800,1678,1445,25.9,True,2026-10-10T05:59:20+00:00
FS-001987,prefill_sol_c,31256,12800,1657,1362,23.1,True,2026-10-10T05:59:22+00:00
FS-002032,prefill_sol_c,22770,12800,1662,1376,23.5,True,2026-10-10T05:59:23+00:00
FS-002059,prefill_sol_c,32469,12800,783,516,14.8,True,2026-10-10T05:59:24+00:00
FS-002511,prefill_sol_c,34664,12800,1459,1127,22.7,True,2026-10-10T05:59:33+00:00
FS-002569,prefill_sol_c,23100,12800,1362,1119,19.4,True,2026-10-10T05:59:38+00:00
FS-002589,prefill_sol_c,34233,12800,1133,868,18.1,True,2026-10-10T05:59:40+00:00
FS-002554,prefill_sol_c,39981,12800,1850,1579,25.8,True,2026-10-10T05:59:43+00:00
FS-003022,prefill_sol_c,38102,12800,1449,1195,21.4,True,2026-10-10T05:59:46+00:00
FS-002346,prefill_sol_c,31436,12800,2453,2205,35.9,True,2026-10-10T05:59:46+00:00
FS-002669,prefill_sol_c,32381,12800,1561,1251,22.4,True,2026-10-10T05:59:46+00:00
FS-002578,prefill_sol_c,22433,12800,1828,1524,27.3,True,2026-10-10T05:59:47+00:00
FS-003581,prefill_sol_c,38755,12800,793,516,18.4,True,2026-10-10T05:59:59+00:00
FS-003800,prefill_sol_c,26321,12800,1269,987,17.9,True,2026-10-10T06:00:04+00:00
FS-003783,prefill_sol_c,28012,12800,1582,1293,21.5,True,2026-10-10T06:00:04+00:00
FS-003468,prefill_sol_c,26443,12800,1673,1405,26.0,True,2026-10-10T06:00:04+00:00
FS-003943,prefill_sol_c,23486,12800,1593,1164,21.9,True,2026-10-10T06:00:08+00:00
FS-003290,prefill_sol_c,33990,12800,2652,2348,36.8,True,2026-10-10T06:00:09+00:00
FS-003838,prefill_sol_c,24112,12800,1728,1459,24.0,True,2026-10-10T06:00:10+00:00
FS-004083,prefill_sol_c,23212,12800,1848,1552,30.5,True,2026-10-10T06:00:18+00:00
FS-004179,prefill_sol_c,21215,12800,987,711,15.6,True,2026-10-10T06:00:20+00:00
FS-004147,prefill_sol_c,28020,12800,1322,1034,18.5,True,2026-10-10T06:00:23+00:00
FS-004138,prefill_sol_c,24884,12800,1280,957,25.6,True,2026-10-10T06:00:29+00:00
FS-004513,prefill_sol_c,23839,12800,1398,1034,20.7,True,2026-10-10T06:00:31+00:00
FS-004390,prefill_sol_c,22712,12800,2374,2070,30.1,True,2026-10-10T06:00:38+00:00
FS-004518,prefill_sol_c,21960,12800,1077,823,21.9,True,2026-10-10T06:00:40+00:00
FS-004580,prefill_sol_c,33461,12800,1412,1154,20.8,True,2026-10-10T06:00:41+00:00
FS-004116,prefill_sol_c,33208,12800,3214,2934,47.6,True,2026-10-10T06:00:46+00:00
FS-004769,prefill_sol_c,67223,12800,2167,1872,31.0,True,2026-10-10T06:00:54+00:00
FS-005434,prefill_sol_c,34087,12800,1066,771,16.3,True,2026-10-10T06:00:56+00:00
FS-005508,prefill_sol_c,30244,12800,1064,802,16.8,True,2026-10-10T06:00:58+00:00
FS-005334,prefill_sol_c,38493,12800,1889,1514,27.1,True,2026-10-10T06:01:05+00:00
FS-004509,prefill_sol_c,31024,12800,3191,2897,60.8,True,2026-10-10T06:01:10+00:00
FS-005607,prefill_sol_c,30298,12800,1133,897,26.0,True,2026-10-10T06:01:12+00:00
FS-005118,prefill_sol_c,22118,12800,3352,2962,45.6,True,2026-10-10T06:01:16+00:00
FS-006154,prefill_sol_c,26055,12800,1481,1249,21.7,True,2026-10-10T06:01:18+00:00
FS-004989,prefill_sol_c,41039,12800,2831,2543,54.7,True,2026-10-10T06:01:24+00:00
FS-006114,prefill_sol_c,32107,12800,2326,1999,34.1,True,2026-10-10T06:01:28+00:00
FS-006366,prefill_sol_c,30601,12800,1410,1151,20.2,True,2026-10-10T06:01:31+00:00
FS-006184,prefill_sol_c,35262,12800,1974,1695,39.7,True,2026-10-10T06:01:38+00:00
FS-006373,prefill_sol_c,27929,12800,1517,1272,30.6,True,2026-10-10T06:01:43+00:00
FS-006563,prefill_sol_c,28366,12800,1334,1034,27.6,True,2026-10-10T06:01:44+00:00
FS-006734,prefill_sol_c,30308,12800,1356,1034,29.5,True,2026-10-10T06:01:48+00:00
FS-006885,prefill_sol_c,36671,12800,1340,1021,19.8,True,2026-10-10T06:01:48+00:00
FS-006215,prefill_sol_c,24748,12800,2881,2633,44.5,True,2026-10-10T06:01:50+00:00
FS-006861,prefill_sol_c,25981,12800,1368,1034,27.5,True,2026-10-10T06:01:52+00:00
FS-007033,prefill_sol_c,27679,12800,1155,813,18.7,True,2026-10-10T06:01:56+00:00
FS-006965,prefill_sol_c,21303,12800,1936,1552,27.4,True,2026-10-10T06:01:58+00:00
FS-007097,prefill_sol_c,31352,12800,1320,1034,27.5,True,2026-10-10T06:02:11+00:00
FS-007236,prefill_sol_c,24715,12800,1787,1482,25.1,True,2026-10-10T06:02:13+00:00
FS-007188,prefill_sol_c,34201,12800,1680,1394,25.6,True,2026-10-10T06:02:13+00:00
FS-007259,prefill_sol_c,25899,12800,1511,1247,27.2,True,2026-10-10T06:02:17+00:00
FS-007100,prefill_sol_c,28606,12800,2294,1926,33.1,True,2026-10-10T06:02:17+00:00
FS-007308,prefill_sol_c,16637,12800,1855,1552,27.4,True,2026-10-10T06:02:19+00:00
FS-007953,prefill_sol_c,27754,12800,1962,1656,28.8,True,2026-10-10T06:02:27+00:00
FS-008929,prefill_sol_c,24475,12800,754,510,12.0,True,2026-10-10T06:02:29+00:00
FS-008227,prefill_sol_c,26147,12800,1127,754,23.3,True,2026-10-10T06:02:36+00:00
FS-009361,prefill_sol_c,22052,12800,765,516,13.3,True,2026-10-10T06:02:40+00:00
FS-008738,prefill_sol_c,27113,12800,1601,1301,24.5,True,2026-10-10T06:02:41+00:00
FS-008228,prefill_sol_c,21187,12800,1979,1693,29.2,True,2026-10-10T06:02:43+00:00
FS-007479,prefill_sol_c,25590,0,3254,2989,47.0,True,2026-10-10T06:02:43+00:00
FS-009343,prefill_sol_c,29186,12800,2181,1894,32.4,True,2026-10-10T06:02:52+00:00
FS-007992,prefill_sol_c,30950,12800,2846,2562,42.9,True,2026-10-10T06:02:54+00:00
FS-009498,prefill_sol_c,19492,12800,1958,1630,29.8,True,2026-10-10T06:02:59+00:00
FS-009547,prefill_sol_c,25760,12800,1344,1034,22.5,True,2026-10-10T06:03:03+00:00
FS-010114,prefill_sol_c,22912,12800,1322,1034,21.0,True,2026-10-10T06:03:04+00:00
FS-009520,prefill_sol_c,24560,24448,1783,1552,31.3,True,2026-10-10T06:03:08+00:00
FS-010763,prefill_sol_c,25010,12800,1056,791,15.7,True,2026-10-10T06:03:09+00:00
FS-010165,prefill_sol_c,28199,12800,1641,1381,33.3,True,2026-10-10T06:03:17+00:00
FS-010827,prefill_sol_c,22435,12800,1197,930,18.1,True,2026-10-10T06:03:17+00:00
FS-013408,prefill_sol_c,20943,12800,696,447,10.8,True,2026-10-10T06:03:20+00:00
FS-011944,prefill_sol_c,16713,12800,989,800,14.3,True,2026-10-10T06:03:22+00:00
FS-009633,prefill_sol_c,22845,12800,2334,2070,44.5,True,2026-10-10T06:03:26+00:00
FS-010649,prefill_sol_c,27417,12800,1847,1571,36.0,True,2026-10-10T06:03:28+00:00
FS-011007,prefill_sol_c,23466,12800,1821,1460,26.5,True,2026-10-10T06:03:29+00:00
FS-011033,prefill_sol_c,28117,12800,2696,2403,38.5,True,2026-10-10T06:03:42+00:00
FS-013865,prefill_sol_c,23918,12800,1804,1552,28.6,True,2026-10-10T06:03:46+00:00
FS-013794,prefill_sol_c,26792,12800,2465,2228,37.7,True,2026-10-10T06:03:54+00:00
FS-000645,override_B,33454,0,891,601,14.0,True,2026-10-10T06:04:53+00:00
FS-001044,override_B,36474,0,1022,611,16.3,True,2026-10-10T06:04:55+00:00
FS-001211,override_B,31204,0,1171,892,18.4,True,2026-10-10T06:04:57+00:00
FS-000681,override_B,26257,0,1448,1120,21.1,True,2026-10-10T06:05:00+00:00
FS-001324,override_B,25175,0,1342,962,21.8,True,2026-10-10T06:05:00+00:00
FS-000901,override_B,22729,0,1106,779,24.9,True,2026-10-10T06:05:03+00:00
FS-000731,override_B,31826,0,1793,1521,26.7,True,2026-10-10T06:05:05+00:00
FS-001584,override_B,33572,13312,888,516,12.7,True,2026-10-10T06:05:08+00:00
FS-001635,override_B,34464,13312,1044,775,15.5,True,2026-10-10T06:05:13+00:00
FS-001918,override_B,24051,0,954,662,14.1,True,2026-10-10T06:05:15+00:00
FS-000912,override_B,22131,0,2348,2070,37.2,True,2026-10-10T06:05:16+00:00
FS-001505,override_B,26400,13312,1735,1388,25.7,True,2026-10-10T06:05:18+00:00
FS-001787,override_B,26748,0,1529,1117,21.9,True,2026-10-10T06:05:22+00:00
FS-002032,override_B,24104,13312,1112,814,17.1,True,2026-10-10T06:05:22+00:00
FS-002346,override_B,32712,13312,1084,801,17.1,True,2026-10-10T06:05:30+00:00
FS-001987,override_B,32484,13312,1728,1480,26.3,True,2026-10-10T06:05:30+00:00
FS-002511,override_B,36000,13312,912,516,15.2,True,2026-10-10T06:05:30+00:00
FS-002569,override_B,24424,13312,1138,788,17.2,True,2026-10-10T06:05:36+00:00
FS-002059,override_B,33743,13312,1387,1034,30.7,True,2026-10-10T06:05:38+00:00
FS-002589,override_B,35532,13312,1058,742,16.0,True,2026-10-10T06:05:39+00:00
FS-002578,override_B,23785,13312,1860,1552,26.5,True,2026-10-10T06:05:48+00:00
FS-002554,override_B,41297,13312,1810,1521,36.1,True,2026-10-10T06:05:52+00:00
FS-003022,override_B,39385,13312,1531,1244,23.6,True,2026-10-10T06:05:53+00:00
FS-003290,override_B,35346,0,1831,1501,26.9,True,2026-10-10T06:05:57+00:00
FS-003783,override_B,29281,13312,885,555,18.6,True,2026-10-10T06:05:57+00:00
FS-003468,override_B,27745,13312,1569,1193,22.6,True,2026-10-10T06:05:58+00:00
FS-003581,override_B,40044,13312,1414,1034,20.4,True,2026-10-10T06:05:59+00:00
FS-002669,override_B,33732,13312,1666,1330,32.8,True,2026-10-10T06:06:03+00:00
FS-003800,override_B,27666,13312,1334,1034,23.1,True,2026-10-10T06:06:11+00:00
FS-003943,override_B,24832,13312,1239,895,25.1,True,2026-10-10T06:06:19+00:00
FS-004147,override_B,29345,13312,1526,1206,21.7,True,2026-10-10T06:06:21+00:00
FS-004116,override_B,34544,13312,1663,1344,23.7,True,2026-10-10T06:06:21+00:00
FS-004138,override_B,26233,13312,1654,1315,24.6,True,2026-10-10T06:06:23+00:00
FS-003838,override_B,25429,13312,1898,1552,30.9,True,2026-10-10T06:06:23+00:00
FS-004179,override_B,22519,13312,1439,1098,21.9,True,2026-10-10T06:06:24+00:00
FS-004390,override_B,24083,13312,1200,885,17.7,True,2026-10-10T06:06:29+00:00
FS-004083,override_B,24517,13312,3185,2782,46.0,True,2026-10-10T06:06:43+00:00
FS-004513,override_B,25061,13312,1487,1153,24.2,True,2026-10-10T06:06:45+00:00
FS-004518,override_B,23253,13312,1341,1034,26.8,True,2026-10-10T06:06:48+00:00
FS-004509,override_B,32345,13312,2560,2233,35.3,True,2026-10-10T06:06:54+00:00
FS-004580,override_B,34825,13312,1674,1203,34.5,True,2026-10-10T06:06:57+00:00
FS-004989,override_B,42342,13312,2902,2588,44.0,True,2026-10-10T06:07:09+00:00
FS-005334,override_B,39831,0,1881,1552,25.8,True,2026-10-10T06:07:09+00:00
FS-005434,override_B,35396,13312,1424,1034,32.2,True,2026-10-10T06:07:17+00:00
FS-005118,override_B,23445,13312,3710,3320,53.3,True,2026-10-10T06:07:22+00:00
FS-005607,override_B,31572,13312,1458,1143,30.2,True,2026-10-10T06:07:24+00:00
FS-006154,override_B,27330,13312,1016,750,16.1,True,2026-10-10T06:07:25+00:00
FS-005508,override_B,31540,13312,2152,1830,41.2,True,2026-10-10T06:07:29+00:00
FS-004769,override_B,68544,0,3604,3222,69.0,True,2026-10-10T06:07:32+00:00
FS-006114,override_B,33470,0,2505,2070,35.9,True,2026-10-10T06:07:33+00:00
FS-006184,override_B,36575,13312,1872,1604,26.4,True,2026-10-10T06:07:35+00:00
FS-006366,override_B,31914,13312,1177,878,19.7,True,2026-10-10T06:07:42+00:00
FS-006215,override_B,26038,13312,1797,1496,26.6,True,2026-10-10T06:07:44+00:00
FS-006373,override_B,29225,13312,1292,925,22.3,True,2026-10-10T06:07:46+00:00
FS-006734,override_B,31571,13312,1182,888,18.0,True,2026-10-10T06:07:47+00:00
FS-006563,override_B,29682,13312,1444,1107,24.4,True,2026-10-10T06:07:49+00:00
FS-006885,override_B,38010,13312,1034,608,16.7,True,2026-10-10T06:07:50+00:00
FS-006965,override_B,22635,13312,1153,831,18.2,True,2026-10-10T06:07:53+00:00
FS-006861,override_B,27370,13312,1373,938,22.4,True,2026-10-10T06:07:54+00:00
FS-007033,override_B,29069,13312,727,437,12.5,True,2026-10-10T06:07:55+00:00
FS-007097,override_B,32674,13312,954,653,20.0,True,2026-10-10T06:08:04+00:00
FS-007236,override_B,26065,13312,1427,1109,21.6,True,2026-10-10T06:08:11+00:00
FS-007259,override_B,27209,13312,1869,1552,29.4,True,2026-10-10T06:08:20+00:00
FS-007479,override_B,26892,13312,1670,1338,27.4,True,2026-10-10T06:08:22+00:00
FS-007308,override_B,17852,13312,2130,1836,34.6,True,2026-10-10T06:08:28+00:00
FS-007188,override_B,35562,13312,2092,1661,41.6,True,2026-10-10T06:08:29+00:00
FS-007953,override_B,29069,13312,2286,1889,36.0,True,2026-10-10T06:08:31+00:00
FS-007992,override_B,32233,13312,1573,1263,27.7,True,2026-10-10T06:08:32+00:00
FS-007100,override_B,29974,13312,3379,3006,54.0,True,2026-10-10T06:08:41+00:00
FS-008228,override_B,22501,13312,1443,1103,22.4,True,2026-10-10T06:08:42+00:00
FS-008227,override_B,27477,13312,2237,1922,32.3,True,2026-10-10T06:08:43+00:00
FS-009361,override_B,23326,13312,966,661,15.7,True,2026-10-10T06:08:47+00:00
FS-008929,override_B,25781,13312,979,670,20.3,True,2026-10-10T06:08:48+00:00
FS-008738,override_B,28392,13312,2331,1885,34.5,True,2026-10-10T06:08:56+00:00
FS-009633,override_B,24144,13312,1407,1034,22.6,True,2026-10-10T06:09:06+00:00
FS-009498,override_B,20824,13312,2184,1824,35.7,True,2026-10-10T06:09:07+00:00
FS-009520,override_B,25852,13312,1346,1007,26.9,True,2026-10-10T06:09:08+00:00
FS-009343,override_B,30492,13312,1984,1655,39.7,True,2026-10-10T06:09:09+00:00
FS-010165,override_B,29455,13312,1407,1034,20.6,True,2026-10-10T06:09:09+00:00
FS-009547,override_B,27074,13312,1374,1034,29.5,True,2026-10-10T06:09:12+00:00
FS-010649,override_B,28685,13312,1334,1034,20.9,True,2026-10-10T06:09:17+00:00
FS-010763,override_B,26323,0,776,516,13.1,True,2026-10-10T06:09:19+00:00
FS-010827,override_B,23739,13312,832,516,12.4,True,2026-10-10T06:09:20+00:00
FS-011944,override_B,17917,13312,689,488,12.3,True,2026-10-10T06:09:21+00:00
FS-013408,override_B,22196,13312,1192,891,18.6,True,2026-10-10T06:09:30+00:00
FS-010114,override_B,24252,13312,2949,2588,44.8,True,2026-10-10T06:09:31+00:00
FS-011007,override_B,24794,13312,1604,1319,25.2,True,2026-10-10T06:09:33+00:00
FS-013865,override_B,25224,13312,925,660,15.0,True,2026-10-10T06:09:34+00:00
FS-013794,override_B,28126,13312,1603,1292,26.1,True,2026-10-10T06:09:44+00:00
FS-011033,override_B,29398,0,3114,2855,48.4,True,2026-10-10T06:09:57+00:00
FS-001044,override_C,36580,13312,1031,702,17.0,True,2026-10-10T06:11:28+00:00
FS-000901,override_C,22817,13312,1414,1087,21.2,True,2026-10-10T06:11:32+00:00
FS-000645,override_C,33574,13312,1000,731,24.0,True,2026-10-10T06:11:35+00:00
FS-001211,override_C,31341,13312,1586,1334,24.4,True,2026-10-10T06:11:36+00:00
FS-000731,override_C,31955,13312,1342,1034,25.6,True,2026-10-10T06:11:37+00:00
FS-001324,override_C,25315,13312,1847,1532,27.0,True,2026-10-10T06:11:38+00:00
FS-001787,override_C,26773,13312,625,305,11.4,True,2026-10-10T06:11:47+00:00
FS-000681,override_C,26353,13312,1923,1552,37.5,True,2026-10-10T06:11:49+00:00
FS-001918,override_C,24130,13312,796,516,12.3,True,2026-10-10T06:11:49+00:00
FS-001505,override_C,26478,0,1595,1266,24.6,True,2026-10-10T06:11:53+00:00
FS-001635,override_C,34547,13312,1111,798,19.7,True,2026-10-10T06:11:55+00:00
FS-000912,override_C,22221,13312,2279,1987,46.5,True,2026-10-10T06:11:58+00:00
FS-001987,override_C,32596,13312,1810,1544,27.7,True,2026-10-10T06:12:06+00:00
FS-001584,override_C,33635,13312,1822,1538,35.3,True,2026-10-10T06:12:08+00:00
FS-002569,override_C,24464,13312,789,516,14.5,True,2026-10-10T06:12:12+00:00
FS-002346,override_C,32818,13312,1083,805,23.6,True,2026-10-10T06:12:13+00:00
FS-002554,override_C,41386,13312,1206,849,19.0,True,2026-10-10T06:12:14+00:00
FS-002511,override_C,36129,13312,1096,767,23.8,True,2026-10-10T06:12:17+00:00
FS-002032,override_C,24185,0,2105,1736,36.7,True,2026-10-10T06:12:24+00:00
FS-002589,override_C,35632,13312,1119,859,19.3,True,2026-10-10T06:12:27+00:00
FS-002059,override_C,33871,13312,1888,1552,38.9,True,2026-10-10T06:12:28+00:00
FS-002578,override_C,23868,13312,1351,1034,21.7,True,2026-10-10T06:12:28+00:00
FS-003290,override_C,35426,0,1626,1324,24.8,True,2026-10-10T06:12:39+00:00
FS-003468,override_C,27843,0,1530,1144,24.0,True,2026-10-10T06:12:41+00:00
FS-003783,override_C,29427,13312,1253,992,18.3,True,2026-10-10T06:12:46+00:00
FS-003022,override_C,39487,13312,1823,1552,36.2,True,2026-10-10T06:12:49+00:00
FS-002669,override_C,33826,13312,1928,1552,39.8,True,2026-10-10T06:12:52+00:00
FS-003838,override_C,25514,13312,1852,1552,29.0,True,2026-10-10T06:12:57+00:00
FS-003800,override_C,27737,13312,1500,1171,29.4,True,2026-10-10T06:12:57+00:00
FS-003581,override_C,40158,13312,2441,2130,36.1,True,2026-10-10T06:13:00+00:00
FS-003943,override_C,24967,13312,1568,1228,22.8,True,2026-10-10T06:13:02+00:00
FS-004147,override_C,29441,13312,1240,965,17.7,True,2026-10-10T06:13:10+00:00
FS-004179,override_C,22621,13312,849,516,15.1,True,2026-10-10T06:13:12+00:00
FS-004116,override_C,34622,13312,1490,1213,29.7,True,2026-10-10T06:13:15+00:00
FS-004138,override_C,26339,13312,1399,1034,27.8,True,2026-10-10T06:13:17+00:00
FS-004513,override_C,25246,13312,1091,770,19.0,True,2026-10-10T06:13:21+00:00
FS-004083,override_C,24641,13312,2175,1849,41.9,True,2026-10-10T06:13:23+00:00
FS-004518,override_C,23347,13312,1003,655,17.6,True,2026-10-10T06:13:28+00:00
FS-004390,override_C,24145,13312,1753,1426,34.1,True,2026-10-10T06:13:31+00:00
FS-004580,override_C,34850,13312,2354,2026,31.0,True,2026-10-10T06:13:43+00:00
FS-005434,override_C,35503,13312,1396,1096,21.7,True,2026-10-10T06:13:49+00:00
FS-005508,override_C,31636,13312,1224,892,25.0,True,2026-10-10T06:13:56+00:00
FS-004769,override_C,68649,13312,2215,1877,43.7,True,2026-10-10T06:13:59+00:00
FS-005334,override_C,39911,13312,2609,2297,41.3,True,2026-10-10T06:14:04+00:00
FS-005118,override_C,23556,13312,3044,2588,45.0,True,2026-10-10T06:14:06+00:00
FS-005607,override_C,31666,13312,1472,1178,22.9,True,2026-10-10T06:14:06+00:00
FS-006154,override_C,27411,13312,1301,1034,19.7,True,2026-10-10T06:14:16+00:00
FS-006184,override_C,36676,13312,1308,1034,20.0,True,2026-10-10T06:14:19+00:00
FS-006114,override_C,33566,13312,2571,2114,38.3,True,2026-10-10T06:14:28+00:00
FS-006373,override_C,29304,13312,1194,899,24.2,True,2026-10-10T06:14:30+00:00
FS-004509,override_C,32438,13312,5589,5178,91.1,True,2026-10-10T06:14:31+00:00
FS-006215,override_C,26119,13312,1832,1552,32.2,True,2026-10-10T06:14:36+00:00
FS-006734,override_C,31684,13312,1041,797,17.8,True,2026-10-10T06:14:37+00:00
FS-004989,override_C,42457,13312,4452,4079,84.5,True,2026-10-10T06:14:42+00:00
FS-006366,override_C,31993,13312,1911,1552,37.1,True,2026-10-10T06:14:43+00:00
FS-006563,override_C,29800,13312,1877,1552,31.9,True,2026-10-10T06:14:48+00:00
FS-007033,override_C,29154,13312,1112,820,17.8,True,2026-10-10T06:14:54+00:00
FS-006861,override_C,27449,13312,1326,958,27.1,True,2026-10-10T06:14:55+00:00
FS-006885,override_C,38114,13312,1466,1148,29.4,True,2026-10-10T06:15:00+00:00
FS-007097,override_C,32769,13312,1148,809,23.4,True,2026-10-10T06:15:01+00:00
FS-007188,override_C,35619,13312,985,642,20.8,True,2026-10-10T06:15:04+00:00
FS-006965,override_C,22739,13312,2367,2020,37.3,True,2026-10-10T06:15:09+00:00
FS-007236,override_C,26152,13312,1003,695,21.1,True,2026-10-10T06:15:09+00:00
FS-008228,override_C,22604,13312,974,643,15.1,True,2026-10-10T06:15:24+00:00
FS-008227,override_C,27567,13312,1333,1034,19.7,True,2026-10-10T06:15:28+00:00
FS-007100,override_C,30106,13312,3191,2863,49.2,True,2026-10-10T06:15:31+00:00
FS-007259,override_C,27089,0,2397,2063,41.5,True,2026-10-10T06:15:36+00:00
FS-007992,override_C,32358,13312,2030,1712,32.1,True,2026-10-10T06:15:36+00:00
FS-007308,override_C,18065,13312,2370,2070,41.4,True,2026-10-10T06:15:36+00:00
FS-008929,override_C,25852,13312,1337,1034,21.6,True,2026-10-10T06:15:50+00:00
FS-009361,override_C,23429,13312,863,610,19.1,True,2026-10-10T06:15:55+00:00
FS-008738,override_C,28538,13312,1291,921,31.9,True,2026-10-10T06:15:56+00:00
FS-009343,override_C,30601,13312,1833,1503,27.1,True,2026-10-10T06:15:58+00:00
FS-009520,override_C,25922,13312,1247,922,21.6,True,2026-10-10T06:15:58+00:00
FS-009498,override_C,20951,13312,1133,759,23.0,True,2026-10-10T06:15:59+00:00
FS-007479,override_C,26988,13312,3378,3057,66.2,True,2026-10-10T06:16:06+00:00
FS-010763,override_C,26407,13312,649,387,12.9,True,2026-10-10T06:16:12+00:00
FS-007953,override_C,29191,13312,3732,3382,75.6,True,2026-10-10T06:16:16+00:00
FS-009547,override_C,27200,13312,1946,1520,28.3,True,2026-10-10T06:16:18+00:00
FS-010165,override_C,29576,13312,1311,1034,22.4,True,2026-10-10T06:16:21+00:00
FS-010827,override_C,23832,13312,1232,952,20.8,True,2026-10-10T06:16:27+00:00
FS-011944,override_C,18009,13312,438,247,11.6,True,2026-10-10T06:16:30+00:00
FS-009633,override_C,24242,13312,1916,1552,37.1,True,2026-10-10T06:16:32+00:00
FS-011033,override_C,29540,13312,1161,811,18.5,True,2026-10-10T06:16:35+00:00
FS-013408,override_C,22320,13312,1325,1034,18.3,True,2026-10-10T06:16:39+00:00
FS-011007,override_C,24881,13312,1941,1625,30.2,True,2026-10-10T06:16:43+00:00
FS-010649,override_C,28822,13312,3057,2657,45.4,True,2026-10-10T06:16:43+00:00
FS-010114,override_C,24333,13312,2772,2421,53.0,True,2026-10-10T06:16:49+00:00
FS-013794,override_C,28163,13312,2361,2070,46.1,True,2026-10-10T06:17:13+00:00
FS-013865,override_C,25296,13312,2856,2588,44.0,True,2026-10-10T06:17:14+00:00
FS-001044,override_B_quote_repair,36788,13312,1113,817,16.9,True,2026-10-10T06:18:39+00:00
FS-001635,override_B_quote_repair,34762,13312,1282,1034,19.6,True,2026-10-10T06:18:42+00:00
FS-001211,override_B_quote_repair,31497,13312,1279,1034,19.9,True,2026-10-10T06:18:42+00:00
FS-000645,override_B_quote_repair,33764,13312,1709,1439,24.6,True,2026-10-10T06:18:47+00:00
FS-001584,override_B_quote_repair,33860,13312,1293,1034,27.3,True,2026-10-10T06:18:49+00:00
FS-001987,override_B_quote_repair,32751,13312,1481,1232,29.6,True,2026-10-10T06:18:52+00:00
FS-002346,override_B_quote_repair,32979,13312,1038,712,14.9,True,2026-10-10T06:18:57+00:00
FS-000912,override_B_quote_repair,22422,13312,1733,1466,35.0,True,2026-10-10T06:18:57+00:00
FS-001505,override_B_quote_repair,26715,13312,1797,1440,35.8,True,2026-10-10T06:18:58+00:00
FS-002059,override_B_quote_repair,34024,13312,1460,1197,23.0,True,2026-10-10T06:19:02+00:00
FS-002554,override_B_quote_repair,41559,41088,1597,1329,23.0,True,2026-10-10T06:19:10+00:00
FS-003468,override_B_quote_repair,28021,13312,794,516,13.7,True,2026-10-10T06:19:11+00:00
FS-002511,override_B_quote_repair,36278,13312,1766,1370,30.0,True,2026-10-10T06:19:12+00:00
FS-002669,override_B_quote_repair,34051,13312,2075,1770,26.6,True,2026-10-10T06:19:18+00:00
FS-003022,override_B_quote_repair,39656,13312,1705,1364,25.3,True,2026-10-10T06:19:22+00:00
FS-003800,override_B_quote_repair,27917,13312,1296,1034,20.3,True,2026-10-10T06:19:22+00:00
FS-003581,override_B_quote_repair,40314,13312,1773,1460,25.9,True,2026-10-10T06:19:24+00:00
FS-004179,override_B_quote_repair,22839,13312,907,516,13.5,True,2026-10-10T06:19:32+00:00
FS-004138,override_B_quote_repair,26514,13312,1275,990,20.0,True,2026-10-10T06:19:32+00:00
FS-004116,override_B_quote_repair,34852,13312,1835,1545,26.1,True,2026-10-10T06:19:37+00:00
FS-004513,override_B_quote_repair,25330,13312,777,516,17.5,True,2026-10-10T06:19:40+00:00
FS-004509,override_B_quote_repair,32700,13312,1945,1626,28.9,True,2026-10-10T06:19:51+00:00
FS-002589,override_B_quote_repair,35801,35328,3944,3697,62.1,True,2026-10-10T06:19:51+00:00
FS-004580,override_B_quote_repair,35200,13312,1804,1485,28.1,True,2026-10-10T06:19:52+00:00
FS-003838,override_B_quote_repair,25686,25216,2854,2575,42.7,True,2026-10-10T06:19:52+00:00
FS-005434,override_B_quote_repair,35649,13312,1332,1034,18.8,True,2026-10-10T06:19:56+00:00
FS-005607,override_B_quote_repair,31839,13312,1387,1034,21.4,True,2026-10-10T06:20:01+00:00
FS-005334,override_B_quote_repair,40129,13312,1726,1386,33.8,True,2026-10-10T06:20:06+00:00
FS-006114,override_B_quote_repair,33839,13312,1785,1435,24.7,True,2026-10-10T06:20:16+00:00
FS-006154,override_B_quote_repair,27593,27136,1211,954,24.4,True,2026-10-10T06:20:16+00:00
FS-006563,override_B_quote_repair,29970,13312,1164,920,20.1,True,2026-10-10T06:20:16+00:00
FS-005118,override_B_quote_repair,23840,13312,3127,2736,45.1,True,2026-10-10T06:20:17+00:00
FS-006373,override_B_quote_repair,29520,13312,1612,1344,25.7,True,2026-10-10T06:20:18+00:00
FS-006184,override_B_quote_repair,36823,13312,1823,1552,26.7,True,2026-10-10T06:20:19+00:00
FS-006734,override_B_quote_repair,31857,13312,1714,1456,26.2,True,2026-10-10T06:20:28+00:00
FS-006861,override_B_quote_repair,27660,13312,1893,1552,27.0,True,2026-10-10T06:20:33+00:00
FS-007259,override_B_quote_repair,27514,13312,1020,682,17.1,True,2026-10-10T06:20:35+00:00
FS-007033,override_B_quote_repair,29336,13312,1385,1135,21.6,True,2026-10-10T06:20:38+00:00
FS-007097,override_B_quote_repair,32947,13312,1935,1589,26.5,True,2026-10-10T06:20:42+00:00
FS-007188,override_B_quote_repair,35857,13312,2390,2070,34.5,True,2026-10-10T06:20:51+00:00
FS-006885,override_B_quote_repair,38344,13312,1867,1520,37.5,True,2026-10-10T06:20:53+00:00
FS-007308,override_B_quote_repair,18111,13312,1656,1363,34.8,True,2026-10-10T06:20:54+00:00
FS-008738,override_B_quote_repair,28711,13312,890,516,16.6,True,2026-10-10T06:20:59+00:00
FS-007479,override_B_quote_repair,27213,13312,2077,1764,31.6,True,2026-10-10T06:20:59+00:00
FS-007953,override_B_quote_repair,29451,13312,2175,1816,32.0,True,2026-10-10T06:21:05+00:00
FS-008929,override_B_quote_repair,26072,13312,1335,1034,18.2,True,2026-10-10T06:21:10+00:00
FS-008227,override_B_quote_repair,27762,13312,2161,1888,34.4,True,2026-10-10T06:21:12+00:00
FS-010165,override_B_quote_repair,29822,13312,1275,1007,22.5,True,2026-10-10T06:21:22+00:00
FS-009547,override_B_quote_repair,27400,13312,1827,1489,23.3,True,2026-10-10T06:21:22+00:00
FS-009343,override_B_quote_repair,30779,13312,1972,1679,30.1,True,2026-10-10T06:21:23+00:00
FS-007992,override_B_quote_repair,32541,13312,2454,2070,48.0,True,2026-10-10T06:21:23+00:00
FS-010763,override_B_quote_repair,26584,0,829,516,17.4,True,2026-10-10T06:21:27+00:00
FS-009520,override_B_quote_repair,26145,13312,1875,1552,36.3,True,2026-10-10T06:21:30+00:00
FS-013865,override_B_quote_repair,25527,13312,1305,995,20.1,True,2026-10-10T06:21:32+00:00
FS-010649,override_B_quote_repair,28963,13312,1764,1487,27.3,True,2026-10-10T06:21:32+00:00
FS-001211,override_C_quote_repair,31598,31104,997,728,15.6,True,2026-10-10T06:22:09+00:00
FS-001584,override_C_quote_repair,33923,13312,941,654,20.3,True,2026-10-10T06:22:14+00:00
FS-001918,override_C_quote_repair,24381,13312,1391,1125,21.6,True,2026-10-10T06:22:15+00:00
FS-001044,override_C_quote_repair,36879,13312,1435,1140,24.2,True,2026-10-10T06:22:18+00:00
FS-001505,override_C_quote_repair,26763,13312,1712,1415,26.8,True,2026-10-10T06:22:20+00:00
FS-000645,override_C_quote_repair,33883,13312,1278,1020,27.0,True,2026-10-10T06:22:21+00:00
FS-001987,override_C_quote_repair,32853,32384,1613,1310,33.6,True,2026-10-10T06:22:27+00:00
FS-002059,override_C_quote_repair,34143,13312,1854,1544,36.6,True,2026-10-10T06:22:30+00:00
FS-003290,override_C_quote_repair,35693,13312,1320,1034,19.9,True,2026-10-10T06:22:38+00:00
FS-002554,override_C_quote_repair,41682,13312,1648,1381,24.1,True,2026-10-10T06:22:38+00:00
FS-002511,override_C_quote_repair,36405,13312,1198,886,29.8,True,2026-10-10T06:22:39+00:00
FS-003800,override_C_quote_repair,28040,13312,1787,1519,28.2,True,2026-10-10T06:22:49+00:00
FS-004138,override_C_quote_repair,26599,13312,1441,1127,20.5,True,2026-10-10T06:22:51+00:00
FS-004116,override_C_quote_repair,34895,13312,1251,972,25.5,True,2026-10-10T06:22:53+00:00
FS-004179,override_C_quote_repair,22909,13312,1102,772,15.8,True,2026-10-10T06:22:54+00:00
FS-002669,override_C_quote_repair,34114,13312,1756,1431,46.2,True,2026-10-10T06:23:01+00:00
FS-004518,override_C_quote_repair,23602,13312,1217,959,24.6,True,2026-10-10T06:23:04+00:00
FS-003581,override_C_quote_repair,40457,13312,2216,1912,44.0,True,2026-10-10T06:23:04+00:00
FS-004509,override_C_quote_repair,32809,13312,2290,1959,31.8,True,2026-10-10T06:23:10+00:00
FS-005508,override_C_quote_repair,31917,13312,1347,1034,19.5,True,2026-10-10T06:23:12+00:00
FS-005118,override_C_quote_repair,23953,13312,1705,1340,27.1,True,2026-10-10T06:23:16+00:00
FS-005334,override_C_quote_repair,40205,39680,1840,1552,26.0,True,2026-10-10T06:23:17+00:00
FS-006154,override_C_quote_repair,27679,13312,1267,1008,19.2,True,2026-10-10T06:23:21+00:00
FS-006184,override_C_quote_repair,36935,36480,1361,1093,22.1,True,2026-10-10T06:23:26+00:00
FS-006114,override_C_quote_repair,33909,13312,2211,1846,33.0,True,2026-10-10T06:23:27+00:00
FS-007033,override_C_quote_repair,29423,13312,973,735,15.3,True,2026-10-10T06:23:28+00:00
FS-006373,override_C_quote_repair,29568,13312,1616,1333,32.8,True,2026-10-10T06:23:37+00:00
FS-006885,override_C_quote_repair,38389,13312,1438,1059,28.7,True,2026-10-10T06:23:39+00:00
FS-007259,override_C_quote_repair,27596,13312,2027,1735,29.5,True,2026-10-10T06:23:46+00:00
FS-007992,override_C_quote_repair,32656,13312,1327,1034,23.3,True,2026-10-10T06:23:50+00:00
FS-007188,override_C_quote_repair,35913,13312,1885,1607,37.0,True,2026-10-10T06:23:53+00:00
FS-007953,override_C_quote_repair,29512,13312,2195,1856,31.3,True,2026-10-10T06:23:57+00:00
FS-007479,override_C_quote_repair,27298,13312,1809,1451,37.0,True,2026-10-10T06:23:58+00:00
FS-008227,override_C_quote_repair,27850,13312,2150,1868,31.9,True,2026-10-10T06:24:00+00:00
FS-010763,override_C_quote_repair,26651,13312,700,432,11.4,True,2026-10-10T06:24:09+00:00
FS-009547,override_C_quote_repair,27510,13312,1450,1116,21.2,True,2026-10-10T06:24:11+00:00
FS-010649,override_C_quote_repair,29117,13312,1413,1034,21.7,True,2026-10-10T06:24:15+00:00
FS-009343,override_C_quote_repair,30908,13312,2509,2239,37.4,True,2026-10-10T06:24:16+00:00
FS-008738,override_C_quote_repair,28856,13312,2019,1676,39.1,True,2026-10-10T06:24:16+00:00
FS-009498,override_C_quote_repair,21239,13312,1587,1179,31.2,True,2026-10-10T06:24:18+00:00
FS-011033,override_C_quote_repair,29828,13312,2273,1991,33.1,True,2026-10-10T06:24:33+00:00
FS-011007,override_C_quote_repair,25155,13312,2416,2143,47.8,True,2026-10-10T06:24:46+00:00
FS-002032,adjudicate_D,23291,0,681,516,12.4,True,2026-10-10T06:27:04+00:00
FS-006563,adjudicate_D,28806,0,693,516,13.2,True,2026-10-10T06:27:05+00:00
FS-006965,adjudicate_D,21819,0,681,516,13.2,True,2026-10-10T06:27:05+00:00
FS-007308,adjudicate_D,17113,0,663,516,12.0,True,2026-10-10T06:27:16+00:00
FS-000912,adjudicate_D,21260,0,1743,1552,29.6,True,2026-10-10T06:27:21+00:00
FS-007953,adjudicate_D,28295,12800,1204,1034,21.8,True,2026-10-10T06:27:27+00:00
FS-005607,adjudicate_D,30733,0,1813,1649,35.6,True,2026-10-10T06:27:27+00:00
FS-002578,adjudicate_D,22925,0,1936,1755,37.7,True,2026-10-10T06:27:29+00:00
FS-009498,adjudicate_D,20068,12800,677,507,13.7,True,2026-10-10T06:27:30+00:00
FS-007479,adjudicate_D,26084,12800,1246,1090,27.7,True,2026-10-10T06:27:33+00:00
FS-013865,adjudicate_D,24294,12800,1389,1236,24.4,True,2026-10-10T06:27:51+00:00
FS-010649,adjudicate_D,27858,0,3082,2931,47.3,True,2026-10-10T06:28:09+00:00
FS-007479,adjudicate_D_quote_repair,26367,12800,332,178,6.8,True,2026-10-10T06:28:58+00:00
FS-010649,adjudicate_D_quote_repair,28137,0,385,243,8.0,True,2026-10-10T06:29:00+00:00
FS-000912,adjudicate_D_quote_repair,21577,0,476,283,8.2,True,2026-10-10T06:29:00+00:00
FS-007953,adjudicate_D_quote_repair,28592,0,406,243,9.8,True,2026-10-10T06:29:01+00:00
FS-002578,adjudicate_D_quote_repair,23234,0,620,447,11.0,True,2026-10-10T06:29:03+00:00
FS-006563,adjudicate_D_quote_repair,29109,12800,621,455,11.7,True,2026-10-10T06:29:03+00:00
