record_id,pmid,reviewer_B_decision,reviewer_B_reason,reviewer_C_decision,reviewer_C_reason,agree
P001,22403007,ADVANCE,,ADVANCE,,1
P002,21240011,EXCLUDE_TA,FT02_NOT_ORIGINAL_HUMAN_RESEARCH,EXCLUDE_TA,FT02_NOT_ORIGINAL_HUMAN_RESEARCH,1
P003,41825129,EXCLUDE_TA,FT03_POPULATION_NOT_ELIGIBLE,EXCLUDE_TA,FT03_POPULATION_NOT_ELIGIBLE,1
P004,33527018,EXCLUDE_TA,FT02_NOT_ORIGINAL_HUMAN_RESEARCH,EXCLUDE_TA,FT02_NOT_ORIGINAL_HUMAN_RESEARCH,1
P005,35261309,EXCLUDE_TA,FT01_SOURCE_TYPE_NOT_CORE,EXCLUDE_TA,FT01_SOURCE_TYPE_NOT_CORE,1
P006,32646062,EXCLUDE_TA,FT03_POPULATION_NOT_ELIGIBLE,EXCLUDE_TA,FT03_POPULATION_NOT_ELIGIBLE,1
P007,17984241,ADVANCE,,ADVANCE,,1
P008,4004819,EXCLUDE_TA,FT01_SOURCE_TYPE_NOT_CORE,EXCLUDE_TA,FT01_SOURCE_TYPE_NOT_CORE,1
P009,30840894,EXCLUDE_TA,FT02_NOT_ORIGINAL_HUMAN_RESEARCH,EXCLUDE_TA,FT02_NOT_ORIGINAL_HUMAN_RESEARCH,1
P010,28625282,EXCLUDE_TA,FT03_POPULATION_NOT_ELIGIBLE,EXCLUDE_TA,FT03_POPULATION_NOT_ELIGIBLE,1
P011,38967279,EXCLUDE_TA,FT04_NO_QUALIFYING_EXERCISE_EXPOSURE,EXCLUDE_TA,FT04_NO_QUALIFYING_EXERCISE_EXPOSURE,1
P012,9624643,ADVANCE,,ADVANCE,,1
P013,9812615,EXCLUDE_TA,FT02_NOT_ORIGINAL_HUMAN_RESEARCH,EXCLUDE_TA,FT02_NOT_ORIGINAL_HUMAN_RESEARCH,1
P014,28346122,EXCLUDE_TA,FT01_SOURCE_TYPE_NOT_CORE,EXCLUDE_TA,FT01_SOURCE_TYPE_NOT_CORE,1
P015,11014218,EXCLUDE_TA,FT02_NOT_ORIGINAL_HUMAN_RESEARCH,EXCLUDE_TA,FT02_NOT_ORIGINAL_HUMAN_RESEARCH,1
P016,37486024,EXCLUDE_TA,FT04_NO_QUALIFYING_EXERCISE_EXPOSURE,EXCLUDE_TA,FT04_NO_QUALIFYING_EXERCISE_EXPOSURE,1
P017,25087597,EXCLUDE_TA,FT02_NOT_ORIGINAL_HUMAN_RESEARCH,EXCLUDE_TA,FT02_NOT_ORIGINAL_HUMAN_RESEARCH,1
P018,29359592,ADVANCE,,ADVANCE,,1
P019,33913170,EXCLUDE_TA,FT07_NO_ELIGIBLE_IMMUNE_LINK,EXCLUDE_TA,FT07_NO_ELIGIBLE_IMMUNE_LINK,1
P020,40858047,EXCLUDE_TA,FT02_NOT_ORIGINAL_HUMAN_RESEARCH,EXCLUDE_TA,FT02_NOT_ORIGINAL_HUMAN_RESEARCH,1
P021,17271267,EXCLUDE_TA,FT02_NOT_ORIGINAL_HUMAN_RESEARCH,EXCLUDE_TA,FT02_NOT_ORIGINAL_HUMAN_RESEARCH,1
P022,40663352,EXCLUDE_TA,FT03_POPULATION_NOT_ELIGIBLE,EXCLUDE_TA,FT03_POPULATION_NOT_ELIGIBLE,1
P023,19430945,EXCLUDE_TA,FT03_POPULATION_NOT_ELIGIBLE,EXCLUDE_TA,FT03_POPULATION_NOT_ELIGIBLE,1
P024,11181610,ADVANCE,,ADVANCE,,1
P025,2542006,EXCLUDE_TA,FT02_NOT_ORIGINAL_HUMAN_RESEARCH,EXCLUDE_TA,FT02_NOT_ORIGINAL_HUMAN_RESEARCH,1
P026,1910239,EXCLUDE_TA,FT02_NOT_ORIGINAL_HUMAN_RESEARCH,EXCLUDE_TA,FT02_NOT_ORIGINAL_HUMAN_RESEARCH,1
P027,20339244,ADVANCE,,ADVANCE,,1
P028,31864395,EXCLUDE_TA,FT02_NOT_ORIGINAL_HUMAN_RESEARCH,EXCLUDE_TA,FT02_NOT_ORIGINAL_HUMAN_RESEARCH,1
P029,16726547,EXCLUDE_TA,FT02_NOT_ORIGINAL_HUMAN_RESEARCH,EXCLUDE_TA,FT02_NOT_ORIGINAL_HUMAN_RESEARCH,1
P030,15184263,EXCLUDE_TA,FT04_NO_QUALIFYING_EXERCISE_EXPOSURE,EXCLUDE_TA,FT04_NO_QUALIFYING_EXERCISE_EXPOSURE,1
P031,21333667,EXCLUDE_TA,FT02_NOT_ORIGINAL_HUMAN_RESEARCH,EXCLUDE_TA,FT02_NOT_ORIGINAL_HUMAN_RESEARCH,1
P032,3773678,EXCLUDE_TA,FT01_SOURCE_TYPE_NOT_CORE,EXCLUDE_TA,FT01_SOURCE_TYPE_NOT_CORE,1
P033,36193515,ADVANCE,,ADVANCE,,1
P034,27940662,EXCLUDE_TA,FT03_POPULATION_NOT_ELIGIBLE,EXCLUDE_TA,FT03_POPULATION_NOT_ELIGIBLE,1
P035,31327964,EXCLUDE_TA,FT02_NOT_ORIGINAL_HUMAN_RESEARCH,EXCLUDE_TA,FT02_NOT_ORIGINAL_HUMAN_RESEARCH,1
P036,39296960,EXCLUDE_TA,FT02_NOT_ORIGINAL_HUMAN_RESEARCH,EXCLUDE_TA,FT02_NOT_ORIGINAL_HUMAN_RESEARCH,1
P037,8440265,EXCLUDE_TA,FT02_NOT_ORIGINAL_HUMAN_RESEARCH,EXCLUDE_TA,FT02_NOT_ORIGINAL_HUMAN_RESEARCH,1
P038,26689317,ADVANCE,,ADVANCE,,1
P039,39686921,EXCLUDE_TA,FT02_NOT_ORIGINAL_HUMAN_RESEARCH,EXCLUDE_TA,FT02_NOT_ORIGINAL_HUMAN_RESEARCH,1
P040,34549627,EXCLUDE_TA,FT07_NO_ELIGIBLE_IMMUNE_LINK,EXCLUDE_TA,FT07_NO_ELIGIBLE_IMMUNE_LINK,1
P041,34829610,EXCLUDE_TA,FT02_NOT_ORIGINAL_HUMAN_RESEARCH,EXCLUDE_TA,FT02_NOT_ORIGINAL_HUMAN_RESEARCH,1
P042,23898803,EXCLUDE_TA,FT02_NOT_ORIGINAL_HUMAN_RESEARCH,EXCLUDE_TA,FT02_NOT_ORIGINAL_HUMAN_RESEARCH,1
P043,34144055,ADVANCE,,ADVANCE,,1
P044,24347207,EXCLUDE_TA,FT02_NOT_ORIGINAL_HUMAN_RESEARCH,EXCLUDE_TA,FT02_NOT_ORIGINAL_HUMAN_RESEARCH,1
P045,15222954,EXCLUDE_TA,FT01_SOURCE_TYPE_NOT_CORE,EXCLUDE_TA,FT01_SOURCE_TYPE_NOT_CORE,1
P046,8005725,EXCLUDE_TA,FT01_SOURCE_TYPE_NOT_CORE,EXCLUDE_TA,FT01_SOURCE_TYPE_NOT_CORE,1
P047,2608065,EXCLUDE_TA,FT02_NOT_ORIGINAL_HUMAN_RESEARCH,EXCLUDE_TA,FT02_NOT_ORIGINAL_HUMAN_RESEARCH,1
P048,38826385,EXCLUDE_TA,FT07_NO_ELIGIBLE_IMMUNE_LINK,EXCLUDE_TA,FT07_NO_ELIGIBLE_IMMUNE_LINK,1
P049,32409005,EXCLUDE_TA,FT01_SOURCE_TYPE_NOT_CORE,EXCLUDE_TA,FT01_SOURCE_TYPE_NOT_CORE,1
P050,10690446,ADVANCE,,ADVANCE,,1
