record_id,decision,primary_reason,rationale_or_quote,decided_at,note
P001,ADVANCE,,title/abstract judgement; AI hint visible,2026-10-05T04:18:18+00:00,reviewer B
P002,EXCLUDE_TA,FT02_NOT_ORIGINAL_HUMAN_RESEARCH,title/abstract judgement; AI hint visible,2026-10-05T04:18:18+00:00,reviewer B
P003,EXCLUDE_TA,FT03_POPULATION_NOT_ELIGIBLE,title/abstract judgement; AI hint visible,2026-10-05T04:18:18+00:00,reviewer B
P004,EXCLUDE_TA,FT02_NOT_ORIGINAL_HUMAN_RESEARCH,title/abstract judgement; AI hint visible,2026-10-05T04:18:18+00:00,reviewer B
P005,EXCLUDE_TA,FT01_SOURCE_TYPE_NOT_CORE,title/abstract judgement; AI hint visible,2026-10-05T04:18:18+00:00,reviewer B
P006,EXCLUDE_TA,FT03_POPULATION_NOT_ELIGIBLE,title/abstract judgement; AI hint visible,2026-10-05T04:18:18+00:00,reviewer B
P007,ADVANCE,,title/abstract judgement; AI hint visible,2026-10-05T04:18:18+00:00,reviewer B
P008,EXCLUDE_TA,FT01_SOURCE_TYPE_NOT_CORE,title/abstract judgement; AI hint visible,2026-10-05T04:18:18+00:00,reviewer B
P009,EXCLUDE_TA,FT02_NOT_ORIGINAL_HUMAN_RESEARCH,title/abstract judgement; AI hint visible,2026-10-05T04:18:18+00:00,reviewer B
P010,EXCLUDE_TA,FT03_POPULATION_NOT_ELIGIBLE,title/abstract judgement; AI hint visible,2026-10-05T04:18:18+00:00,reviewer B
P011,EXCLUDE_TA,FT04_NO_QUALIFYING_EXERCISE_EXPOSURE,title/abstract judgement; AI hint visible,2026-10-05T04:18:18+00:00,reviewer B
P012,ADVANCE,,title/abstract judgement; AI hint visible,2026-10-05T04:18:18+00:00,reviewer B
P013,EXCLUDE_TA,FT02_NOT_ORIGINAL_HUMAN_RESEARCH,title/abstract judgement; AI hint visible,2026-10-05T04:18:18+00:00,reviewer B
P014,EXCLUDE_TA,FT01_SOURCE_TYPE_NOT_CORE,title/abstract judgement; AI hint visible,2026-10-05T04:18:18+00:00,reviewer B
P015,EXCLUDE_TA,FT02_NOT_ORIGINAL_HUMAN_RESEARCH,title/abstract judgement; AI hint visible,2026-10-05T04:18:18+00:00,reviewer B
P016,EXCLUDE_TA,FT04_NO_QUALIFYING_EXERCISE_EXPOSURE,title/abstract judgement; AI hint visible,2026-10-05T04:18:18+00:00,reviewer B
P017,EXCLUDE_TA,FT02_NOT_ORIGINAL_HUMAN_RESEARCH,title/abstract judgement; AI hint visible,2026-10-05T04:18:18+00:00,reviewer B
P018,ADVANCE,,title/abstract judgement; AI hint visible,2026-10-05T04:18:18+00:00,reviewer B
P019,EXCLUDE_TA,FT07_NO_ELIGIBLE_IMMUNE_LINK,title/abstract judgement; AI hint visible,2026-10-05T04:18:18+00:00,reviewer B
P020,EXCLUDE_TA,FT02_NOT_ORIGINAL_HUMAN_RESEARCH,title/abstract judgement; AI hint visible,2026-10-05T04:18:18+00:00,reviewer B
P021,EXCLUDE_TA,FT02_NOT_ORIGINAL_HUMAN_RESEARCH,title/abstract judgement; AI hint visible,2026-10-05T04:18:18+00:00,reviewer B
P022,EXCLUDE_TA,FT03_POPULATION_NOT_ELIGIBLE,title/abstract judgement; AI hint visible,2026-10-05T04:18:18+00:00,reviewer B
P023,EXCLUDE_TA,FT03_POPULATION_NOT_ELIGIBLE,title/abstract judgement; AI hint visible,2026-10-05T04:18:18+00:00,reviewer B
P024,ADVANCE,,title/abstract judgement; AI hint visible,2026-10-05T04:18:18+00:00,reviewer B
P025,EXCLUDE_TA,FT02_NOT_ORIGINAL_HUMAN_RESEARCH,title/abstract judgement; AI hint visible,2026-10-05T04:18:18+00:00,reviewer B
P026,EXCLUDE_TA,FT02_NOT_ORIGINAL_HUMAN_RESEARCH,title/abstract judgement; AI hint visible,2026-10-05T04:18:18+00:00,reviewer B
P027,ADVANCE,,title/abstract judgement; AI hint visible,2026-10-05T04:18:18+00:00,reviewer B
P028,EXCLUDE_TA,FT02_NOT_ORIGINAL_HUMAN_RESEARCH,title/abstract judgement; AI hint visible,2026-10-05T04:18:18+00:00,reviewer B
P029,EXCLUDE_TA,FT02_NOT_ORIGINAL_HUMAN_RESEARCH,title/abstract judgement; AI hint visible,2026-10-05T04:18:18+00:00,reviewer B
P030,EXCLUDE_TA,FT04_NO_QUALIFYING_EXERCISE_EXPOSURE,title/abstract judgement; AI hint visible,2026-10-05T04:18:18+00:00,reviewer B
P031,EXCLUDE_TA,FT02_NOT_ORIGINAL_HUMAN_RESEARCH,title/abstract judgement; AI hint visible,2026-10-05T04:18:18+00:00,reviewer B
P032,EXCLUDE_TA,FT01_SOURCE_TYPE_NOT_CORE,title/abstract judgement; AI hint visible,2026-10-05T04:18:18+00:00,reviewer B
P033,ADVANCE,,title/abstract judgement; AI hint visible,2026-10-05T04:18:18+00:00,reviewer B
P034,EXCLUDE_TA,FT03_POPULATION_NOT_ELIGIBLE,title/abstract judgement; AI hint visible,2026-10-05T04:18:18+00:00,reviewer B
P035,EXCLUDE_TA,FT02_NOT_ORIGINAL_HUMAN_RESEARCH,title/abstract judgement; AI hint visible,2026-10-05T04:18:18+00:00,reviewer B
P036,EXCLUDE_TA,FT02_NOT_ORIGINAL_HUMAN_RESEARCH,title/abstract judgement; AI hint visible,2026-10-05T04:18:18+00:00,reviewer B
P037,EXCLUDE_TA,FT02_NOT_ORIGINAL_HUMAN_RESEARCH,title/abstract judgement; AI hint visible,2026-10-05T04:18:18+00:00,reviewer B
P038,ADVANCE,,title/abstract judgement; AI hint visible,2026-10-05T04:18:18+00:00,reviewer B
P039,EXCLUDE_TA,FT02_NOT_ORIGINAL_HUMAN_RESEARCH,title/abstract judgement; AI hint visible,2026-10-05T04:18:18+00:00,reviewer B
P040,EXCLUDE_TA,FT07_NO_ELIGIBLE_IMMUNE_LINK,title/abstract judgement; AI hint visible,2026-10-05T04:18:18+00:00,reviewer B
P041,EXCLUDE_TA,FT02_NOT_ORIGINAL_HUMAN_RESEARCH,title/abstract judgement; AI hint visible,2026-10-05T04:18:18+00:00,reviewer B
P042,EXCLUDE_TA,FT02_NOT_ORIGINAL_HUMAN_RESEARCH,title/abstract judgement; AI hint visible,2026-10-05T04:18:18+00:00,reviewer B
P043,ADVANCE,,title/abstract judgement; AI hint visible,2026-10-05T04:18:18+00:00,reviewer B
P044,EXCLUDE_TA,FT02_NOT_ORIGINAL_HUMAN_RESEARCH,title/abstract judgement; AI hint visible,2026-10-05T04:18:18+00:00,reviewer B
P045,EXCLUDE_TA,FT01_SOURCE_TYPE_NOT_CORE,title/abstract judgement; AI hint visible,2026-10-05T04:18:18+00:00,reviewer B
P046,EXCLUDE_TA,FT01_SOURCE_TYPE_NOT_CORE,title/abstract judgement; AI hint visible,2026-10-05T04:18:18+00:00,reviewer B
P047,EXCLUDE_TA,FT02_NOT_ORIGINAL_HUMAN_RESEARCH,title/abstract judgement; AI hint visible,2026-10-05T04:18:18+00:00,reviewer B
P048,EXCLUDE_TA,FT07_NO_ELIGIBLE_IMMUNE_LINK,title/abstract judgement; AI hint visible,2026-10-05T04:18:18+00:00,reviewer B
P049,EXCLUDE_TA,FT01_SOURCE_TYPE_NOT_CORE,title/abstract judgement; AI hint visible,2026-10-05T04:18:18+00:00,reviewer B
P050,ADVANCE,,title/abstract judgement; AI hint visible,2026-10-05T04:18:18+00:00,reviewer B
