source_review,direction,pmid,doi,title,year,journal,resolved_via
Shi_2025,forward,42495615,10.3389/fimmu.2026.1902029,"Exercise, mitochondrial stress, and trained immunity: metabolic adaptation of innate immunity",2026,Frontiers in Immunology,openalex_cited_by+pubmed_elink_citedin
Shi_2025,forward,41485170,10.1007/s12010-025-05504-w,An Overview of the Effects of Exercise on Viral Infection in Obesity: Recent Advances and Potential Mechanisms,2026,Applied Biochemistry and Biotechnology,openalex_cited_by+pubmed_elink_citedin
Shi_2025,forward,41897410,10.3390/biom16030475,Peripheral Oxidation-Inflammation and Immunosenescence in Triple-Transgenic Mice for Alzheimer’s Disease (3xTg-AD) at Early Neuropathological Stages of Disease and Decrease of Immune Impairment by Voluntary Exercise,2026,Biomolecules,openalex_cited_by+pubmed_elink_citedin
Shi_2025,forward,42742976,10.1556/2060.2026.00883,"Exploratory study of β-endorphin, immune profiles, and skeletal muscle endoplasmic reticulum stress following an overtraining-like forced swimming regimen in rats",2026,Physiology International,openalex_cited_by
Shi_2025,forward,42398463,,,,,pubmed_elink_citedin
Shi_2025,forward,41740469,10.1016/j.imbio.2026.153170,"Lymphocyte subpopulations in healthy Ukrainian men: local reference ranges, long temporal stability, and exercise-induced variability",2026,Immunobiology,openalex_cited_by
Shi_2025,forward,41749874,,,,,pubmed_elink_citedin
Shi_2025,forward,41844927,10.1007/s11764-026-02002-8,The impact of exercise on tolerability of systemic treatment in metastatic colorectal cancer: A literature review,2026,Journal of Cancer Survivorship,openalex_cited_by+pubmed_elink_citedin
Shi_2025,forward,42545855,10.1152/japplphysiol.00282.2026,Endurance training attenuates acute exercise-induced monocyte transcriptomic responses in adolescents: sex-specific molecular adaptations,2026,Journal of Applied Physiology,openalex_cited_by
Shi_2025,forward,42070699,10.1016/j.bbi.2026.106789,The Physiological Impact of Viewing Original Artworks in a gallery vs. Reproductions in a laboratory: A Comparative Study,2026,Brain Behavior and Immunity,openalex_cited_by
Shi_2025,forward,40962028,10.1016/j.jshs.2025.101086,Physical activity influences immunity with an assist from the gut microbiome,2025,Journal of sport and health science/Journal of Sport and Health Science,openalex_cited_by+pubmed_elink_citedin
Shi_2025,forward,42356417,,,,,pubmed_elink_citedin
Shi_2025,forward,42065088,10.3389/fspor.2026.1780114,The exploration of immune system function changes in marathon athletes after high-intensity training by Agent-Based Model,2026,Frontiers in Sports and Active Living,openalex_cited_by+pubmed_elink_citedin
Shi_2025,forward,42471861,,,,,pubmed_elink_citedin
Shi_2025,forward,41514897,10.3390/biology15010058,Exercise Ameliorates Immunosenescence: From Mechanisms to Interventions,2025,Biology,openalex_cited_by+pubmed_elink_citedin
Shi_2025,forward,42799570,10.1111/1750-3841.71505,Acute and Chronic Effects of Green Tea Kombucha With and Without Grape Skin Extract on Immune and Oxidative Stress Markers in Beginner Runners: A Randomized Controlled Trial,2026,Journal of Food Science,openalex_cited_by
Shi_2025,forward,41329223,10.1007/s00520-025-09971-z,"Comparison of different exercise modalities on chronic inflammation and immune function in cancer survivors: a systematic review with network, dose–response, and Bayesian meta-analyses",2025,Supportive Care in Cancer,openalex_cited_by+pubmed_elink_citedin
Shi_2025,forward,42512385,10.3390/cancers18142322,Exogenous Heat Shock Proteins in Oncology: Biological Roles and Clinical Implications,2026,Cancers,openalex_cited_by+pubmed_elink_citedin
Shi_2025,forward,42213729,10.1371/journal.pone.0349215,"The effect of moderate physical activity on NK cells populations and cytotoxic T lymphocytes in young, healthy women",2026,PLoS ONE,openalex_cited_by+pubmed_elink_citedin
Shi_2025,forward,42655164,10.3390/microorganisms14081820,Preservation of Antioxidant and Immunomodulatory Properties in a Heat-Treated Probiotic Blend: Insights from Preclinical Models,2026,Microorganisms,openalex_cited_by+pubmed_elink_citedin
Shi_2025,forward,42233178,10.1002/cam4.71977,High‐Intensity Interval Training Boosts Immune Cells in Advanced Cancer Patients and Healthy Controls: Implications for Cancer Care,2026,Cancer Medicine,openalex_cited_by+pubmed_elink_citedin
Shi_2025,forward,,10.64898/2026.02.05.704049,Exercise-conditioned tear fluid suppresses myopia progression,2026,bioRxiv (Cold Spring Harbor Laboratory),openalex_cited_by_no_pmid
Shi_2025,forward,,10.64628/aa.csqdf36cq,Does regular exercise stop you getting sick in winter?,2026,,openalex_cited_by_no_pmid
Shi_2025,forward,,10.3389/fpubh.2026.1958833,"Lifestyle factors or protective behaviors: which are more strongly associated with upper respiratory tract infections after COVID-19? A cross-sectional study of 1,535 Chinese college students",2026,Frontiers in Public Health,openalex_cited_by_no_pmid
