sheet,record_id,title,journal,year,B_disposition,B_code,B_comment,C_disposition,C_code,C_comment,ai_stage1_code,D_disposition,D_code,D_comment
pilot_100_blind,FS-000228,Skin tests and clinical features of asthma. A report to the research committee of the British Thoracic and Tuberculosis Association.,British journal of diseases of the chest,1975,EXCLUDE_TITLE,TI04,Title concerns asthma features and skin tests without exercise context.,ADVANCE_TO_ABSTRACT,,题名列出皮肤试验及哮喘特征，未明确研究暴露；缺少运动字样不构成 TI04。,TI04,,,
pilot_100_blind,FS-004536,Sex Differences in Cardiometabolic Traits and Determinants of Exercise Capacity in Heart Failure With Preserved Ejection Fraction.,JAMA cardiology,2020,EXCLUDE_TITLE,TI05,"Title names cardiometabolic traits and exercise capacity, with no immune or omics outcome.",ADVANCE_TO_ABSTRACT,,cardiometabolic traits 与 determinants 未具体限定，可能包括炎症指标，不能确定全部结局均非免疫。,,,,
pilot_100_blind,FS-008150,"Acute Effects of Wild Ginseng Extract on Exercise Performance, Cognitive Function, and Fatigue Recovery: A Randomized Cross-Over, Placebo-Controlled, and Double-Blind Study",International Journal of Translational Medicine,2025,EXCLUDE_TITLE,TI05,"Named outcomes are performance, cognition, and fatigue recovery.",ADVANCE_TO_ABSTRACT,,题名含疲劳恢复，未具体限定恢复指标；不能确定全部结局均无免疫相关内容。,TI05,,,
pilot_100_blind,FS-008177,Topical Peony and Licorice Decoction attenuates exercise-induced muscle pain: a randomized double-blind self-controlled trial in Taiwan,BioMedicine (Taiwan),2026,EXCLUDE_TITLE,TI05,Only muscle pain is named as an outcome.,ADVANCE_TO_ABSTRACT,,运动后肌痛可能涉及炎症，题名未限定为仅疼痛评分。,TI05,,,
pilot_100_blind,FS-008551,b-Cell function during a high-fat meal in young versus old adults: role of exercise,American Journal of Physiology - Regulatory Integrative and Comparative Physiology,2023,ADVANCE_TO_ABSTRACT,,b-Cell function may indicate immune content.,EXCLUDE_TITLE,TI05,,,,,
pilot_100_blind,FS-014030,Transcriptomic and Metabolomic Profiling of Heat Stress Responses and Ganoderic Acid Biosynthesis in <i>Ganoderma lucidum</i>,APPLIED BIOCHEMISTRY AND BIOTECHNOLOGY,2026,EXCLUDE_TITLE,TI04,Heat stress in a fungus; no exercise context.,EXCLUDE_TITLE,TI02,,TI04,,,
pilot_100_blind,FS-014478,Primary replication and invasion of the bovine gammaherpesvirus BoHV-4 in the genital mucosae,VETERINARY RESEARCH,2017,EXCLUDE_TITLE,TI04,Viral replication in genital mucosae; no exercise context.,EXCLUDE_TITLE,TI02,,TI02,,,
sample_verify,FS-000019,Relaying the message of safer sex: condom races for community-based skills training.,Health education research,1998,ADVANCE_TO_ABSTRACT,,,EXCLUDE_TITLE,TI04,,TI04,,,
sample_verify,FS-000031,Direct evidence of endothelial injury in acute myocardial infarction and unstable angina by demonstration of circulating endothelial cells.,Blood,1999,EXCLUDE_TITLE,TI04,Title concerns cardiac disease without exercise context.,ADVANCE_TO_ABSTRACT,,题名为循环内皮细胞及损伤标志，未明确暴露；临床人群不能作为题名排除理由。,TI04,,,
sample_verify,FS-000078,Immunological features of asthma (Part II). A report to the Research Committee of the British Thoracic and Tuberculosis Association.,Clinical allergy,1975,EXCLUDE_TITLE,TI04,Title concerns asthma without an exercise context.,ADVANCE_TO_ABSTRACT,,题名仅列哮喘的免疫特征，未明确暴露或综述类型，缺少运动词不足以排除。,TI04,,,
sample_verify,FS-000144,"Relationship between classic risk factors, plasma antioxidants and indicators of oxidant stress in angina pectoris (AP) in Tehran.",Atherosclerosis,2000,EXCLUDE_TITLE,TI04,Title concerns risk factors in angina without exercise context.,ADVANCE_TO_ABSTRACT,,抗氧化及氧化应激指标可能相关，题名未明确非运动干预。,TI04,,,
sample_verify,FS-000306,Magnesium abnormalities of skeletal muscle in dermatomyositis and juvenile dermatomyositis.,Arthritis and rheumatism,2002,ADVANCE_TO_ABSTRACT,,,EXCLUDE_TITLE,TI05,,TI04,,,
sample_verify,FS-000363,Cytokine responses differ by compartment and wasting status in patients with HIV infection and healthy controls.,Cytokine,2002,EXCLUDE_TITLE,TI04,Wasting status is the named comparison; no exercise context appears.,ADVANCE_TO_ABSTRACT,,题名含细胞因子及健康对照，未指明暴露，不能由缺少运动词排除。,TI04,,,
sample_verify,FS-000377,Training for prevention of HIV / AIDS.,AIDS health promotion exchange,1994,ADVANCE_TO_ABSTRACT,,,EXCLUDE_TITLE,TI04,,TI04,,,
sample_verify,FS-000518,Haemodynamic changes and physical performance at comparative levels of haemoglobin after long-term treatment with recombinant erythropoietin.,"Nephrology, dialysis, transplantation : official publication of the European Dialysis and Transplant Association - European Renal Association",1992,EXCLUDE_TITLE,TI04,Erythropoietin treatment is the named exposure; no exercise context.,EXCLUDE_TITLE,TI05,,TI05,,,
sample_verify,FS-000640,Cardiovascular disease in systemic lupus erythematosus. A study of 75 patients form a defined population.,Medicine,1992,EXCLUDE_TITLE,TI04,Title concerns cardiovascular disease in lupus without exercise context.,ADVANCE_TO_ABSTRACT,,题名描述 SLE 患者中的心血管疾病，没有明确非运动暴露；临床人群不是题名排除理由。,TI04,,,
sample_verify,FS-001049,Mechanisms that regulate the cell cycle status of very primitive hematopoietic cells in long-term human marrow cultures. II. Analysis of positive and negative regulators produced by stromal cells with,Blood,1991,EXCLUDE_TITLE,TI04,Title concerns cell-cycle regulation in marrow cultures without exercise context.,EXCLUDE_TITLE,TI02,,TI04,,,
sample_verify,FS-001198,Recombinant proteins and peptides as tools for studying IgE reactivity with low-molecular-weight glutenin subunits in some wheat allergies.,Journal of agricultural and food chemistry,2007,EXCLUDE_TITLE,TI04,Wheat allergy reactivity study with no exercise context.,ADVANCE_TO_ABSTRACT,,题名含 IgE 反应与蛋白工具，未明确实际研究暴露或仅体外，保留到摘要判断。,TI04,,,
sample_verify,FS-001285,Effect of heterogeneous ventilation and nitric oxide production on exhaled nitric oxide profiles.,"Journal of applied physiology (Bethesda, Md. : 1985)",2008,EXCLUDE_TITLE,TI04,Ventilation and nitric oxide production are studied without exercise context.,ADVANCE_TO_ABSTRACT,,题名含呼出 NO 等可能炎症指标，未说明通气变化是否与运动相关。,TI04,,,
sample_verify,FS-001405,"Distal myasthenia gravis with a decrement, an increment, and denervation.",Journal of clinical neuromuscular disease,2001,EXCLUDE_TITLE,TI04,Title concerns myasthenia gravis without exercise context.,ADVANCE_TO_ABSTRACT,,题名未明确干预或来源为病例报告；疾病及临床表现本身不足以确定封闭清单理由。,TI04,,,
sample_verify,FS-001419,Acute effects of dietary ginger on quadriceps muscle pain during moderate-intensity cycling exercise.,International journal of sport nutrition and exercise metabolism,2008,EXCLUDE_TITLE,TI05,Only muscle pain is named as an outcome.,ADVANCE_TO_ABSTRACT,,题名含骑行后肌痛，未具体限定为疼痛评分，可能涉及炎症指标。,TI05,,,
sample_verify,FS-002047,Diagnostic value of the serum-specific IgE ratio of ω-5 gliadin to wheat in adult patients with wheat-induced anaphylaxis.,International archives of allergy and immunology,2012,EXCLUDE_TITLE,TI04,Wheat-induced anaphylaxis is named without exercise context.,ADVANCE_TO_ABSTRACT,,题名为 IgE 诊断指标与过敏患者，未明确非运动实验暴露；运动共因子未提及不等于没有。,TI04,,,
sample_verify,FS-002089,Blood rheology and body composition as determinants of exercise performance in female rugby players.,Clinical hemorheology and microcirculation,2011,ADVANCE_TO_ABSTRACT,,Blood rheology may include relevant blood markers.,EXCLUDE_TITLE,TI05,,TI05,,,
sample_verify,FS-002105,Can a standard dose of eicosapentaenoic acid (EPA) supplementation reduce the symptoms of delayed onset of muscle soreness?,Journal of the International Society of Sports Nutrition,2012,EXCLUDE_TITLE,TI05,Only muscle soreness symptoms are named as outcomes.,ADVANCE_TO_ABSTRACT,,题名含运动后延迟性肌肉酸痛，未具体限定为仅症状评分，保留摘要判断。,TI05,,,
sample_verify,FS-002146,Salmonella transiently reside in luminal neutrophils in the inflamed gut.,PloS one,2012,EXCLUDE_TITLE,TI04,Salmonella infection in the gut; no exercise context.,ADVANCE_TO_ABSTRACT,,题名含中性粒细胞及肠道免疫过程，未明确物种或非运动干预。,TI04,,,
sample_verify,FS-002205,Immunoglobulin-E reactivity and structural analysis of wheat low-molecular-weight glutenin subunits and their repetitive and nonrepetitive halves.,Journal of agricultural and food chemistry,2012,EXCLUDE_TITLE,TI04,Wheat protein analysis; no exercise context.,ADVANCE_TO_ABSTRACT,,题名为 IgE 反应及蛋白结构，未明确非运动暴露或仅培养细胞。,TI04,,,
sample_verify,FS-002363,High response rate and improved exercise capacity and quality of life with a new regimen of darbepoetin alfa with or without filgrastim in lower-risk myelodysplastic syndromes: a phase II study by the,Annals of hematology,2013,EXCLUDE_TITLE,TI05,"Named outcomes include exercise capacity and quality of life, with no immune or omics outcome.",ADVANCE_TO_ABSTRACT,,题名有运动能力及未具体定义的治疗反应率，不能确认所有结局均无免疫相关内容。,TI05,,,
sample_verify,FS-002582,The influence of weight loss on anaerobic threshold in obese women.,Journal of sports science & medicine,2010,EXCLUDE_TITLE,TI04,Weight loss is the named exposure; no exercise context is stated.,EXCLUDE_TITLE,TI05,,TI05,,,
sample_verify,FS-002610,Comparison of specific IgE antibodies to wheat component allergens in two phenotypes of wheat allergy.,Journal of Korean medical science,2013,EXCLUDE_TITLE,TI04,Wheat allergy is the topic; no exercise context is stated.,ADVANCE_TO_ABSTRACT,,题名只列特异性 IgE 和过敏表型，未指明研究暴露。,TI04,,,
sample_verify,FS-003039,Air quality and temperature effects on exercise-induced bronchoconstriction.,Comprehensive physiology,2015,ADVANCE_TO_ABSTRACT,,,EXCLUDE_TITLE,TI05,,TI05,,,
sample_verify,FS-003112,Attenuated fibroblast growth factor 21 response to acute aerobic exercise in obese individuals.,"Nutrition, metabolism, and cardiovascular diseases : NMCD",2015,EXCLUDE_TITLE,TI05,Only a growth factor response is named.,ADVANCE_TO_ABSTRACT,,FGF21 为具名分子蛋白，题名不足以否定可能免疫相关内容，保留到摘要判断。,TI05,,,
sample_verify,FS-003198,Results of comprehensive diagnostic work-up in 'idiopathic' dilated cardiomyopathy.,Open heart,2015,EXCLUDE_TITLE,TI04,Diagnostic work-up for cardiomyopathy; no exercise context.,ADVANCE_TO_ABSTRACT,,题名仅称心肌病的综合诊断检查，未明确暴露或具体非免疫结局；临床人群本身不是题名排除理由。,TI04,,,
sample_verify,FS-003215,Highly Invasive Listeria monocytogenes Strains Have Growth and Invasion Advantages in Strain Competition.,PloS one,2015,EXCLUDE_TITLE,TI04,Bacterial strain competition; no exercise context.,EXCLUDE_TITLE,TI02,,TI04,,,
sample_verify,FS-003304,Molecular Mechanisms Linking Autonomic Dysfunction and Impaired Cardiac Contractility in Critical Illness.,Critical care medicine,2016,EXCLUDE_TITLE,TI04,Critical illness mechanisms; no exercise context.,ADVANCE_TO_ABSTRACT,,题名泛指分子机制，未说明暴露或所测分子，无法明确应用封闭排除理由。,TI04,,,
sample_verify,FS-003395,Plasma Macrophage Migration Inhibitor Factor Is Elevated in Response to Myocardial Ischemia.,Journal of the American Heart Association,2016,EXCLUDE_TITLE,TI04,Myocardial ischemia is the exposure; no exercise context is named.,ADVANCE_TO_ABSTRACT,,题名含巨噬细胞迁移抑制因子，心肌缺血是否运动诱发未说明，不能猜测非运动情境。,TI04,,,
sample_verify,FS-003446,Peripheral vascular disease. Rheologic variables during controlled ischemia.,Circulation,1989,EXCLUDE_TITLE,TI04,Controlled ischemia is the exposure; no exercise context is named.,ADVANCE_TO_ABSTRACT,,controlled ischemia 未交代诱发方式，不能由题名确定没有运动暴露。,TI04,,,
sample_verify,FS-003573,Leucocyte rheology in controlled coronary ischaemia.,International journal of cardiology,1989,EXCLUDE_TITLE,TI04,Controlled coronary ischaemia is the only exposure named.,ADVANCE_TO_ABSTRACT,,题名含白细胞流变学，受控缺血的诱发方式未说明，保留到摘要判断。,TI04,,,
sample_verify,FS-003628,Investigation of the Possible Role of the Hippo/YAP1 Pathway in Asthma and Allergy.,"Allergy, asthma & immunology research",2017,EXCLUDE_TITLE,TI04,Asthma and allergy are the only topics named; no exercise context.,ADVANCE_TO_ABSTRACT,,题名含具名分子通路及免疫疾病，未明确实验暴露或仅体外。,TI04,,,
sample_verify,FS-003740,Gibberellin-regulated protein in Japanese apricot is an allergen cross-reactive to Pru p 7.,"Immunity, inflammation and disease",2017,EXCLUDE_TITLE,TI04,Allergen topic has no exercise context.,ADVANCE_TO_ABSTRACT,,题名为过敏原蛋白及交叉反应特征，未明确非运动研究暴露或仅细胞研究。,TI04,,,
sample_verify,FS-003837,Irisin is a pro-myogenic factor that induces skeletal muscle hypertrophy and rescues denervation-induced atrophy.,Nature communications,2017,EXCLUDE_TITLE,TI04,"Title concerns irisin and denervation, with no exercise context.",ADVANCE_TO_ABSTRACT,,题名只描述 irisin 蛋白的功能，未明确给药或实际研究暴露，不能推定非运动研究。,TI04,,,
sample_verify,FS-004118,Purification and Identification of Astaxanthin and Its Novel Derivative Produced by Radio-tolerant Sphingomonas astaxanthinifaciens.,"Methods in molecular biology (Clifton, N.J.)",2018,EXCLUDE_TITLE,TI04,Title concerns astaxanthin purification without exercise context.,EXCLUDE_TITLE,TI02,,TI04,,,
sample_verify,FS-004245,"Cardiovascular and Metabolic Risk in Women in the First Year Postpartum: Allostatic Load as a Function of Race, Ethnicity, and Poverty Status.",American journal of perinatology,2019,EXCLUDE_TITLE,TI04,Demographic and poverty factors are named; no exercise context.,ADVANCE_TO_ABSTRACT,,allostatic load 可能含炎症生物指标，题名未明确非运动干预或全部非免疫结局。,TI04,,,
sample_verify,FS-004449,Clinical Features and Culprit Food Allergens of Korean Adult Food Allergy Patients: A Cross-Sectional Single-Institute Study.,"Allergy, asthma & immunology research",2019,EXCLUDE_TITLE,TI04,Food allergy study with no exercise context.,ADVANCE_TO_ABSTRACT,,题名含食物过敏原及临床特征，未明确暴露，不能从临床群体或缺少运动字样排除。,TI04,,,
sample_verify,FS-004494,Investigation of physical and functional impairments experienced by people with active tuberculosis infection: A feasibility pilot study.,African journal of disability,2019,EXCLUDE_TITLE,TI04,Tuberculosis impairments study with no exercise context.,EXCLUDE_TITLE,TI05,,TI05,,,
sample_verify,FS-004552,Long-lasting neurobehavioral alterations in burn-injured mice resembling post-traumatic stress disorder in humans.,Experimental neurology,2020,EXCLUDE_TITLE,TI04,Burn injury is the named exposure; no exercise context.,EXCLUDE_TITLE,TI02,,TI02,,,
sample_verify,FS-004662,Differences in omega-5-gliadin allergy: East versus West.,Asia Pacific allergy,2020,EXCLUDE_TITLE,TI04,Title concerns allergy differences without exercise context.,ADVANCE_TO_ABSTRACT,,题名为过敏表型的地域比较，未指明非运动实验暴露或具体非免疫结局。,TI04,,,
sample_verify,FS-004753,Elevated Uric Acid Prevalence and Clinical Outcomes in Patients with Heart Failure with Preserved Ejection Fraction: Insights from RELAX.,The American journal of medicine,2020,EXCLUDE_TITLE,TI04,Heart failure outcomes are named without exercise context.,ADVANCE_TO_ABSTRACT,,题名为尿酸及未限定的临床结局，未明确研究暴露，免疫相关性不能由题名完全排除。,TI04,,,
sample_verify,FS-004884,"Thermal Infrared Imaging Can Differentiate Skin Temperature Changes Associated With Intense Single Leg Exercise, But Not With Delayed Onset of Muscle Soreness.",Journal of sports science & medicine,2020,ADVANCE_TO_ABSTRACT,,Exercise and delayed onset muscle soreness are named.,EXCLUDE_TITLE,TI05,,TI05,,,
sample_verify,FS-004910,"Living with arthritis: a ""training camp"" for coping with stressful events? A survey on resilience of arthritis patients following the COVID-19 pandemic.",Clinical rheumatology,2020,EXCLUDE_TITLE,TI05,Resilience is the only named outcome.,EXCLUDE_TITLE,TI04,,TI04,,,
sample_verify,FS-005141,Wheat Anaphylaxis in Adults Differs from Reactions to Other Types of Food.,The journal of allergy and clinical immunology. In practice,2021,EXCLUDE_TITLE,TI04,Title concerns food reactions without exercise context.,ADVANCE_TO_ABSTRACT,,题名为成人食物过敏反应比较，未明确研究暴露或运动共因子，不以信息缺失排除。,TI04,,,
sample_verify,FS-005390,Clinical Features of Wheat Allergy Are Significantly Different between Tri a 14 Sensitized Patients and Tri a 19 Sensitized Ones.,International archives of allergy and immunology,2022,EXCLUDE_TITLE,TI04,Title concerns wheat allergy without exercise context.,ADVANCE_TO_ABSTRACT,,题名仅为过敏原致敏及临床特征比较，未明确研究暴露或运动共因子。,TI04,,,
sample_verify,FS-005736,Traumatic Glaucoma,StatPearls Publishing,2026,EXCLUDE_TITLE,TI04,Title names a disease topic without exercise context.,ADVANCE_TO_ABSTRACT,,题名仅有疾病名称，未提供研究暴露、结局测量或明确来源类型。,TI01,,,
sample_verify,FS-005822,Cardiac Autonomic Function in Long COVID-19 Using Heart Rate Variability: An Observational Cross-Sectional Study.,Journal of clinical medicine,2022,EXCLUDE_TITLE,TI04,Long COVID-19 assessment; no exercise context.,EXCLUDE_TITLE,TI05,,TI05,,,
sample_verify,FS-006433,The work-recovery cycle of kidney strain and inflammation in sugarcane workers following repeat heat exposure at work and at home.,European journal of applied physiology,2025,EXCLUDE_TITLE,TI04,Heat exposure at work and home; no exercise context named.,ADVANCE_TO_ABSTRACT,,蔗糖工人的工作/恢复周期可能涉及体力劳动，且题名有炎症指标，不能确认无运动情境。,TI04,,,
sample_verify,FS-006490,Reported race-associated differences in control and schizophrenia post-mortem brain transcriptomes implicate stress-related and neuroimmune pathways.,Frontiers in molecular neuroscience,2024,EXCLUDE_TITLE,TI04,Schizophrenia brain transcriptomes; no exercise context named.,ADVANCE_TO_ABSTRACT,,题名为人群脑转录组及神经免疫通路比较，未明确实验暴露；race 指族群，不据此猜测运动或非运动采样。,TI04,,,
sample_verify,FS-006583,MIF-ACKR3 causes irreversible fat loss by impairing adipogenesis in cancer cachexia.,Cell metabolism,2025,EXCLUDE_TITLE,TI04,Cancer cachexia mechanism; no exercise context.,ADVANCE_TO_ABSTRACT,,题名含 MIF 免疫分子机制，未明确非运动干预或仅细胞研究，临床背景不用于题名排除。,TI04,,,
sample_verify,FS-006683,Modulating effects of environmental enrichment on stress-induced changes in the gut microbiome.,"Brain, behavior, & immunity - health",2025,EXCLUDE_TITLE,TI04,Environmental enrichment and stress; no exercise context.,ADVANCE_TO_ABSTRACT,,环境丰富化及 stress 未明确限定为非运动或心理应激，微生物组内容可能相关。,TI04,,,
sample_verify,FS-006733,ACE-2-like enzymatic activity in COVID-19 convalescents with persistent pulmonary symptoms associated with immunoglobulin.,mBio,2025,EXCLUDE_TITLE,TI04,COVID-19 convalescence is the topic; no exercise context.,ADVANCE_TO_ABSTRACT,,题名含免疫球蛋白及酶活性，未指明研究暴露，临床人群不能用于题名排除。,TI04,,,
sample_verify,FS-006739,Firefighters Versus Law Enforcement Officers: A Comparison of Cardiovascular Disease Risk.,International journal of exercise science,2025,EXCLUDE_TITLE,TI04,Compares occupational groups without exercise context.,ADVANCE_TO_ABSTRACT,,题名仅为职业人群及未具体定义的风险结局，没有明确暴露或可确定的全非免疫结局。,,,,
sample_verify,FS-006816,Immediate and acute effects of kinesio taping and kinesio taping combined with cupping therapy on delayed onset muscle soreness: A randomized controlled trial.,Journal of bodywork and movement therapies,2025,EXCLUDE_TITLE,TI04,Taping and cupping are the named exposures; no exercise context is stated.,ADVANCE_TO_ABSTRACT,,题名涉及 DOMS，未限定为仅症状评分或仅非免疫结局。,TI05,,,
sample_verify,FS-006992,"Acute effects of physical exercise on biomarkers of the trace elements selenium, zinc, copper, and iron.",Journal of trace elements in medicine and biology : organ of the Society for Minerals and Trace Elements (GMS),2026,ADVANCE_TO_ABSTRACT,,,EXCLUDE_TITLE,TI05,,TI05,,,
sample_verify,FS-007291,Early Induction of IVIg Improved the Performance Status and Enabled Chemotherapy Initiation in PCD-LEMS: A Case Report.,"Internal medicine (Tokyo, Japan)",2026,EXCLUDE_TITLE,TI04,"Title concerns IVIg and chemotherapy, with no exercise context.",EXCLUDE_TITLE,TI01,,TI04,,,
sample_verify,FS-007409,Features of bronchoalveolar lavage differentiating hypersensitivity pneumonitis and pulmonary sarcoidosis at time of initial presentation.,Clinical and investigative medicine. Medecine clinique et experimentale,1984,EXCLUDE_TITLE,TI04,Diagnostic comparison of pulmonary diseases; no exercise context.,ADVANCE_TO_ABSTRACT,,题名为支气管肺泡灌洗特征及免疫疾病比较，未明确非运动暴露或全非免疫指标。,TI04,,,
sample_verify,FS-007412,Marathon running and immunity to coronary heart disease: fact versus fiction.,Clinics in sports medicine,1984,ADVANCE_TO_ABSTRACT,,,EXCLUDE_TITLE,TI05,,TI05,,,
sample_verify,FS-007533,Regulation of the beta-adrenoceptor-cAMP-system during dynamic exercise in patients with primary hypertension after acute beta-blockade.,Blood pressure,1994,EXCLUDE_TITLE,TI05,"Exercise outcomes concern beta-adrenoceptor signaling, with no immune or omics content.",ADVANCE_TO_ABSTRACT,,题名含运动与受体/cAMP 分子系统，不能确定测量仅为激素浓度或全非免疫内容。,TI05,,,
sample_verify,FS-007583,"The tetrapeptide AcSerAspLysPro (Seraspenide), a hematopoietic inhibitor, may reduce the in vitro toxicity of 3'-azido-3'-deoxythymidine to human hematopoietic progenitors.","Stem cells (Dayton, Ohio)",1993,EXCLUDE_TITLE,TI04,Title concerns drug toxicity in human progenitors without exercise context.,EXCLUDE_TITLE,TI02,,TI04,,,
sample_verify,FS-007794,Summary of clinical trials with zafirlukast,AMERICAN JOURNAL OF RESPIRATORY AND CRITICAL CARE MEDICINE,1998,EXCLUDE_TITLE,TI04,Drug trials are named without exercise context.,EXCLUDE_TITLE,TI01,,TI04,,,
sample_verify,FS-007882,A Tarui Disease Phenotype with Compensated Hemolysis and a Homozygous <i>PFKM</i> Variant of Uncertain Significance Mimicking Chronic Myelomonocytic Leukemia,JOURNAL OF CLINICAL MEDICINE,2026,EXCLUDE_TITLE,TI04,Title concerns a disease phenotype and genetic variant without exercise context.,ADVANCE_TO_ABSTRACT,,题名列基因变异及血液病表型，未明确研究暴露或标注病例报告，不能用临床人群直接排除。,TI04,,,
sample_verify,FS-007929,Rare Models: Use of a Novel Translational Model for Diffuse Alveolar Haemorrhage,International Journal of Molecular Sciences,2026,EXCLUDE_TITLE,TI04,Title concerns a disease model with no exercise context.,ADVANCE_TO_ABSTRACT,,题名仅描述新模型，未明示物种、具体暴露或来源类型，不能猜测排除。,TI04,,,
sample_verify,FS-008092,Enteric neuronal Piezo1 maintains mechanical and immunological homeostasis by sensing force,Cell,2025,EXCLUDE_TITLE,TI04,Mechanical force sensing is the topic; no exercise context is named.,ADVANCE_TO_ABSTRACT,,题名含免疫稳态与 Piezo1，未明确实验暴露、物种或仅体外。,TI04,,,
sample_verify,FS-008343,McArdle's disease revealed by acute low back pain; [Une maladie de McArdle révélée par une lombalgie aiguë],Revue de Medecine Interne,2024,EXCLUDE_TITLE,TI04,Disease presentation with no exercise context.,ADVANCE_TO_ABSTRACT,,题名未明确来源类型或研究暴露，临床诊断描述本身不满足题名封闭清单。,TI04,,,
sample_verify,FS-008404,Acupotomy combined with Korean medicine treatment in a patient with acute sacroiliac pain unresponsive to conventional therapy: A case report,Explore,2024,EXCLUDE_TITLE,TI04,Title concerns treatment of pain without exercise context.,EXCLUDE_TITLE,TI01,,TI04,,,
sample_verify,FS-008433,Acute interleukin-6 modulates key enzymes involved in prefrontal cortex and hippocampal amyloid precursor protein processing,Journal of Applied Physiology,2023,EXCLUDE_TITLE,TI04,Interleukin-6 exposure is named without exercise context.,ADVANCE_TO_ABSTRACT,,题名只描述 IL-6 与酶蛋白调节，未明确给药或实际研究暴露，不能推定非运动研究。,TI04,,,
sample_verify,FS-008464,Transcriptome Analysis of Early Pathogenetic Responsive Genes in Cavendish Bananas During<i> Fusarium</i><i> oxysporum</i> f. sp.<i> cubense</i> Race 1 and Race 4 Infection,CHIANG MAI JOURNAL OF SCIENCE,2023,EXCLUDE_TITLE,TI04,Title concerns banana infection without exercise context.,EXCLUDE_TITLE,TI02,,TI02,,,
sample_verify,FS-008490,Irisin drives macrophage anti-inflammatory differentiation via JAK2-STAT6-dependent activation of PPARγ and Nrf2 signaling,Free Radical Biology and Medicine,2023,EXCLUDE_TITLE,TI04,Title concerns irisin signaling without exercise context.,ADVANCE_TO_ABSTRACT,,题名含巨噬细胞与具名免疫信号，未说明刺激来源、物种或培养细胞，保留到摘要判断。,TI04,,,
sample_verify,FS-008507,Not easy-peasy to diagnose: familial Mediterranean fever unaccompanied by fever,European Journal of Pediatrics,2023,EXCLUDE_TITLE,TI04,Title concerns disease diagnosis without exercise context.,ADVANCE_TO_ABSTRACT,,题名为免疫疾病的诊断表型，未明确研究暴露或病例报告类型。,TI04,,,
sample_verify,FS-008543,Cardiovascular Follow-up of Patients Treated for MIS-C,Pediatrics,2023,EXCLUDE_TITLE,TI04,Disease follow-up; no exercise context named.,ADVANCE_TO_ABSTRACT,,题名未交代心血管随访中的测试、指标或暴露，不能把临床人群当作题名排除依据。,TI04,,,
sample_verify,FS-008557,Case report: A proposed role for cardiopulmonary exercise testing in detecting cardiac dysfunction in asymptomatic at-risk adolescents,Frontiers in Pediatrics,2023,EXCLUDE_TITLE,TI03,Title names only adolescents.,EXCLUDE_TITLE,TI01,,TI03,,,
sample_verify,FS-008600,Race and Gender Influences the Presentation of Eosinophilic Esophagitis,Dysphagia,2023,EXCLUDE_TITLE,TI04,Title concerns disease presentation; race refers to demographics.,ADVANCE_TO_ABSTRACT,,race 为族群；题名只列嗜酸性食管炎及人群特征，未明确非运动研究暴露。,TI04,,,
sample_verify,FS-008625,Toward reducing the immunogenic potential of wheat flour: identification and characterization of wheat lines missing omega-5 gliadins encoded by the 1D chromosome,Theoretical and Applied Genetics,2023,EXCLUDE_TITLE,TI04,Title concerns wheat genetics with no exercise context.,EXCLUDE_TITLE,TI02,,TI04,,,
sample_verify,FS-008632,Lipid transfer protein syndrome in a Northern European patient: An unusual case report,Frontiers in Medicine,2023,EXCLUDE_TITLE,TI04,Title concerns a clinical syndrome without exercise context.,EXCLUDE_TITLE,TI01,,TI04,,,
sample_verify,FS-008651,Curcumin: The Active Compound in Turmeric has the Potential to Reduce Pain Intensity and Increase Range of Motion During Exercise-Induced Muscle Damage; [Curcumina: el compuesto activo de la cúrcuma t,Retos,2023,ADVANCE_TO_ABSTRACT,,,EXCLUDE_TITLE,TI05,,TI05,,,
sample_verify,FS-008659,A pilot study: effect of irisin on trabecular bone in a streptozotocin-induced animal model of type 1 diabetic osteopathy utilizing a micro-CT,PeerJ,2023,EXCLUDE_TITLE,TI04,Title concerns irisin and bone without exercise context.,EXCLUDE_TITLE,TI02,,TI02,,,
sample_verify,FS-008877,<i>Phoenix dactylifera</i> pollen does not affect eccentric resistance exercise-induced delayed-onset muscle soreness (DOMS) in female athletes,SPORT SCIENCES FOR HEALTH,2021,EXCLUDE_TITLE,TI05,Only muscle soreness is named as an outcome.,ADVANCE_TO_ABSTRACT,,题名有运动后 DOMS，未限定为仅症状评分，免疫炎症结局需读摘要。,TI05,,,
sample_verify,FS-008918,Combined training in patient with aids: improved quality of life and preserved BDNF,Sport Sciences for Health,2022,EXCLUDE_TITLE,TI05,Named outcomes are quality of life and BDNF.,ADVANCE_TO_ABSTRACT,,题名含运动训练及具名蛋白 BDNF，临床人群与单个患者均不直接构成题名排除理由。,TI05,,,
sample_verify,FS-008968,A possible COVID-19 reinfection case in a healthcare professional,Eurasian Journal of Family Medicine,2021,EXCLUDE_TITLE,TI04,COVID-19 reinfection is named without exercise context.,EXCLUDE_TITLE,TI01,,TI04,,,
sample_verify,FS-009215,Rare causes of hypoglycemia in adults; [Causes rares d'hypoglycémies de l'adulte],Annales d'Endocrinologie,2020,EXCLUDE_TITLE,TI04,Title concerns causes of hypoglycemia without exercise context.,ADVANCE_TO_ABSTRACT,,题名只有成人低血糖及罕见病因，没有明确研究暴露或全部结局指标，不能推定来源类型或免疫测量缺失。,TI04,,,
sample_verify,FS-009240,Transcriptional Modulation of Resistance against <i>Xanthomonas oryzae</i> pv. <i>oryzae</i> Korean Race K2 in <i>japonica</i> Rice,AGRONOMY-BASEL,2020,EXCLUDE_TITLE,TI04,Title concerns rice resistance to a pathogen without exercise context.,EXCLUDE_TITLE,TI02,,TI04,,,
sample_verify,FS-009446,Reversible spontaneous EMG activity during myasthenic crisis: Two case reports,eNeurologicalSci,2019,EXCLUDE_TITLE,TI04,Title concerns myasthenic crisis without exercise context.,EXCLUDE_TITLE,TI01,,TI04,,,
sample_verify,FS-009473,Back pain and functional status in patients with ankylosing spondylitis during pregnancy,Sovremennaya Revmatologiya,2019,EXCLUDE_TITLE,TI04,Pregnancy and disease status are named without exercise context.,EXCLUDE_TITLE,TI05,,TI04,,,
sample_verify,FS-009562,Component-resolved diagnosis (CRD) of food anaphylaxis,Folia medica Cracoviensia,2018,EXCLUDE_TITLE,TI04,Food anaphylaxis diagnosis is named without exercise context.,ADVANCE_TO_ABSTRACT,,题名仅为食物过敏的组分诊断，未说明研究暴露或运动共因子。,TI04,,,
sample_verify,FS-009591,"Proteomic profiling and epitope analysis of the complex α-, γ-, and ω-gliadin families in a commercial bread wheat",Frontiers in Plant Science,2018,EXCLUDE_TITLE,TI04,Wheat proteomic profiling has no exercise context.,EXCLUDE_TITLE,TI02,,TI04,,,
sample_verify,FS-009797,A rare case of quadratus femoris muscle rupture after yoga exercises,Clinical Journal of Sport Medicine,2016,ADVANCE_TO_ABSTRACT,,,EXCLUDE_TITLE,TI01,,TI05,,,
sample_verify,FS-009840,The impact of early aerobic exercise on brain microvascular alterations induced by cerebral hypoperfusion,Brain Research,2017,EXCLUDE_TITLE,TI05,Only brain microvascular alterations are named as outcomes.,ADVANCE_TO_ABSTRACT,,题名有运动，脑微血管改变未具体限定指标，不能确定完全无免疫炎症内容。,TI05,,,
sample_verify,FS-009863,Sepsis attenuates the anabolic response to skeletal muscle contraction,Shock,2015,EXCLUDE_TITLE,TI04,Sepsis is the topic; muscle contraction does not establish exercise context.,ADVANCE_TO_ABSTRACT,,题名有骨骼肌收缩，anabolic response 未具体限定测量，不能由临床背景或未列指标排除。,TI05,,,
sample_verify,FS-009993,Clinical and pathological findings of a fatal systemic capillary leak syndrome (Clarkson Disease),Medicine (United States),2015,EXCLUDE_TITLE,TI04,Title concerns a disease case with no exercise context.,ADVANCE_TO_ABSTRACT,,题名为临床和病理发现，未明确研究暴露、指标或病例报告类型。,TI04,,,
sample_verify,FS-010198,Effects of endurance exercise and estrogen supplementation on the proliferation of satellite cells,Comparative Clinical Pathology,2014,EXCLUDE_TITLE,TI05,Satellite cell proliferation is the only named outcome.,ADVANCE_TO_ABSTRACT,,题名含运动和细胞增殖，未明确物种或全部指标，保留摘要核实免疫相关性。,TI05,,,
sample_verify,FS-010231,Strategies for molecular classification of asthma using bipartite network analysis of cytokine expression,Current Allergy and Asthma Reports,2012,EXCLUDE_TITLE,TI04,Title concerns asthma classification without exercise context.,ADVANCE_TO_ABSTRACT,,题名为细胞因子表达及分类分析，未明确非运动暴露。,TI04,,,
sample_verify,FS-010266,Transient receptor potentials (TRPs) and anaphylaxis,Current Allergy and Asthma Reports,2013,EXCLUDE_TITLE,TI04,Title concerns anaphylaxis without exercise context.,ADVANCE_TO_ABSTRACT,,题名只有受体蛋白与过敏反应，未指明研究暴露、物种或来源类型。,TI04,,,
sample_verify,FS-010268,Myalgic encephalomyelitis/chronic fatigue syndrome and encephalomyelitis disseminata/multiple sclerosis show remarkable levels of similarity in phenomenology and neuroimmune characteristics,BMC Medicine,2013,EXCLUDE_TITLE,TI04,Title compares diseases without an exercise context.,ADVANCE_TO_ABSTRACT,,题名含神经免疫特征及患者表型，未明确非运动研究暴露或来源类型。,TI04,,,
sample_verify,FS-010334,Recurrent anaphylactic reactions: An uncommon debut of lymphocytic hypophysitis,International Archives of Allergy and Immunology,2012,EXCLUDE_TITLE,TI04,Title concerns disease presentation without exercise context.,ADVANCE_TO_ABSTRACT,,题名为免疫疾病的临床表现，未明确暴露或病例报告类型，保留到摘要核实。,TI04,,,
sample_verify,FS-010347,Unsuspected pheochromocytoma multisystem crisis: A fatal outcome in a young male patient,Journal of Association of Physicians of India,2012,EXCLUDE_TITLE,TI04,Title concerns a disease crisis without exercise context.,ADVANCE_TO_ABSTRACT,,题名未明确研究暴露或病例报告类型，不能仅因临床患者及不良结局排除。,TI04,,,
sample_verify,FS-010490,The effects of LPG massage system on delayed onset muscle soreness and muscular performance after resistance exercise,HealthMED,2011,EXCLUDE_TITLE,TI05,Only soreness and muscular performance outcomes are named.,ADVANCE_TO_ABSTRACT,,题名含运动后 DOMS，未明确限定为只测疼痛评分及表现，炎症内容需读摘要。,TI05,,,
sample_verify,FS-010687,Potential for growth of e. coli in aerobic compost extract,Compost Science and Utilization,2010,EXCLUDE_TITLE,TI04,Compost extract is the topic; no exercise context is named.,EXCLUDE_TITLE,TI02,,TI04,,,
sample_verify,FS-011218,Nedocromil sodium for preventing exercise-induced bronchoconstriction,Cochrane Database of Systematic Reviews,2002,EXCLUDE_TITLE,TI01,Published in a systematic review journal.,EXCLUDE_TITLE,TI05,,TI01,,,
sample_verify,FS-011479,Juvenile idiopathic inflammatory myopathy: Exercise-induced changes in muscle at short inversion time inversion-recovery MR imaging,Radiology,1998,EXCLUDE_TITLE,TI05,Named outcome is muscle MR imaging changes.,EXCLUDE_TITLE,TI03,,TI03,,,
sample_verify,FS-011487,A randomized controlled trial of the effect of naproxen on delayed onset muscle soreness and muscle strength,Clinical Journal of Sport Medicine,1998,EXCLUDE_TITLE,TI04,Naproxen is the named exposure; no exercise context appears.,ADVANCE_TO_ABSTRACT,,题名含 DOMS，未明确仅使用疼痛评分，保留到摘要核实免疫炎症测量。,TI05,,,
sample_verify,FS-011718,Effect of prolactin on the in vitro phagocytic capacity of macrophages,"Comparative Immunology, Microbiology and Infectious Diseases",1996,EXCLUDE_TITLE,TI04,Prolactin exposure; no exercise context.,EXCLUDE_TITLE,TI02,,TI04,,,
sample_verify,FS-011821,Risk factors for sudden cardiac death in middle-aged British men,Circulation,1995,EXCLUDE_TITLE,TI05,Only sudden cardiac death is named as an outcome.,ADVANCE_TO_ABSTRACT,,题名未说明风险因素或研究暴露，可能包括炎症指标，不以未提运动作排除。,TI04,,,
sample_verify,FS-011845,Phenytoin hypersensitivity syndrome: A case report,Annals of Pharmacotherapy,1991,EXCLUDE_TITLE,TI04,Drug hypersensitivity with no exercise context.,EXCLUDE_TITLE,TI01,,TI04,,,
sample_verify,FS-011864,Intracellular collagen fibrils: evidence of an intracellular source from experiments with tendon fibroblasts and fibroblastic tumour cells,Journal of Anatomy,1988,EXCLUDE_TITLE,TI04,"Title concerns intracellular collagen fibrils, with no exercise context.",EXCLUDE_TITLE,TI02,,TI02,,,
sample_verify,FS-011882,Depression of T-cell activity during pregnancy: part II - Identification of factor(s) in pregnancy serum inhibiting T-cell reactivity,Indian Journal of Experimental Biology,1982,EXCLUDE_TITLE,TI04,"Title concerns pregnancy-related T-cell activity, with no exercise context.",ADVANCE_TO_ABSTRACT,,题名为 T 细胞及妊娠血清因子，未明确研究暴露或只用培养细胞。,TI04,,,
sample_verify,FS-011973,Clastogenic interactions of γ radiation and caffeine in human peripheral blood cultures,Mutation Research - Fundamental and Molecular Mechanisms of Mutagenesis,1983,EXCLUDE_TITLE,TI04,Title names radiation and caffeine exposures without exercise context.,EXCLUDE_TITLE,TI02,,TI04,,,
sample_verify,FS-012040,Case records of the Massachusetts General Hospital. Weekly clinicopathological exercises. Case 5-1980. Presentation of case,New England Journal of Medicine,1980,EXCLUDE_TITLE,TI04,Clinicopathological case presentation is unrelated to physical exercise.,EXCLUDE_TITLE,TI01,,TI04,,,
sample_verify,FS-012084,Pulmonary infiltrates with eosinophilia and urinary symptoms during disodium cromoglycate treatment. A case report,Scandinavian Journal of Respiratory Diseases,1976,EXCLUDE_TITLE,TI04,Drug treatment is the only exposure named.,EXCLUDE_TITLE,TI01,,TI04,,,
sample_verify,FS-012127,Diagnosis of Dysfunctional Breathing in Severe Asthma,JOURNAL OF ALLERGY AND CLINICAL IMMUNOLOGY-IN PRACTICE,2025,EXCLUDE_TITLE,TI04,Diagnosis in severe asthma has no exercise context.,ADVANCE_TO_ABSTRACT,,诊断 dysfunctional breathing 未具体说明方法，可能含运动测试，未明确排除免疫指标。,TI04,,,
sample_verify,FS-012179,Unraveling the effect of the inflammatory microenvironment in spermatogenesis progression,CELL AND TISSUE RESEARCH,2023,EXCLUDE_TITLE,TI04,Inflammatory microenvironment is the named exposure; no exercise context.,ADVANCE_TO_ABSTRACT,,题名为炎症微环境与生物过程，未指明研究暴露、物种或培养细胞。,TI04,,,
sample_verify,FS-012306,"The effects of TRAF6 on proliferation, apoptosis and invasion in osteosarcoma are regulated by miR-124",INTERNATIONAL JOURNAL OF MOLECULAR MEDICINE,2018,EXCLUDE_TITLE,TI04,Osteosarcoma cell mechanisms are the topic; no exercise context.,ADVANCE_TO_ABSTRACT,,题名含具名蛋白及 miRNA，未明确非运动干预或仅体外。,TI04,,,
sample_verify,FS-012316,Chalcogenozidovudine Derivatives With Antitumor Activity: Comparative Toxicities in Cultured Human Mononuclear Cells,TOXICOLOGICAL SCIENCES,2017,EXCLUDE_TITLE,TI04,Drug derivative toxicities are the topic; no exercise context.,EXCLUDE_TITLE,TI02,,TI02,,,
sample_verify,FS-012381,The expression of BTG1 is downregulated in nasopharyngeal carcinoma and possibly associated with tumour metastasis,MOLECULAR BIOLOGY REPORTS,2014,EXCLUDE_TITLE,TI04,Title concerns carcinoma and metastasis without exercise context.,ADVANCE_TO_ABSTRACT,,题名仅列具名蛋白表达及临床关联，未明确非运动研究暴露。,TI04,,,
sample_verify,FS-012574,Risk stratification in cardiac amyloidosis: Novel approaches,TRANSPLANTATION,2005,EXCLUDE_TITLE,TI04,Cardiac amyloidosis risk stratification has no exercise context.,ADVANCE_TO_ABSTRACT,,题名未具体说明风险分层的测量及暴露，不能推定没有运动或免疫内容。,TI04,,,
sample_verify,FS-012595,Dual function of the extracellular matrix: Stimulatory for cell cycle progression of naive T cells and antiapoptotic for tissue-derived memory T cells,JOURNAL OF IMMUNOLOGY,2004,EXCLUDE_TITLE,TI04,Extracellular matrix effects on T cells; no exercise context.,ADVANCE_TO_ABSTRACT,,题名为 T 细胞及细胞外基质功能，未明确实验暴露、物种或仅细胞培养。,TI04,,,
sample_verify,FS-012604,"A late, prolonged activation of the phosphatidylinositol 3-kinase pathway is required for T cell proliferation",JOURNAL OF IMMUNOLOGY,2004,EXCLUDE_TITLE,TI04,Cell signaling and proliferation; no exercise context.,ADVANCE_TO_ABSTRACT,,题名仅列 T 细胞与信号通路，未明确研究暴露或仅体外。,TI04,,,
sample_verify,FS-012630,Exercise-induced pulmonary hemorrhage,VETERINARY CLINICS OF NORTH AMERICA-EQUINE PRACTICE,2003,EXCLUDE_TITLE,TI05,Pulmonary hemorrhage is the only outcome named.,ADVANCE_TO_ABSTRACT,,题名有运动诱发肺出血，未说明物种或具体所测结局，不推定动物或全非免疫测量。,TI05,,,
sample_verify,FS-012643,Eosinophilic folliculitis occurring in a patient affected by Hodgkin lymphoma,INTERNATIONAL JOURNAL OF DERMATOLOGY,2002,EXCLUDE_TITLE,TI04,Disease presentation without exercise context.,ADVANCE_TO_ABSTRACT,,题名为免疫疾病临床表现，未明确研究暴露或来源为病例报告。,TI04,,,
sample_verify,FS-012732,"Volatile fatty acid, metabolic by-product of periodontopathic bacteria, induces apoptosis in WEHI 231 and RAJI B lymphoma cells and splenic B cells",INFECTION AND IMMUNITY,1998,EXCLUDE_TITLE,TI04,Bacterial metabolite exposure; no exercise context.,EXCLUDE_TITLE,TI02,,TI02,,,
sample_verify,FS-012771,Kinetics of G1/S and G2/M transition in X-irradiated ataxia-telangiectasia cells,CANCER DETECTION AND PREVENTION,1997,EXCLUDE_TITLE,TI04,Title names X-irradiation without exercise context.,EXCLUDE_TITLE,TI02,,TI02,,,
sample_verify,FS-012825,"CYTOKINES, NITRIC-OXIDE SYNTHESIS AND LIVER-REGENERATION",JOURNAL OF GASTROENTEROLOGY AND HEPATOLOGY,1995,EXCLUDE_TITLE,TI04,Title concerns liver regeneration without exercise context.,ADVANCE_TO_ABSTRACT,,题名含细胞因子及 NO，未明确研究暴露、物种或来源类型。,TI04,,,
sample_verify,FS-012866,TUMOR-NECROSIS-FACTOR INCREASES STABILITY OF INTERLEUKIN-1 MESSENGER-RNA BY ACTIVATING PROTEIN-KINASE-C,JOURNAL OF BIOLOGICAL CHEMISTRY,1993,EXCLUDE_TITLE,TI04,Title describes cytokine signaling without exercise context.,ADVANCE_TO_ABSTRACT,,题名只描述 TNF 与 IL-1 分子调节，未明确实际实验暴露，不能推定非运动研究。,TI04,,,
sample_verify,FS-012899,THE EARLY INDUCTION OF THE ACTIN-SEQUESTERING PEPTIDE THYMOSIN-BETA-4 IN THYMOCYTES DEPENDS ON THE PROLIFERATIVE STIMULUS,BIOCHIMICA ET BIOPHYSICA ACTA,1991,EXCLUDE_TITLE,TI04,Proliferative stimulus is the only named exposure.,ADVANCE_TO_ABSTRACT,,proliferative stimulus 未说明刺激来源，题名含胸腺细胞与蛋白，不能明确非运动暴露或仅细胞培养。,TI04,,,
sample_verify,FS-012904,"DIFFERENTIAL REGULATION OF THE TUMOR SUPPRESSOR MOLECULES, RETINOBLASTOMA SUSCEPTIBILITY GENE-PRODUCT (RB) AND P53, DURING CELL-CYCLE PROGRESSION OF NORMAL HUMAN T-CELLS",JOURNAL OF IMMUNOLOGY,1991,EXCLUDE_TITLE,TI04,Cell-cycle progression is the only named context.,ADVANCE_TO_ABSTRACT,,题名仅列正常人 T 细胞中的蛋白调节及细胞周期，未明确实际实验暴露或培养细胞。,TI04,,,
sample_verify,FS-012946,"CELLULAR EVENTS DURING MEMORY T-CELL ACTIVATION INVITRO - THE UCHL1 (180,000 MW) DETERMINANT IS NEWLY SYNTHESIZED AFTER MITOSIS",IMMUNOLOGY,1989,EXCLUDE_TITLE,TI04,Title concerns in vitro T-cell activation without exercise context.,EXCLUDE_TITLE,TI02,,TI02,,,
sample_verify,FS-013044,Sarcopenia in cognitive disorders: Toward a shared pathophysiological framework,OSTEOPOROSIS AND SARCOPENIA,2026,EXCLUDE_TITLE,TI04,Title concerns cognitive disorders and sarcopenia without exercise context.,ADVANCE_TO_ABSTRACT,,题名未交代研究暴露、具体指标或可确定的来源类型，疾病群体不能单独用于题名排除。,TI04,,,
sample_verify,FS-013065,Targeting exercise triggered irisin for therapeutic intervention of autism-associated social anxiety,JOURNAL OF PSYCHIATRIC RESEARCH,2026,EXCLUDE_TITLE,TI05,Named outcomes are irisin and social anxiety.,ADVANCE_TO_ABSTRACT,,题名明确运动触发的 irisin，未指明全部测量指标；临床应用背景不在题名排除清单。,TI05,,,
sample_verify,FS-013180,Differences in Self-Reported Food Allergy and Food-Associated Anaphylaxis by Race and Ethnicity Among SAPPHIRE Cohort Participants,JOURNAL OF ALLERGY AND CLINICAL IMMUNOLOGY-IN PRACTICE,2023,EXCLUDE_TITLE,TI04,Food allergy and anaphylaxis; no exercise context.,ADVANCE_TO_ABSTRACT,,题名为食物过敏及族群比较，未指明研究暴露或运动共因子。,TI04,,,
sample_verify,FS-013261,"Ultrastructural observations of mitochondrial morphology through the life cycle of the brown alga, <i>Mutiomo cylindricus</i> (Cutleriaceae, Tilopteridales)",PROTOPLASMA,2022,EXCLUDE_TITLE,TI04,Brown alga life cycle is a non-exercise topic.,EXCLUDE_TITLE,TI02,,TI04,,,
sample_verify,FS-013344,EFFECTS OF HUMIC ACIDS ON RECOVERY OF <i>SALMONELLA ENTERICA</i> SEROVAR ENTERITIDIS,ANNALS OF ANIMAL SCIENCE,2018,EXCLUDE_TITLE,TI04,Humic acids are the named exposure; no exercise context.,EXCLUDE_TITLE,TI02,,TI04,,,
sample_verify,FS-013612,"COUNTERPOINT: ESTROGEN AND SEX DO NOT SIGNIFICANTLY INFLUENCE POST-EXERCISE INDEXES OF MUSCLE DAMAGE, INFLAMMATION, AND REPAIR - REBUTTAL",JOURNAL OF APPLIED PHYSIOLOGY,2009,ADVANCE_TO_ABSTRACT,,,EXCLUDE_TITLE,TI01,,TI01,,,
sample_verify,FS-013770,Bone morphogenetic protein-2 induces apoptosis in human myeloma cells with modulation of STAT3,BLOOD,2000,EXCLUDE_TITLE,TI04,Protein treatment has no exercise context.,EXCLUDE_TITLE,TI02,,TI02,,,
sample_verify,FS-013808,Cell cycle-dependent transcriptional and proteolytic regulation of FtsZ in <i>Caulobacter</i>,GENES & DEVELOPMENT,1998,EXCLUDE_TITLE,TI04,Cell cycle regulation in Caulobacter; no exercise context.,EXCLUDE_TITLE,TI02,,TI04,,,
sample_verify,FS-013828,Interleukin-1-induced growth inhibition of human melanoma cells - Interleukin-1-induced antizyme expression is responsible for ornithine decarboxylase activity down-regulation,JOURNAL OF BIOLOGICAL CHEMISTRY,1997,EXCLUDE_TITLE,TI04,Interleukin-1 exposure with no exercise context.,EXCLUDE_TITLE,TI02,,TI02,,,
sample_verify,FS-013837,Interleukin-1 beta increases leukemia inhibitory factor mRNA levels through transient stimulation of transcription rate,GLIA,1996,EXCLUDE_TITLE,TI04,Title names interleukin-1 beta stimulation without exercise context.,ADVANCE_TO_ABSTRACT,,题名为 IL-1 与免疫基因转录调节，未明确给药或实际研究暴露。,TI04,,,
sample_verify,FS-013908,PREDICTION OF SUCCESSFUL EMBRYO IMPLANTATION BY MEASURING INTERLEUKIN-1-ALPHA AND IMMUNOSUPPRESSIVE FACTORS(S) IN PREIMPLANTATION EMBRYO CULTURE FLUID,FERTILITY AND STERILITY,1991,EXCLUDE_TITLE,TI04,Embryo implantation is the topic; no exercise context is named.,ADVANCE_TO_ABSTRACT,,胚胎培养液中的免疫因子可来自人临床样本；题名未明确全部为非人类、仅细胞或实际暴露。,TI04,,,
sample_verify,FS-013965,SISTER-CHROMATID-EXCHANGES IN HUMAN-LEUKOCYTE CHROMOSOMES - SPONTANEOUS AND INDUCED FREQUENCIES IN EARLY-PROLIFERATING AND LATE-PROLIFERATING CELLS INVITRO,HUMAN GENETICS,1979,ADVANCE_TO_ABSTRACT,,,EXCLUDE_TITLE,TI02,,TI02,,,
sample_verify,FS-013968,REGULATORY SUBSTANCES PRODUCED BY LYMPHOCYTES .8. CELL-CYCLE SPECIFICITY OF INHIBITOR OF DNA-SYNTHESIS (IDS) ACTION IN LYMPHOCYTES,JOURNAL OF IMMUNOLOGY,1978,EXCLUDE_TITLE,TI04,Title concerns inhibitor action in lymphocytes without exercise context.,ADVANCE_TO_ABSTRACT,,题名只列淋巴细胞调节物及 DNA 合成机制，未明确物种、细胞培养或非运动实验暴露。,TI04,,,
sample_verify,FS-014008,Resistance of <i>Borrelia burgdorferi</i> Sensu Lato Isolates from Serbia to Human Complement,PATHOGENS,2026,EXCLUDE_TITLE,TI04,Bacterial resistance to human complement; no exercise context.,EXCLUDE_TITLE,TI02,,TI04,,,
sample_verify,FS-014127,Impact of Circadian Clock <i>PER2</i> Gene Overexpression on Rumen Epithelial Cell Dynamics and VFA Transport Protein Expression,INTERNATIONAL JOURNAL OF MOLECULAR SCIENCES,2024,EXCLUDE_TITLE,TI04,Gene overexpression is the exposure; no exercise context is named.,EXCLUDE_TITLE,TI02,,TI02,,,
sample_verify,FS-014157,"A Randomized Trial of Therapeutic Ultrasound on Pain, Tenderness, and Muscle Stiffness Using a High and Low Intensity Model of Delayed Onset Muscle Soreness",PHYSIOTHERAPY CANADA,2025,EXCLUDE_TITLE,TI04,Therapeutic ultrasound is the exposure; no exercise context is named.,EXCLUDE_TITLE,TI05,,TI05,,,
sample_verify,FS-014193,Secreted Cytokines within the Urine of AKI Patients Modulate TP53 and SIRT1 Levels in a Human Podocyte Cell Model,INTERNATIONAL JOURNAL OF MOLECULAR SCIENCES,2023,EXCLUDE_TITLE,TI04,Patient urine and cell-model effects have no exercise context.,ADVANCE_TO_ABSTRACT,,题名明确有人 AKI 尿液样本，不能认定仅细胞；未说明实际研究暴露，临床人群不作题名排除理由。,TI02,,,
sample_verify,FS-014205,Treatment of Ready-To-Eat Cooked Meat Products with Cold Atmospheric Plasma to Inactivate <i>Listeria</i> and <i>Escherichia coli</i>,FOODS,2023,EXCLUDE_TITLE,TI04,Food treatment has no exercise context.,EXCLUDE_TITLE,TI02,,TI04,,,
sample_verify,FS-014247,Irisin reduces inflammatory signaling pathways in inflammation-mediated metabolic syndrome,MOLECULAR AND CELLULAR ENDOCRINOLOGY,2022,EXCLUDE_TITLE,TI04,Irisin is the topic; no exercise context is named.,ADVANCE_TO_ABSTRACT,,题名只列 irisin 与炎症信号，未明示给药或实际实验暴露。,TI04,,,
sample_verify,FS-014266,Inhibition of Axl: Enhancement of Erlotinib Cytotoxicity in Human Pancreatic Cancer Cells,INDIAN JOURNAL OF PHARMACEUTICAL SCIENCES,2022,EXCLUDE_TITLE,TI04,Erlotinib treatment is named without exercise context.,EXCLUDE_TITLE,TI02,,TI02,,,
sample_verify,FS-014287,Ankyrin-repeat and SOCS box-containing protein 9 (ASB9) regulates ovarian granulosa cells function and MAPK signaling,MOLECULAR REPRODUCTION AND DEVELOPMENT,2021,EXCLUDE_TITLE,TI04,ASB9 regulation is the topic; no exercise context is named.,ADVANCE_TO_ABSTRACT,,题名仅列具名蛋白、细胞功能和信号通路，未明确物种、培养细胞或实际研究暴露。,TI04,,,
sample_verify,FS-014320,Solidagenone acts on promastigotes of <i>L</i>. <i>amazonensis</i> by inducing apoptosis-like processes on intracellular amastigotes by IL-12p70/ROS/NO pathway activation,PHYTOMEDICINE,2021,EXCLUDE_TITLE,TI04,Title describes a compound’s effects without exercise context.,EXCLUDE_TITLE,TI02,,TI04,,,
sample_verify,FS-014329,Patients with Subarachnoid Hemorrhage Exhibit Disturbed Expression Patterns of the Circadian Rhythm Gene <i>Period-2</i>,LIFE-BASEL,2021,EXCLUDE_TITLE,TI04,Title concerns subarachnoid hemorrhage with no exercise context.,ADVANCE_TO_ABSTRACT,,题名含患者基因表达，未指明研究暴露，临床群体本身不是题名排除理由。,TI04,,,
sample_verify,FS-014597,Time-dependent variation in the responses to the web-based ISAAC questionnaire,ANNALS OF ALLERGY ASTHMA & IMMUNOLOGY,2014,EXCLUDE_TITLE,TI04,Title concerns questionnaire responses without exercise context.,ADVANCE_TO_ABSTRACT,,题名未说明人群、暴露或具体结局；不能凭问卷缩写猜测年龄或免疫内容。,TI04,,,
sample_verify,FS-014665,FAM190A Deficiency Creates a Cell Division Defect,AMERICAN JOURNAL OF PATHOLOGY,2013,EXCLUDE_TITLE,TI04,Gene deficiency and cell division are the stated topics; no exercise context.,ADVANCE_TO_ABSTRACT,,题名只列基因缺失及细胞分裂机制，未明确物种、培养细胞或实际实验暴露。,TI04,,,
sample_verify,FS-014697,<i>In Vitro</i> Inhibitory Effects of the Herbal-Marine Compound HESA-A Against Replication of Human Immunodeficiency Virus-1,JUNDISHAPUR JOURNAL OF MICROBIOLOGY,2012,EXCLUDE_TITLE,TI04,"Title concerns compound effects on viral replication, with no exercise context.",EXCLUDE_TITLE,TI02,,TI04,,,
sample_verify,FS-014740,The critical role of VEGF in skeletal muscle angiogenesis and blood flow,BIOCHEMICAL SOCIETY TRANSACTIONS,2011,EXCLUDE_TITLE,TI04,VEGF signaling is the topic; no exercise context.,ADVANCE_TO_ABSTRACT,,题名含 VEGF 蛋白及血流，未明确研究暴露，不能推定无运动或免疫相关内容。,TI05,,,
sample_verify,FS-014753,Deciphering the luteal transcriptome: potential mechanisms mediating stage-specific luteolytic response of the corpus luteum to prostaglandin F<sub>2α</sub>,PHYSIOLOGICAL GENOMICS,2011,EXCLUDE_TITLE,TI04,Prostaglandin response with no exercise context.,ADVANCE_TO_ABSTRACT,,题名含转录组及具名介质反应，未明确实际实验暴露或物种，保留到摘要判断。,TI04,,,
sample_verify,FS-014836,Of Bars and Rings: Hof1-Dependent Cytokinesis in Multiseptated Hyphae of <i>Ashbya gossypii</i>,MOLECULAR AND CELLULAR BIOLOGY,2009,EXCLUDE_TITLE,TI04,Fungal cytokinesis is named without exercise context.,EXCLUDE_TITLE,TI02,,TI04,,,
sample_verify,FS-014859,Flavopiridol potentiates the cytotoxic effects of radiation in radioresistant tumor cells in which p53 is mutated or Bcl-2 is overexpressed,INTERNATIONAL JOURNAL OF RADIATION ONCOLOGY BIOLOGY PHYSICS,2008,EXCLUDE_TITLE,TI04,Drug and radiation exposures are named without exercise context.,EXCLUDE_TITLE,TI02,,TI02,,,
sample_verify,FS-014997,In vitro antigenotoxic potential of acitretin in human lymphocytes treated with the antineoplastic alkylating agent ASE (NSC-71964),TOXICOLOGY IN VITRO,2004,EXCLUDE_TITLE,TI04,Drug treatment of human lymphocytes; no exercise context.,EXCLUDE_TITLE,TI02,,TI04,,,
sample_verify,FS-015014,Availability of specific reductases controls the temporal activity of the cytochrome P450 complement of <i>Streptomyces coelicolor</i> A3(2),PROCEEDINGS OF THE NATIONAL ACADEMY OF SCIENCES OF THE UNITED STATES OF AMERICA,2004,EXCLUDE_TITLE,TI04,Bacterial enzyme activity; no exercise context.,EXCLUDE_TITLE,TI02,,TI04,,,
sample_verify,FS-015035,Microarray profiling of gene expression during trypomastigote to amastigote transition in <i>Trypanosoma cruzi</i>,MOLECULAR AND BIOCHEMICAL PARASITOLOGY,2003,EXCLUDE_TITLE,TI04,Parasite life-stage transition; no exercise context.,EXCLUDE_TITLE,TI02,,TI04,,,
sample_verify,FS-015090,Phosphorylation at threonine-18 in addition to phosphorylation at serine-19 on myosin-II regulatory light chain is a mitosis-specific event,CYTOMETRY,2002,EXCLUDE_TITLE,TI04,Mitosis-specific phosphorylation has no exercise context.,ADVANCE_TO_ABSTRACT,,题名只列蛋白磷酸化及细胞周期，未明示培养细胞、物种或实际研究暴露。,TI04,,,
sample_verify,FS-015174,Enhancing effect of electric stimulation on cytotoxicity of anticancer agents against rat and human glioma cells,BRAIN RESEARCH BULLETIN,2000,EXCLUDE_TITLE,TI04,Electric stimulation and anticancer agents; no exercise context.,EXCLUDE_TITLE,TI02,,TI02,,,
sample_verify,FS-015207,Application of reuterin produced by <i>Lactobacillus reuteri</i> 12002 for meat decontamination and preservation,JOURNAL OF FOOD PROTECTION,1999,EXCLUDE_TITLE,TI04,Title concerns meat preservation without exercise context.,EXCLUDE_TITLE,TI02,,TI04,,,
sample_verify,FS-015212,Ribavirin and quercetin synergistically downregulate signal transduction and are cytotoxic in human ovarian carcinoma cells,ONCOLOGY RESEARCH,1999,EXCLUDE_TITLE,TI04,Drug exposure; no exercise context.,EXCLUDE_TITLE,TI02,,TI02,,,
sample_verify,FS-015226,Superior cytotoxicity with ganciclovir compared with acyclovir and 1-β-D-arabinofuranosylthymine in herpes simplex virus thymidine kinase-expressing cells:: A novel paradigm for cell killing,CANCER RESEARCH,1998,EXCLUDE_TITLE,TI04,Drug comparison; no exercise context.,EXCLUDE_TITLE,TI02,,TI02,,,
sample_verify,FS-015298,"Oncostatin M induces basic fibroblast growth factor expression in endothelial cells and promotes endothelial cell proliferation, migration and spindle morphology",JOURNAL OF CELL SCIENCE,1997,EXCLUDE_TITLE,TI04,Oncostatin M exposure; no exercise context.,ADVANCE_TO_ABSTRACT,,题名只描述具名免疫介质与细胞功能，未明确给药、培养细胞或实际研究暴露。,TI02,,,
sample_verify,FS-015300,A single 13-kilobase divergent locus in the Kaposi sarcoma-associated herpesvirus (human herpesvirus 8) genome contains nine open reading frames that are homologous to or related to cellular proteins,JOURNAL OF VIROLOGY,1997,EXCLUDE_TITLE,TI04,Viral genome topic; no exercise context.,EXCLUDE_TITLE,TI02,,TI04,,,
sample_verify,FS-015324,"Alpha interferon suppresses the cyclin D3 and cdc25A genes, leading to a reversible G(0)-like arrest",MOLECULAR AND CELLULAR BIOLOGY,1996,EXCLUDE_TITLE,TI04,Interferon exposure; no exercise context.,ADVANCE_TO_ABSTRACT,,题名为 interferon 与基因/细胞周期调节，未明示给药、物种或仅培养细胞。,TI04,,,
sample_verify,FS-015487,"ANTIPROLIFERATIVE ACTIVITY OF A PREGNANCY RECOGNITION HORMONE, OVINE TROPHOBLAST PROTEIN-1",CANCER RESEARCH,1991,EXCLUDE_TITLE,TI04,Title concerns a pregnancy recognition hormone without exercise context.,ADVANCE_TO_ABSTRACT,,ovine 是蛋白来源，不能据此确认动物队列；题名未明确实际暴露、物种或细胞培养。,TI04,,,
sample_verify,FS-015511,INDUCTION OF IMMEDIATE EARLY RESPONSE GENES BY MACROPHAGE COLONY-STIMULATING FACTOR IN NORMAL HUMAN MONOCYTES,JOURNAL OF IMMUNOLOGY,1990,EXCLUDE_TITLE,TI04,Macrophage colony-stimulating factor is the named exposure; no exercise context.,ADVANCE_TO_ABSTRACT,,题名只描述免疫介质与人单核细胞基因反应，未明示给药或细胞培养，实际暴露不能推定。,TI04,,,
sample_verify,FS-015516,SURFACE-ADHERENT GROWTH OF LISTERIA-MONOCYTOGENES IS ASSOCIATED WITH INCREASED RESISTANCE TO SURFACTANT SANITIZERS AND HEAT,JOURNAL OF FOOD PROTECTION,1990,EXCLUDE_TITLE,TI04,Bacterial resistance to sanitizers and heat; no exercise context.,EXCLUDE_TITLE,TI02,,TI04,,,
sample_verify,FS-015552,FATE OF LISTERIA-MONOCYTOGENES ON READY TO SERVE LETTUCE,JOURNAL OF FOOD PROTECTION,1988,EXCLUDE_TITLE,TI04,Food contamination topic; no exercise context.,EXCLUDE_TITLE,TI02,,TI04,,,
