record_id,input_tokens,cached_input_tokens,output_tokens,reasoning_tokens,seconds,valid,timestamp
FS-000460,36861,0,37800,6408,463.9,True,2026-10-09T13:12:06Z
FS-000124,36120,35968,24559,2423,297.3,True,2026-10-09T13:09:19Z
FS-002014,35623,0,25129,1374,230.2,True,2026-10-09T13:17:31Z
FS-001311,30223,14848,18849,2065,239.1,True,2026-10-09T13:17:40Z
FS-001124,27931,0,24389,1131,288.5,True,2026-10-09T13:18:30Z
FS-001224,36048,0,34068,3787,402.4,True,2026-10-09T13:20:24Z
FS-000504,31424,0,33942,2032,406.1,True,2026-10-09T13:20:27Z
FS-002039,66686,32512,50484,2085,484.6,True,2026-10-09T13:21:46Z
FS-002122,28784,17536,20984,2271,263.3,True,2026-10-09T13:21:55Z
FS-002162,86244,72832,28690,4875,301.5,True,2026-10-09T13:23:31Z
FS-002123,70439,33920,36638,3646,382.5,True,2026-10-09T13:24:03Z
FS-002374,33454,0,29134,2488,354.7,True,2026-10-09T13:26:22Z
FS-002626,33334,17536,22107,2906,277.9,True,2026-10-09T13:26:33Z
FS-002283,101696,66176,51983,2626,462.6,True,2026-10-09T13:28:06Z
FS-002635,34757,14848,27848,3636,347.0,True,2026-10-09T13:29:18Z
FS-002532,35968,17536,42643,2736,493.8,True,2026-10-09T13:30:00Z
FS-002754,33384,17536,12698,2925,145.4,True,2026-10-09T13:30:32Z
FS-002678,31630,17536,37491,2387,433.7,True,2026-10-09T13:31:17Z
FS-002742,36186,35968,24055,2248,301.2,True,2026-10-09T13:31:34Z
FS-003045,33588,17536,19574,4502,209.9,True,2026-10-09T13:34:02Z
FS-002772,28727,17536,31713,2257,317.6,True,2026-10-09T13:34:36Z
FS-002739,34322,17536,47388,2157,553.5,True,2026-10-09T13:35:36Z
FS-003169,31882,17536,28399,2669,265.5,True,2026-10-09T13:35:59Z
FS-003116,31880,17536,25387,4069,318.5,True,2026-10-09T13:36:35Z
FS-003525,0,0,0,0,0,False,2026-10-09T14:00:58Z
FS-002911,114156,91008,40858,4194,500.0,True,2026-10-09T13:38:20Z
FS-003445,0,0,0,0,0,False,2026-10-09T14:00:58Z
FS-003373,32079,17536,40340,3794,483.5,True,2026-10-09T13:43:39Z
FS-003556,73341,52864,42525,4544,399.5,True,2026-10-09T13:43:58Z
FS-003371,36978,14848,50970,4125,561.8,True,2026-10-09T13:43:58Z
FS-003698,34151,0,31278,3092,289.4,True,2026-10-09T13:44:04Z
FS-003206,67615,50176,57467,4437,668.6,True,2026-10-09T13:45:10Z
FS-003744,30000,17536,19920,3240,244.9,True,2026-10-09T13:47:44Z
FS-003695,384997,344064,42552,6457,576.5,True,2026-10-09T13:47:56Z
FS-003808,36255,17536,25517,2916,264.6,True,2026-10-09T13:49:35Z
FS-003828,33193,0,10912,2588,122.4,True,2026-10-09T13:49:47Z
FS-003797,67358,48896,31732,6399,408.7,True,2026-10-09T13:50:53Z
FS-003753,73412,53248,43803,3148,509.0,True,2026-10-09T13:52:27Z
FS-003778,32874,32640,48465,3055,546.4,True,2026-10-09T13:53:04Z
FS-004011,35579,17536,22348,6340,235.5,True,2026-10-09T13:53:42Z
FS-004136,32028,17536,22621,2065,222.9,True,2026-10-09T13:54:36Z
FS-003844,316766,278656,53365,7823,517.7,True,2026-10-09T13:56:34Z
FS-004193,31858,17536,22167,5207,248.3,True,2026-10-09T13:57:13Z
FS-004252,0,0,0,0,0,False,2026-10-09T14:00:58Z
FS-004269,0,0,0,0,0,False,2026-10-09T14:00:58Z
FS-004303,0,0,0,0,0,False,2026-10-09T14:00:58Z
FS-004308,0,0,0,0,0,False,2026-10-09T14:00:58Z
FS-004336,0,0,0,0,0,False,2026-10-09T14:01:00Z
FS-004349,0,0,0,0,0,False,2026-10-09T14:00:59Z
FS-004374,0,0,0,0,0,False,2026-10-09T14:01:00Z
FS-004392,0,0,0,0,0,False,2026-10-09T14:01:00Z
FS-004414,0,0,0,0,0,False,2026-10-09T14:01:00Z
FS-004434,0,0,0,0,0,False,2026-10-09T14:01:00Z
FS-004544,0,0,0,0,0,False,2026-10-09T14:01:01Z
FS-004586,0,0,0,0,0,False,2026-10-09T14:01:01Z
FS-004624,0,0,0,0,0,False,2026-10-09T14:01:01Z
FS-004640,0,0,0,0,0,False,2026-10-09T14:01:01Z
FS-004648,0,0,0,0,0,False,2026-10-09T14:01:02Z
FS-004712,0,0,0,0,0,False,2026-10-09T14:01:02Z
FS-004719,0,0,0,0,0,False,2026-10-09T14:01:03Z
FS-004786,0,0,0,0,0,False,2026-10-09T14:01:03Z
FS-004798,0,0,0,0,0,False,2026-10-09T14:01:03Z
FS-004826,0,0,0,0,0,False,2026-10-09T14:01:04Z
FS-004886,0,0,0,0,0,False,2026-10-09T14:01:04Z
FS-005045,0,0,0,0,0,False,2026-10-09T14:01:04Z
FS-005046,0,0,0,0,0,False,2026-10-09T14:01:05Z
FS-005129,0,0,0,0,0,False,2026-10-09T14:01:05Z
FS-005165,0,0,0,0,0,False,2026-10-09T14:01:07Z
FS-005226,0,0,0,0,0,False,2026-10-09T14:01:05Z
FS-005301,0,0,0,0,0,False,2026-10-09T14:01:06Z
FS-005385,0,0,0,0,0,False,2026-10-09T14:01:06Z
FS-005424,0,0,0,0,0,False,2026-10-09T14:01:06Z
FS-005450,0,0,0,0,0,False,2026-10-09T14:01:07Z
FS-005458,0,0,0,0,0,False,2026-10-09T14:01:07Z
FS-005516,0,0,0,0,0,False,2026-10-09T14:01:07Z
FS-005528,0,0,0,0,0,False,2026-10-09T14:01:08Z
FS-003994,0,0,0,0,0,False,2026-10-09T14:01:08Z
FS-005605,0,0,0,0,0,False,2026-10-09T14:01:08Z
FS-005624,0,0,0,0,0,False,2026-10-09T14:01:09Z
FS-005719,0,0,0,0,0,False,2026-10-09T14:01:08Z
FS-005701,0,0,0,0,0,False,2026-10-09T14:01:09Z
FS-005727,0,0,0,0,0,False,2026-10-09T14:01:09Z
FS-005741,0,0,0,0,0,False,2026-10-09T14:01:10Z
FS-005770,0,0,0,0,0,False,2026-10-09T14:01:10Z
FS-005870,0,0,0,0,0,False,2026-10-09T14:01:10Z
FS-005864,0,0,0,0,0,False,2026-10-09T14:01:11Z
FS-005884,0,0,0,0,0,False,2026-10-09T14:01:12Z
FS-005905,0,0,0,0,0,False,2026-10-09T14:01:11Z
FS-005931,0,0,0,0,0,False,2026-10-09T14:01:13Z
FS-005966,0,0,0,0,0,False,2026-10-09T14:01:12Z
FS-005971,0,0,0,0,0,False,2026-10-09T14:01:12Z
FS-005991,0,0,0,0,0,False,2026-10-09T14:01:13Z
FS-005990,0,0,0,0,0,False,2026-10-09T14:01:13Z
FS-006018,0,0,0,0,0,False,2026-10-09T14:01:13Z
FS-006008,0,0,0,0,0,False,2026-10-09T14:01:13Z
FS-006024,0,0,0,0,0,False,2026-10-09T14:01:14Z
FS-006034,0,0,0,0,0,False,2026-10-09T14:01:14Z
FS-006131,0,0,0,0,0,False,2026-10-09T14:01:15Z
FS-006144,0,0,0,0,0,False,2026-10-09T14:01:15Z
FS-006218,0,0,0,0,0,False,2026-10-09T14:01:16Z
FS-006191,0,0,0,0,0,False,2026-10-09T14:01:15Z
FS-006250,0,0,0,0,0,False,2026-10-09T14:01:15Z
FS-006233,0,0,0,0,0,False,2026-10-09T14:01:16Z
FS-006319,0,0,0,0,0,False,2026-10-09T14:01:17Z
FS-006275,0,0,0,0,0,False,2026-10-09T14:01:17Z
FS-006342,0,0,0,0,0,False,2026-10-09T14:01:17Z
FS-006416,0,0,0,0,0,False,2026-10-09T14:01:17Z
FS-006424,0,0,0,0,0,False,2026-10-09T14:01:17Z
FS-006430,0,0,0,0,0,False,2026-10-09T14:01:18Z
FS-006439,0,0,0,0,0,False,2026-10-09T14:01:19Z
FS-006440,0,0,0,0,0,False,2026-10-09T14:01:19Z
FS-006450,0,0,0,0,0,False,2026-10-09T14:01:19Z
FS-006506,0,0,0,0,0,False,2026-10-09T14:01:19Z
FS-006534,0,0,0,0,0,False,2026-10-09T14:01:19Z
FS-006539,0,0,0,0,0,False,2026-10-09T14:01:20Z
FS-006554,0,0,0,0,0,False,2026-10-09T14:01:21Z
FS-006567,0,0,0,0,0,False,2026-10-09T14:01:20Z
FS-006627,0,0,0,0,0,False,2026-10-09T14:01:21Z
FS-006662,0,0,0,0,0,False,2026-10-09T14:01:21Z
FS-006681,0,0,0,0,0,False,2026-10-09T14:01:21Z
FS-006684,0,0,0,0,0,False,2026-10-09T14:01:21Z
FS-006697,0,0,0,0,0,False,2026-10-09T14:01:22Z
FS-006699,0,0,0,0,0,False,2026-10-09T14:01:22Z
FS-006745,0,0,0,0,0,False,2026-10-09T14:01:22Z
FS-006749,0,0,0,0,0,False,2026-10-09T14:01:24Z
FS-006751,0,0,0,0,0,False,2026-10-09T14:01:23Z
FS-006754,0,0,0,0,0,False,2026-10-09T14:01:23Z
FS-006779,0,0,0,0,0,False,2026-10-09T14:01:24Z
FS-006787,0,0,0,0,0,False,2026-10-09T14:01:24Z
FS-006824,0,0,0,0,0,False,2026-10-09T14:01:24Z
FS-006828,0,0,0,0,0,False,2026-10-09T14:01:24Z
FS-006871,0,0,0,0,0,False,2026-10-09T14:01:24Z
FS-006881,0,0,0,0,0,False,2026-10-09T14:01:25Z
FS-006883,0,0,0,0,0,False,2026-10-09T14:01:26Z
FS-006928,0,0,0,0,0,False,2026-10-09T14:01:26Z
FS-006942,0,0,0,0,0,False,2026-10-09T14:01:26Z
FS-006955,0,0,0,0,0,False,2026-10-09T14:01:26Z
FS-007011,0,0,0,0,0,False,2026-10-09T14:01:26Z
FS-007098,0,0,0,0,0,False,2026-10-09T14:01:28Z
FS-007132,0,0,0,0,0,False,2026-10-09T14:01:27Z
FS-004152,31707,17536,33472,2405,400.3,True,2026-10-09T13:59:07Z
FS-007158,0,0,0,0,0,False,2026-10-09T14:01:27Z
FS-007237,0,0,0,0,0,False,2026-10-09T14:01:28Z
FS-007251,0,0,0,0,0,False,2026-10-09T14:01:28Z
FS-007168,0,0,0,0,0,False,2026-10-09T14:01:28Z
FS-007261,0,0,0,0,0,False,2026-10-09T14:01:29Z
FS-007328,0,0,0,0,0,False,2026-10-09T14:01:29Z
FS-007441,0,0,0,0,0,False,2026-10-09T14:01:30Z
FS-007930,0,0,0,0,0,False,2026-10-09T14:01:29Z
FS-008442,0,0,0,0,0,False,2026-10-09T14:01:29Z
FS-008029,0,0,0,0,0,False,2026-10-09T14:01:30Z
FS-009159,0,0,0,0,0,False,2026-10-09T14:01:31Z
FS-008505,0,0,0,0,0,False,2026-10-09T14:01:30Z
FS-009203,0,0,0,0,0,False,2026-10-09T14:01:31Z
FS-010146,0,0,0,0,0,False,2026-10-09T14:01:31Z
FS-009645,0,0,0,0,0,False,2026-10-09T14:01:32Z
FS-013354,0,0,0,0,0,False,2026-10-09T14:01:32Z
FS-010204,0,0,0,0,0,False,2026-10-09T14:01:32Z
FS-004210,70191,51072,31058,3476,378.2,True,2026-10-09T14:00:00Z
FS-004226,29610,17536,30734,2382,376.7,True,2026-10-09T14:00:53Z
FS-004243,33121,0,25759,2281,261.7,True,2026-10-09T14:00:56Z
