record_id,year,sol_ft_disposition,c_ft_disposition,age_rule_check,ft_validation_subtypes,triage_E5_subtypes,scope_stream,n_cohorts,n_recruited,sport,adult_stratum_separable,older_adult_subgroup,author_window_interpretation,omics,n_sample_sets,n_measurements,n_precision_rows,marker_families
FS-001493,2009,AWAITING_CLASSIFICATION,INCLUDE_B,mean_minus_2SD_below_18_unresolved,repeated_monitoring,repeated_monitoring,A_core_acute;B_support_repeated_bouts,1,8,Kendo,UNCLEAR,NR,redistribution_interpretation;no_window_interpretation,no,10,12,21,T_cell_subsets_or_function;leukocyte_redistribution;other
FS-002039,2011,INCLUDE_A_AND_B,INCLUDE_A_AND_B,adults_confirmed,repeated_monitoring,repeated_monitoring,A_core_acute;B_support_repeated_bouts,4,13;9;6;5,Cycle ergometry study; habitual sport NR; NR; NR; Cycle ergometry study; habitual sport NR,UNCLEAR;all_participants_adult,NR;no_older_adult_stratum,immunosuppression_or_susceptibility_without_term,no,18,44,28,neutrophil_function
FS-002122,2011,INCLUDE_A_AND_B,INCLUDE_A,adults_confirmed,metric_validation,repeated_monitoring,A_core_acute;B_support_repeated_bouts,1,9,NR,all_participants_adult,no_older_adult_stratum,no_window_interpretation,no,9,14,7,cytokine_or_inflammatory_mediator
FS-002162,2012,INCLUDE_A_AND_B,INCLUDE_A_AND_B,adults_confirmed,metric_validation;outcome_linkage;repeated_monitoring,metric_validation,A_core_acute;B_support_repeated_bouts,1,22,Trail running,all_participants_adult,no_older_adult_stratum,no_window_interpretation,no,32,8,14,immunoglobulin_or_complement;leukocyte_redistribution
FS-002264,2012,AWAITING_CLASSIFICATION,AWAITING_CLASSIFICATION,not_applicable,omics_discovery,omics_discovery,A_core_acute,1,25,Marathon running,UNCLEAR,NR,no_window_interpretation,yes,3,30,7,cytokine_or_inflammatory_mediator;immunoglobulin_or_complement;other;proteome
FS-002532,2013,INCLUDE_A,INCLUDE_B,adults_confirmed,metric_validation,omics_discovery,A_core_acute,1,38,Long-distance running; marathon and half,all_participants_adult,no_older_adult_stratum,no_window_interpretation,yes,24,44,28,cytokine_or_inflammatory_mediator;leukocyte_redistribution;metabolome_or_lipidome;other
FS-002626,2014,INCLUDE_A,INCLUDE_A,adults_confirmed,,omics_discovery,A_core_acute,1,15,Distance running,UNCLEAR,no_older_adult_stratum,no_window_interpretation,no,6,13,21,cytokine_or_inflammatory_mediator;leukocyte_redistribution;ncRNA
FS-002739,2014,AWAITING_CLASSIFICATION,INCLUDE_A,mean_minus_2SD_below_18_unresolved,omics_discovery,omics_discovery,A_core_acute,1,22,NR,all_participants_adult,no_older_adult_stratum,no_window_interpretation,yes,26,29,21,T_cell_subsets_or_function;immune_cell_transcriptome;ncRNA
FS-002772,2014,AWAITING_CLASSIFICATION,AWAITING_CLASSIFICATION,mean_minus_2SD_below_18_unresolved,omics_discovery,omics_discovery,A_core_acute,1,3,Road cycling,UNCLEAR,NR,no_window_interpretation,yes,3,41,14,cytokine_or_inflammatory_mediator;immune_cell_transcriptome;other
FS-002905,2014,INCLUDE_A,INCLUDE_A,adults_confirmed,,metric_validation,A_core_acute,1,43,Running,all_participants_adult,no_older_adult_stratum,no_window_interpretation,no,2,34,14,leukocyte_redistribution;other
FS-002911,2014,INCLUDE_A_AND_B,INCLUDE_A,adults_confirmed,metric_validation;omics_discovery,omics_discovery,A_core_acute;B_support_repeated_bouts,1,20,Road cycling,all_participants_adult,no_older_adult_stratum,immunosuppression_or_susceptibility_without_term,yes,20,47,35,cytokine_or_inflammatory_mediator;leukocyte_redistribution;metabolome_or_lipidome;neutrophil_function;other
FS-002928,2015,AWAITING_CLASSIFICATION,AWAITING_CLASSIFICATION,mean_minus_2SD_below_18_unresolved,metric_validation,metric_validation;repeated_monitoring,A_core_acute;B_support_repeated_bouts,1,10,NR,UNCLEAR,no_older_adult_stratum,no_window_interpretation,no,8,11,8,cytokine_or_inflammatory_mediator
FS-003116,2014,AWAITING_CLASSIFICATION,AWAITING_CLASSIFICATION,mean_minus_2SD_below_18_unresolved,repeated_monitoring,repeated_monitoring,A_core_acute;B_support_repeated_bouts,1,28,Endurance running,all_participants_adult,no_older_adult_stratum,immunosuppression_or_susceptibility_without_term,no,12,21,7,cytokine_or_inflammatory_mediator
FS-003169,2016,INCLUDE_A,INCLUDE_A,adults_confirmed,metric_validation,metric_validation,A_core_acute,1,92,Marathon running,all_participants_adult,no_older_adult_stratum,redistribution_interpretation,no,4,19,7,immunoglobulin_or_complement;other
FS-003190,2015,AWAITING_CLASSIFICATION,AWAITING_CLASSIFICATION,mean_minus_2SD_below_18_unresolved,,outcome_linkage,A_core_acute;B_support_repeated_bouts,1,29,Judo,all_participants_adult,no_older_adult_stratum,immunosuppression_or_susceptibility_without_term,no,24,12,7,immunoglobulin_or_complement
FS-003206,2016,INCLUDE_A_AND_B,INCLUDE_A,adults_confirmed,metric_validation;outcome_linkage;repeated_monitoring,metric_validation;outcome_linkage,A_core_acute,3,40;13;13,NR; Treadmill running; Uphill treadmill walking,UNCLEAR;all_participants_adult,no_older_adult_stratum,explicit_open_window_term,no,56,33,4,mucosal_sIgA;other
FS-003303,2016,AWAITING_CLASSIFICATION,AWAITING_CLASSIFICATION,mean_minus_2SD_below_18_unresolved,repeated_monitoring,repeated_monitoring,A_core_acute,1,18,Road cycling,UNCLEAR,no_older_adult_stratum,no_window_interpretation,no,26,4,7,mucosal_sIgA
FS-003371,2016,AWAITING_CLASSIFICATION,INCLUDE_A,mean_minus_2SD_below_18_unresolved,,omics_discovery,A_core_acute,2,19;17,Endurance exercise; NR,NR,no_older_adult_stratum,no_window_interpretation,no,12,0,0,
FS-003445,2016,AWAITING_CLASSIFICATION,AWAITING_CLASSIFICATION,mean_minus_2SD_below_18_unresolved,repeated_monitoring,repeated_monitoring,A_core_acute;B_support_repeated_bouts,1,24,Recreationally active; cycling test and ,all_participants_adult,no_older_adult_stratum,immunosuppression_or_susceptibility_without_term,no,18,10,21,cytokine_or_inflammatory_mediator;immunoglobulin_or_complement;other
FS-003464,2016,INCLUDE_A_AND_B,INCLUDE_A,adults_confirmed,,outcome_linkage;repeated_monitoring,A_core_acute;B_support_repeated_bouts,1,10,Taekwondo,all_participants_adult,no_older_adult_stratum,no_window_interpretation,no,4,11,7,cytokine_or_inflammatory_mediator
FS-003525,2016,AWAITING_CLASSIFICATION,AWAITING_CLASSIFICATION,mean_minus_2SD_below_18_unresolved,omics_discovery,omics_discovery,A_core_acute,2,8;8,Running; Running,all_participants_adult,no_older_adult_stratum,no_window_interpretation,yes,16,10,14,T_cell_subsets_or_function;cytokine_or_inflammatory_mediator;immune_cell_transcriptome;other
FS-003540,2016,INCLUDE_A_AND_B,INCLUDE_A,adults_confirmed,outcome_linkage,outcome_linkage;repeated_monitoring,A_core_acute;B_support_repeated_bouts,1,33,Mixed trained athletes; specific sports ,all_participants_adult,no_older_adult_stratum,explicit_open_window_term;immunosuppression_or_susceptibility_without_term,no,8,28,14,cytokine_or_inflammatory_mediator;metabolome_or_lipidome
FS-003625,2018,AWAITING_CLASSIFICATION,INCLUDE_A,not_applicable,,outcome_linkage;repeated_monitoring,A_core_acute;B_support_repeated_bouts,1,25,Soccer,all_participants_adult,no_older_adult_stratum,redistribution_interpretation,no,40,18,14,cytokine_or_inflammatory_mediator;leukocyte_redistribution
FS-003683,2017,AWAITING_CLASSIFICATION,INCLUDE_A,mean_minus_2SD_below_18_unresolved,outcome_linkage,outcome_linkage,A_core_acute,2,6;12,NR; No competitive sports,all_participants_adult,no_older_adult_stratum,no_window_interpretation,no,10,4,0,cytokine_or_inflammatory_mediator;other
FS-003695,2017,AWAITING_CLASSIFICATION,AWAITING_CLASSIFICATION,mean_minus_2SD_below_18_unresolved,omics_discovery,omics_discovery,A_core_acute,1,45,NR,all_participants_adult,no_older_adult_stratum,no_window_interpretation,yes,18,44,15,cytokine_or_inflammatory_mediator;ncRNA
FS-003698,2017,INCLUDE_A_AND_B,INCLUDE_A_AND_B,adults_confirmed,repeated_monitoring,repeated_monitoring,A_core_acute;B_support_repeated_bouts,1,11,Treadmill running in study; habitual spo,all_participants_adult,no_older_adult_stratum,no_window_interpretation,no,6,6,7,other
FS-003744,2017,INCLUDE_A,INCLUDE_A,adults_confirmed,metric_validation,metric_validation,A_core_acute,1,17,Scuba diving,all_participants_adult,no_older_adult_stratum,explicit_open_window_term,no,4,15,14,leukocyte_redistribution;other
FS-003753,2017,AWAITING_CLASSIFICATION,INCLUDE_A_AND_B,mean_minus_2SD_below_18_unresolved,metric_validation;repeated_monitoring,outcome_linkage;repeated_monitoring,A_core_acute;B_support_repeated_bouts,1,28,Running,NR,NR,immunosuppression_or_susceptibility_without_term,no,40,8,7,mucosal_sIgA
FS-003778,2018,AWAITING_CLASSIFICATION,AWAITING_CLASSIFICATION,mean_minus_2SD_below_18_unresolved,repeated_monitoring,repeated_monitoring,A_core_acute;B_support_repeated_bouts,1,34,NR,all_participants_adult,no_older_adult_stratum,immunosuppression_or_susceptibility_without_term,no,30,31,7,mucosal_sIgA
FS-003828,2017,INCLUDE_A,INCLUDE_A,adults_confirmed,omics_discovery,omics_discovery,A_core_acute,1,18,Ultra-marathon trail running,all_participants_adult,no_older_adult_stratum,no_window_interpretation,yes,2,14,7,T_cell_subsets_or_function;cytokine_or_inflammatory_mediator;immune_cell_transcriptome;leukocyte_redistribution;other
FS-003844,2017,AWAITING_CLASSIFICATION,AWAITING_CLASSIFICATION,mean_minus_2SD_below_18_unresolved,metric_validation;repeated_monitoring,repeated_monitoring,A_core_acute;B_support_repeated_bouts,1,21,NR,all_participants_adult,no_older_adult_stratum,no_window_interpretation,no,8,7,14,cytokine_or_inflammatory_mediator;other
FS-003951,2017,INCLUDE_A_AND_B,INCLUDE_A_AND_B,adults_confirmed,metric_validation,outcome_linkage,A_core_acute;B_support_repeated_bouts,1,UNCLEAR,Marathon running,UNCLEAR,no_older_adult_stratum,no_window_interpretation,no,24,16,14,cytokine_or_inflammatory_mediator;leukocyte_redistribution
FS-004011,2018,AWAITING_CLASSIFICATION,AWAITING_CLASSIFICATION,mean_minus_2SD_below_18_unresolved,repeated_monitoring,omics_discovery;repeated_monitoring,A_core_acute,1,10,Basketball,UNCLEAR,NR,no_window_interpretation,no,3,20,14,cytokine_or_inflammatory_mediator;ncRNA
FS-004110,2018,AWAITING_CLASSIFICATION,INCLUDE_A,mean_minus_2SD_below_18_unresolved,,outcome_linkage,A_core_acute,1,15,Street dance,all_participants_adult,no_older_adult_stratum,explicit_open_window_term,no,10,20,21,cytokine_or_inflammatory_mediator;leukocyte_redistribution;other
FS-004136,2018,INCLUDE_A_AND_B,EXCLUDE,adults_confirmed,repeated_monitoring,metric_validation;repeated_monitoring,A_core_acute;B_support_repeated_bouts,1,100,Walking,all_participants_adult,no_older_adult_stratum,no_window_interpretation,no,15,8,14,cytokine_or_inflammatory_mediator;other
FS-004152,2018,INCLUDE_A_AND_B,INCLUDE_A_AND_B,adults_confirmed,metric_validation;omics_discovery;repeated_monitoring,outcome_linkage;omics_discovery;repeated_monitoring,A_core_acute;B_support_repeated_bouts,1,10,Running (n=3) or cycling (n=7),all_participants_adult,no_older_adult_stratum,no_window_interpretation,yes,16,18,8,cytokine_or_inflammatory_mediator;neutrophil_function;other;proteome
FS-004210,2018,INCLUDE_A_AND_B,INCLUDE_B,adults_confirmed,repeated_monitoring,repeated_monitoring,A_core_acute;B_support_repeated_bouts,2,30;NR,Endurance cycling; NA,all_participants_adult,no_older_adult_stratum,no_window_interpretation,no,19,33,21,leukocyte_redistribution;neutrophil_function
FS-004226,2018,INCLUDE_A,INCLUDE_A,adults_confirmed,outcome_linkage,outcome_linkage,A_core_acute,1,NR,Marathon running,UNCLEAR,no_older_adult_stratum,immunosuppression_or_susceptibility_without_term,no,10,22,28,cytokine_or_inflammatory_mediator;leukocyte_redistribution;mucosal_antimicrobial_protein;mucosal_sIgA
FS-004243,2017,AWAITING_CLASSIFICATION,INCLUDE_A,mean_minus_2SD_below_18_unresolved,metric_validation;outcome_linkage;repeated_monitoring,outcome_linkage;repeated_monitoring,A_core_acute,2,22;23,Cross-country running; NR,UNCLEAR,no_older_adult_stratum,immunosuppression_or_susceptibility_without_term,no,12,8,14,mucosal_sIgA
FS-004246,2018,AWAITING_CLASSIFICATION,INCLUDE_A,mean_minus_2SD_below_18_unresolved,metric_validation,metric_validation;repeated_monitoring,A_core_acute;B_support_repeated_bouts,1,17,NA,all_participants_adult,no_older_adult_stratum,no_window_interpretation,no,21,16,14,cytokine_or_inflammatory_mediator;other
FS-004250,2018,INCLUDE_A,INCLUDE_A,adults_confirmed,metric_validation,metric_validation,A_core_acute,1,16,Running,UNCLEAR,no_older_adult_stratum,no_window_interpretation,no,4,9,7,cytokine_or_inflammatory_mediator
FS-004252,2018,AWAITING_CLASSIFICATION,INCLUDE_A_AND_B,mean_minus_2SD_below_18_unresolved,metric_validation;repeated_monitoring,repeated_monitoring,A_core_acute;B_support_repeated_bouts,1,40,NR,all_participants_adult,no_older_adult_stratum,immunosuppression_or_susceptibility_without_term,no,0,0,0,
FS-004308,2019,INCLUDE_A,INCLUDE_A,adults_confirmed,omics_discovery,omics_discovery,A_core_acute,1,11,Running; cycling; swimming,all_participants_adult,no_older_adult_stratum,no_window_interpretation,yes,16,32,7,cytokine_or_inflammatory_mediator;other;proteome
FS-004336,2019,AWAITING_CLASSIFICATION,AWAITING_CLASSIFICATION,not_applicable,outcome_linkage,outcome_linkage,A_core_acute,3,34;36;30,Marathon running; Half-marathon running; NA,NR,NR,no_window_interpretation,no,13,26,49,cytokine_or_inflammatory_mediator;leukocyte_redistribution;other
FS-004385,2019,AWAITING_CLASSIFICATION,AWAITING_CLASSIFICATION,mean_minus_2SD_below_18_unresolved,repeated_monitoring,outcome_linkage,uncertain,1,20,Mixed sports and physical activity; cycl,all_participants_adult,no_older_adult_stratum,no_window_interpretation,no,28,11,14,T_cell_subsets_or_function;cytokine_or_inflammatory_mediator
FS-004414,2019,INCLUDE_A,INCLUDE_A,adults_confirmed,omics_discovery,omics_discovery,A_core_acute,1,21,NR,all_participants_adult,no_older_adult_stratum,no_window_interpretation,no,9,7,21,T_cell_subsets_or_function;leukocyte_redistribution;other
FS-004434,2019,INCLUDE_A,INCLUDE_A,adults_confirmed,omics_discovery,omics_discovery,A_core_acute,1,14,NR,all_participants_adult,no_older_adult_stratum,no_window_interpretation,yes,4,42,7,cytokine_or_inflammatory_mediator;metabolome_or_lipidome
FS-004544,2019,INCLUDE_A_AND_B,INCLUDE_A_AND_B,adults_confirmed,repeated_monitoring,repeated_monitoring,A_core_acute;B_support_repeated_bouts,1,NR,Recreational training; specific sports N,all_participants_adult,no_older_adult_stratum,no_window_interpretation,no,12,30,14,neutrophil_function;other
FS-004586,2019,INCLUDE_A,INCLUDE_A,adults_confirmed,outcome_linkage,outcome_linkage,A_core_acute,1,1,Cycling,all_participants_adult,no_older_adult_stratum,no_window_interpretation,yes,24,21,21,cytokine_or_inflammatory_mediator;immunoglobulin_or_complement;other
FS-004648,2020,AWAITING_CLASSIFICATION,AWAITING_CLASSIFICATION,mean_minus_2SD_below_18_unresolved,omics_discovery;repeated_monitoring,omics_discovery;repeated_monitoring,uncertain,1,15,Treadmill running intervention,UNCLEAR,no_older_adult_stratum,explicit_open_window_term,yes,10,39,42,T_cell_subsets_or_function;immunoglobulin_or_complement;leukocyte_redistribution;mucosal_antimicrobial_protein;other;proteome
FS-004712,2020,INCLUDE_A_AND_B,INCLUDE_A,adults_confirmed,,omics_discovery;repeated_monitoring,A_core_acute;B_support_repeated_bouts,1,8,NR,all_participants_adult,no_older_adult_stratum,no_window_interpretation,no,4,34,7,ncRNA
FS-004786,2020,INCLUDE_A_AND_B,EXCLUDE,adults_confirmed,repeated_monitoring,repeated_monitoring,A_core_acute;B_support_repeated_bouts,1,48,Cycling,all_participants_adult,no_older_adult_stratum,no_window_interpretation,no,24,20,14,cytokine_or_inflammatory_mediator;other
FS-004826,2020,INCLUDE_A_AND_B,INCLUDE_A_AND_B,adults_confirmed,metric_validation;outcome_linkage,metric_validation;repeated_monitoring,A_core_acute;B_support_repeated_bouts,1,106,"Trained participants mainly runners, str",all_participants_adult,no_older_adult_stratum,no_window_interpretation,no,8,15,14,cytokine_or_inflammatory_mediator;leukocyte_redistribution
FS-004886,2020,INCLUDE_A_AND_B,INCLUDE_A_AND_B,adults_confirmed,metric_validation,metric_validation;repeated_monitoring,A_core_acute;B_support_repeated_bouts,1,9,NR,all_participants_adult,no_older_adult_stratum,no_window_interpretation,no,48,16,31,cytokine_or_inflammatory_mediator;leukocyte_redistribution;other
FS-005045,2021,INCLUDE_B,INCLUDE_B,adults_confirmed,metric_validation;omics_discovery,omics_discovery,A_core_acute,2,NR;NR,Running; Running,all_participants_adult,no_older_adult_stratum,no_window_interpretation,yes,8,31,7,cytokine_or_inflammatory_mediator;metabolome_or_lipidome;other;proteome
FS-005165,2021,INCLUDE_A_AND_B,INCLUDE_B,adults_confirmed,metric_validation;repeated_monitoring,repeated_monitoring,A_core_acute;B_support_repeated_bouts,1,9,Recreational resistance or endurance exe,all_participants_adult,no_older_adult_stratum,no_window_interpretation,no,8,3,8,cytokine_or_inflammatory_mediator
FS-005168,2021,AWAITING_CLASSIFICATION,AWAITING_CLASSIFICATION,mean_minus_2SD_below_18_unresolved,metric_validation,metric_validation;omics_discovery,A_core_acute,1,26,Distance running,UNCLEAR,no_older_adult_stratum,no_window_interpretation,yes,8,12,14,leukocyte_redistribution;other
FS-005226,2021,INCLUDE_B,RETAIN_BACKGROUND,adults_confirmed,metric_validation;repeated_monitoring,repeated_monitoring,A_core_acute;B_support_repeated_bouts,1,22,Soccer,all_participants_adult,no_older_adult_stratum,immunosuppression_or_susceptibility_without_term;redistribution_interpretation,no,4,11,21,NK_count_or_cytotoxicity;T_cell_subsets_or_function;leukocyte_redistribution
FS-005384,2021,AWAITING_CLASSIFICATION,INCLUDE_A,mean_minus_2SD_below_18_unresolved,,omics_discovery,A_core_acute,1,120,Running; army 5-km test,UNCLEAR,no_older_adult_stratum,no_window_interpretation,no,2,45,14,cytokine_or_inflammatory_mediator;ncRNA
FS-005385,2021,INCLUDE_A_AND_B,INCLUDE_A_AND_B,adults_confirmed,repeated_monitoring,repeated_monitoring,A_core_acute;B_support_repeated_bouts,1,11,Aerobic exercise and soccer,all_participants_adult,no_older_adult_stratum,no_window_interpretation,no,6,9,14,cytokine_or_inflammatory_mediator;other
FS-005424,2022,AWAITING_CLASSIFICATION,AWAITING_CLASSIFICATION,mean_minus_2SD_below_18_unresolved,repeated_monitoring,repeated_monitoring,A_core_acute,1,12,Mixed martial arts,UNCLEAR,no_older_adult_stratum,no_window_interpretation,no,5,8,7,cytokine_or_inflammatory_mediator
FS-005450,UNCLEAR,AWAITING_CLASSIFICATION,INCLUDE_A,mean_minus_2SD_below_18_unresolved,metric_validation,omics_discovery,A_core_acute,1,23,Ultramarathon running,UNCLEAR,NR,no_window_interpretation,no,16,16,14,cytokine_or_inflammatory_mediator;ncRNA
FS-005458,2022,INCLUDE_A,INCLUDE_A,adults_confirmed,metric_validation;omics_discovery,metric_validation;omics_discovery,A_core_acute,1,25,Running,all_participants_adult,no_older_adult_stratum,no_window_interpretation,yes,8,20,14,cytokine_or_inflammatory_mediator;metabolome_or_lipidome
FS-005465,2022,INCLUDE_A,INCLUDE_A,adults_confirmed,,metric_validation,A_core_acute,1,10,Triathlon,all_participants_adult,no_older_adult_stratum,no_window_interpretation,no,6,24,21,cytokine_or_inflammatory_mediator;immunoglobulin_or_complement;leukocyte_redistribution
FS-005516,2022,AWAITING_CLASSIFICATION,INCLUDE_A,mean_minus_2SD_below_18_unresolved,metric_validation,metric_validation,A_core_acute,1,44,"Endurance running, ultra-endurance runni",all_participants_adult,no_older_adult_stratum,no_window_interpretation,no,6,18,10,immunoglobulin_or_complement
FS-005605,2022,INCLUDE_A,INCLUDE_A,adults_confirmed,outcome_linkage,outcome_linkage,A_core_acute,2,14;14,Running and triathlon; Running and triathlon,all_participants_adult,no_older_adult_stratum,no_window_interpretation,no,24,10,14,cytokine_or_inflammatory_mediator
FS-005624,2022,INCLUDE_A_AND_B,INCLUDE_A,adults_confirmed,outcome_linkage,outcome_linkage,A_core_acute;B_support_repeated_bouts,2,12;5,Resistance training; Resistance training,UNCLEAR;all_participants_adult,NR;no_older_adult_stratum,no_window_interpretation,no,39,55,28,cytokine_or_inflammatory_mediator;leukocyte_redistribution;other
FS-005719,2022,INCLUDE_A,INCLUDE_A,adults_confirmed,omics_discovery,omics_discovery,A_core_acute,1,10,NR,all_participants_adult,no_older_adult_stratum,redistribution_interpretation,yes,7,17,7,T_cell_subsets_or_function;cytokine_or_inflammatory_mediator;single_cell
FS-005727,2023,INCLUDE_A,INCLUDE_A,adults_confirmed,metric_validation,metric_validation,A_core_acute,1,37,NR,all_participants_adult,no_older_adult_stratum,no_window_interpretation,no,4,30,14,cytokine_or_inflammatory_mediator;other
FS-005773,2022,AWAITING_CLASSIFICATION,AWAITING_CLASSIFICATION,not_applicable,metric_validation,omics_discovery,uncertain,1,NR,16 sports,NR,NR,no_window_interpretation,no,9,14,21,cytokine_or_inflammatory_mediator;immunoglobulin_or_complement;other
FS-005905,2023,AWAITING_CLASSIFICATION,AWAITING_CLASSIFICATION,mean_minus_2SD_below_18_unresolved,metric_validation,metric_validation;repeated_monitoring,A_core_acute;B_support_repeated_bouts,1,34,Endurance-type training; specific sports,UNCLEAR,no_older_adult_stratum,no_window_interpretation,no,10,20,21,cytokine_or_inflammatory_mediator;leukocyte_redistribution;neutrophil_function
FS-005914,2023,INCLUDE_A,INCLUDE_B,adults_confirmed,,outcome_linkage,A_core_acute,1,24,Recreational physical activity; study ex,all_participants_adult,no_older_adult_stratum,explicit_open_window_term;immunosuppression_or_susceptibility_without_term,no,10,13,14,mucosal_sIgA;other
FS-005931,2023,INCLUDE_A_AND_B,INCLUDE_A,adults_confirmed,metric_validation;omics_discovery,omics_discovery;repeated_monitoring,A_core_acute;B_support_repeated_bouts,1,21,Running,all_participants_adult,no_older_adult_stratum,immunosuppression_or_susceptibility_without_term,yes,12,31,35,cytokine_or_inflammatory_mediator;immunoglobulin_or_complement;leukocyte_redistribution;metabolome_or_lipidome;proteome
FS-005950,2023,AWAITING_CLASSIFICATION,AWAITING_CLASSIFICATION,mean_minus_2SD_below_18_unresolved,omics_discovery,omics_discovery,A_core_acute,2,3;3,NR; Marathon running,NR,NR,explicit_open_window_term;immunosuppression_or_susceptibility_without_term;redistribution_interpretation,yes,8,6,0,NK_count_or_cytotoxicity;T_cell_subsets_or_function;immune_cell_transcriptome;leukocyte_redistribution
FS-005966,2023,INCLUDE_A,INCLUDE_A,adults_confirmed,omics_discovery,omics_discovery,A_core_acute,2,19;16,Half-marathon running; NA,all_participants_adult,no_older_adult_stratum,explicit_open_window_term;immunosuppression_or_susceptibility_without_term,yes,8,20,35,immunoglobulin_or_complement;mucosal_antimicrobial_protein;other;proteome
FS-005971,2023,INCLUDE_A,INCLUDE_A,adults_confirmed,metric_validation,metric_validation,A_core_acute,1,200,NR,all_participants_adult,no_older_adult_stratum,immunosuppression_or_susceptibility_without_term,no,2,6,13,leukocyte_redistribution
FS-005991,2023,AWAITING_CLASSIFICATION,INCLUDE_B,mean_minus_2SD_below_18_unresolved,metric_validation;repeated_monitoring,repeated_monitoring,A_core_acute;B_support_repeated_bouts,1,24,Football (soccer),all_participants_adult,no_older_adult_stratum,no_window_interpretation,no,8,7,14,cytokine_or_inflammatory_mediator;other
FS-006018,2023,INCLUDE_A,EXCLUDE,adults_confirmed,metric_validation;omics_discovery,omics_discovery,A_core_acute,2,5;16,NR; Half-marathon running,all_participants_adult,no_older_adult_stratum,immunosuppression_or_susceptibility_without_term,yes,12,17,14,cytokine_or_inflammatory_mediator;immune_cell_transcriptome;neutrophil_function;other
FS-006024,2023,AWAITING_CLASSIFICATION,AWAITING_CLASSIFICATION,mean_minus_2SD_below_18_unresolved,omics_discovery,omics_discovery,A_core_acute,1,23,Cycling exercise test; habitual sport NR,NR,NR,explicit_open_window_term,yes,18,30,28,leukocyte_redistribution;metabolome_or_lipidome;mucosal_antimicrobial_protein;neutrophil_function
FS-006034,2023,INCLUDE_A,INCLUDE_A,adults_confirmed,metric_validation,omics_discovery,A_core_acute,1,51,NR,all_participants_adult,no_older_adult_stratum,no_window_interpretation,yes,34,53,7,cytokine_or_inflammatory_mediator;metabolome_or_lipidome
FS-006144,2024,AWAITING_CLASSIFICATION,AWAITING_CLASSIFICATION,mean_minus_2SD_below_18_unresolved,metric_validation,metric_validation;outcome_linkage;repeated_monitoring,A_core_acute;B_support_repeated_bouts,1,12,NR,UNCLEAR,no_older_adult_stratum,explicit_open_window_term;redistribution_interpretation,no,6,31,20,T_cell_subsets_or_function;other
FS-006218,2024,INCLUDE_A_AND_B,INCLUDE_A_AND_B,adults_confirmed,omics_discovery,omics_discovery;repeated_monitoring,A_core_acute;B_support_repeated_bouts,1,15,Softball,all_participants_adult,no_older_adult_stratum,no_window_interpretation,yes,10,13,21,immunoglobulin_or_complement;other;proteome
FS-006233,2024,INCLUDE_A,INCLUDE_A,adults_confirmed,omics_discovery,omics_discovery,A_core_acute,1,16,Handball,all_participants_adult,no_older_adult_stratum,no_window_interpretation,yes,3,13,7,immune_cell_transcriptome
FS-006242,2024,INCLUDE_A,INCLUDE_A,adults_confirmed,metric_validation,metric_validation,A_core_acute,1,35,Marathon running,UNCLEAR,no_older_adult_stratum,no_window_interpretation,no,6,4,7,cytokine_or_inflammatory_mediator
FS-006250,2024,INCLUDE_A,INCLUDE_A,adults_confirmed,omics_discovery,omics_discovery,A_core_acute,1,18,Running; climbing; triathlon,all_participants_adult,no_older_adult_stratum,no_window_interpretation,yes,5,16,14,cytokine_or_inflammatory_mediator;immunoglobulin_or_complement;metabolome_or_lipidome;proteome
FS-006275,2023,AWAITING_CLASSIFICATION,INCLUDE_A_AND_B,mean_minus_2SD_below_18_unresolved,metric_validation;outcome_linkage,metric_validation;outcome_linkage;repeated_monitoring,A_core_acute;B_support_repeated_bouts,1,49,Running,UNCLEAR,NR,no_window_interpretation,no,8,13,13,cytokine_or_inflammatory_mediator
FS-006319,2024,INCLUDE_A_AND_B,INCLUDE_A,adults_confirmed,metric_validation;omics_discovery,omics_discovery;repeated_monitoring,A_core_acute;B_support_repeated_bouts,1,25,Cycling,all_participants_adult,no_older_adult_stratum,no_window_interpretation,yes,12,9,21,leukocyte_redistribution;metabolome_or_lipidome;proteome
FS-006321,2024,INCLUDE_A,EXCLUDE,adults_confirmed,outcome_linkage,outcome_linkage,A_core_acute,1,14,NR,all_participants_adult,no_older_adult_stratum,no_window_interpretation,no,14,13,7,other
FS-006342,2024,INCLUDE_A_AND_B,INCLUDE_A,adults_confirmed,omics_discovery,omics_discovery,A_core_acute;B_support_repeated_bouts,1,13,Endurance exercise; specific sports NR,all_participants_adult,no_older_adult_stratum,immunosuppression_or_susceptibility_without_term,yes,8,9,7,other;proteome
FS-006356,2024,AWAITING_CLASSIFICATION,INCLUDE_A,adults_confirmed,omics_discovery,omics_discovery,A_core_acute,1,30,Yoga,all_participants_adult,NR,no_window_interpretation,yes,15,11,14,cytokine_or_inflammatory_mediator;metabolome_or_lipidome
FS-006399,2024,INCLUDE_A,INCLUDE_A,adults_confirmed,metric_validation,metric_validation,A_core_acute,1,NR,NR,all_participants_adult,no_older_adult_stratum,immunosuppression_or_susceptibility_without_term,no,2,4,7,leukocyte_redistribution
FS-006416,2024,INCLUDE_A,INCLUDE_A,adults_confirmed,omics_discovery,omics_discovery,A_core_acute,1,9,NA,all_participants_adult,no_older_adult_stratum,no_window_interpretation,yes,10,46,7,ncRNA;other
FS-006430,2024,AWAITING_CLASSIFICATION,AWAITING_CLASSIFICATION,mean_minus_2SD_below_18_unresolved,omics_discovery,omics_discovery,A_core_acute,1,21,Short-track speed skating,UNCLEAR,no_older_adult_stratum,explicit_open_window_term,no,4,0,0,
FS-006440,2024,INCLUDE_A_AND_B,INCLUDE_A,adults_confirmed,metric_validation;omics_discovery,omics_discovery;repeated_monitoring,A_core_acute;B_support_repeated_bouts,1,29,Cycling,all_participants_adult,no_older_adult_stratum,no_window_interpretation,yes,20,18,21,leukocyte_redistribution;metabolome_or_lipidome;other;proteome
FS-006450,2024,AWAITING_CLASSIFICATION,AWAITING_CLASSIFICATION,not_applicable,,omics_discovery,uncertain,2,NR;NR,Athletics; boxing; cycling; modern penta; Athletics; boxing; beach volley; canoein,NR,NR,no_window_interpretation,yes,8,2,0,metabolome_or_lipidome;proteome
FS-006506,2024,INCLUDE_A_AND_B,INCLUDE_A_AND_B,adults_confirmed,omics_discovery,omics_discovery,A_core_acute;B_support_repeated_bouts,1,55,NA,all_participants_adult,no_older_adult_stratum,no_window_interpretation,yes,4,25,7,ncRNA
FS-006534,2025,INCLUDE_A_AND_B,INCLUDE_A_AND_B,adults_confirmed,omics_discovery,omics_discovery;repeated_monitoring,A_core_acute;B_support_repeated_bouts,1,10,NA,NR,NR,no_window_interpretation,yes,10,33,21,cytokine_or_inflammatory_mediator;epigenome;neutrophil_function;other
FS-006539,2025,INCLUDE_A,INCLUDE_A,adults_confirmed,omics_discovery,omics_discovery,A_core_acute,1,4,Half-marathon running,UNCLEAR,no_older_adult_stratum,explicit_open_window_term;redistribution_interpretation,yes,2,62,7,NK_count_or_cytotoxicity;cytokine_or_inflammatory_mediator;immunoglobulin_or_complement;leukocyte_redistribution;mucosal_antimicrobial_protein;other;single_cell
FS-006554,2025,INCLUDE_A,INCLUDE_A,adults_confirmed,omics_discovery,omics_discovery,A_core_acute,1,6,NR,all_participants_adult,no_older_adult_stratum,no_window_interpretation,yes,9,17,22,cytokine_or_inflammatory_mediator;other;proteome
FS-006567,2025,INCLUDE_A,INCLUDE_A,adults_confirmed,outcome_linkage,outcome_linkage,A_core_acute,1,120,Ultra-trail running,all_participants_adult,no_older_adult_stratum,no_window_interpretation,no,6,8,7,cytokine_or_inflammatory_mediator
FS-006684,2025,INCLUDE_A,INCLUDE_A,adults_confirmed,omics_discovery,omics_discovery,A_core_acute,1,10,Distance running,all_participants_adult,no_older_adult_stratum,no_window_interpretation,yes,6,42,7,NK_count_or_cytotoxicity;T_cell_subsets_or_function;cytokine_or_inflammatory_mediator;immune_cell_transcriptome;leukocyte_redistribution;other
FS-006687,2025,AWAITING_CLASSIFICATION,EXCLUDE,mean_minus_2SD_below_18_unresolved,metric_validation,metric_validation,A_core_acute,2,NR;NR,NR; Football; basketball; pole dancing; aeri,NR,NR,no_window_interpretation,no,16,12,14,other
FS-006697,2025,INCLUDE_A,AWAITING_CLASSIFICATION,adults_confirmed,omics_discovery,omics_discovery,A_core_acute,1,7,NR,all_participants_adult,no_older_adult_stratum,redistribution_interpretation,yes,12,58,42,NK_count_or_cytotoxicity;T_cell_subsets_or_function;cytokine_or_inflammatory_mediator;immune_cell_transcriptome;leukocyte_redistribution;other
FS-006699,2025,INCLUDE_A,INCLUDE_A,adults_confirmed,,omics_discovery,A_core_acute,1,27,Mountain ultramarathon running,all_participants_adult,no_older_adult_stratum,no_window_interpretation,yes,4,27,28,cytokine_or_inflammatory_mediator;metabolome_or_lipidome;neutrophil_function;other
FS-006749,2025,INCLUDE_A_AND_B,INCLUDE_A_AND_B,adults_confirmed,outcome_linkage;repeated_monitoring,outcome_linkage;repeated_monitoring,A_core_acute;B_support_repeated_bouts,1,21,Military load carriage,all_participants_adult,no_older_adult_stratum,no_window_interpretation,no,27,23,14,cytokine_or_inflammatory_mediator;leukocyte_redistribution
FS-006751,2025,INCLUDE_A_AND_B,INCLUDE_A_AND_B,adults_confirmed,omics_discovery,omics_discovery;repeated_monitoring,A_core_acute;B_support_repeated_bouts,1,NR,Running; cycling; light walking or runni,all_participants_adult,no_older_adult_stratum,no_window_interpretation,yes,36,21,14,leukocyte_redistribution;ncRNA
FS-006754,2023,INCLUDE_A,AWAITING_CLASSIFICATION,adults_confirmed,omics_discovery,omics_discovery,A_core_acute,1,NR,Downhill treadmill running,NR,NR,no_window_interpretation,yes,12,19,7,cytokine_or_inflammatory_mediator;immune_cell_transcriptome;immunoglobulin_or_complement
FS-006779,2025,AWAITING_CLASSIFICATION,INCLUDE_A_AND_B,mean_minus_2SD_below_18_unresolved,omics_discovery;repeated_monitoring,omics_discovery;repeated_monitoring,A_core_acute;B_support_repeated_bouts,1,44,Middle- and long-distance running,all_participants_adult,no_older_adult_stratum,no_window_interpretation,yes,24,17,14,cytokine_or_inflammatory_mediator;other;proteome
FS-006787,2025,INCLUDE_A,INCLUDE_A,adults_confirmed,omics_discovery,omics_discovery,A_core_acute,1,7,NA,all_participants_adult,older_adult_cohort,no_window_interpretation,yes,4,17,14,cytokine_or_inflammatory_mediator;proteome
FS-006810,2025,INCLUDE_A_AND_B,INCLUDE_A_AND_B,adults_confirmed,omics_discovery,omics_discovery;repeated_monitoring,A_core_acute;B_support_repeated_bouts,1,23,Cycling,all_participants_adult,no_older_adult_stratum,no_window_interpretation,yes,40,25,21,cytokine_or_inflammatory_mediator;leukocyte_redistribution;metabolome_or_lipidome
FS-006843,2025,INCLUDE_A,INCLUDE_A,adults_confirmed,omics_discovery,omics_discovery,A_core_acute,1,45,"Mostly running, cycling or both",all_participants_adult,no_older_adult_stratum,no_window_interpretation,yes,18,14,14,cytokine_or_inflammatory_mediator;other
FS-006883,2025,INCLUDE_A_AND_B,INCLUDE_A,adults_confirmed,metric_validation;omics_discovery,omics_discovery,A_core_acute;B_support_repeated_bouts,1,69,NR,all_participants_adult,no_older_adult_stratum,no_window_interpretation,yes,12,11,21,immunoglobulin_or_complement;other;proteome
FS-006928,2026,INCLUDE_A,INCLUDE_A,adults_confirmed,metric_validation;omics_discovery,omics_discovery,A_core_acute,1,NR,NA,all_participants_adult,older_adult_cohort,no_window_interpretation,yes,4,16,7,cytokine_or_inflammatory_mediator;other;proteome
FS-006935,2025,AWAITING_CLASSIFICATION,AWAITING_CLASSIFICATION,mean_minus_2SD_below_18_unresolved,outcome_linkage,metric_validation;outcome_linkage,A_core_acute,1,18,NR,all_participants_adult,no_older_adult_stratum,no_window_interpretation,no,8,15,14,cytokine_or_inflammatory_mediator;other
FS-006942,2025,INCLUDE_A_AND_B,INCLUDE_A,adults_confirmed,outcome_linkage,outcome_linkage;repeated_monitoring,A_core_acute;B_support_repeated_bouts,1,11,NA,all_participants_adult,no_older_adult_stratum,no_window_interpretation,no,24,33,14,cytokine_or_inflammatory_mediator;other
FS-006955,2026,INCLUDE_A_AND_B,INCLUDE_A,adults_confirmed,metric_validation;omics_discovery,omics_discovery,A_core_acute;B_support_repeated_bouts,1,26,Running,all_participants_adult,no_older_adult_stratum,redistribution_interpretation,yes,6,25,15,leukocyte_redistribution;proteome
FS-007011,2026,INCLUDE_A,INCLUDE_A,adults_confirmed,,omics_discovery,A_core_acute,1,59,Mixed-modality circuit exercise and cycl,all_participants_adult,no_older_adult_stratum,redistribution_interpretation,yes,18,20,14,T_cell_subsets_or_function;cytokine_or_inflammatory_mediator;proteome
FS-007021,2026,AWAITING_CLASSIFICATION,EXCLUDE,mean_minus_2SD_below_18_unresolved,outcome_linkage,outcome_linkage,uncertain,1,579,17 summer sport disciplines,UNCLEAR,NR,no_window_interpretation,no,4,12,28,cytokine_or_inflammatory_mediator;immunoglobulin_or_complement;leukocyte_redistribution;other
FS-007098,2026,INCLUDE_A,INCLUDE_A,adults_confirmed,omics_discovery,omics_discovery,A_core_acute,1,58,Running; cycling,all_participants_adult,no_older_adult_stratum,no_window_interpretation,yes,9,44,7,ncRNA;other
FS-007132,2026,INCLUDE_A,INCLUDE_A,adults_confirmed,metric_validation,omics_discovery,A_core_acute,1,10,Long-distance trail running,all_participants_adult,no_older_adult_stratum,no_window_interpretation,no,8,17,14,cytokine_or_inflammatory_mediator;leukocyte_redistribution
FS-007168,2026,INCLUDE_A,INCLUDE_A,adults_confirmed,omics_discovery,omics_discovery,A_core_acute,1,78,Marathon running,all_participants_adult,no_older_adult_stratum,immunosuppression_or_susceptibility_without_term,yes,3,47,21,T_cell_subsets_or_function;cytokine_or_inflammatory_mediator;immune_cell_transcriptome
FS-007174,2026,INCLUDE_A,INCLUDE_A,adults_confirmed,,metric_validation,A_core_acute,1,NR,Mountain ultramarathon running,all_participants_adult,no_older_adult_stratum,no_window_interpretation,no,6,11,21,cytokine_or_inflammatory_mediator;ncRNA;other
FS-007237,2026,INCLUDE_A_AND_B,INCLUDE_A,adults_confirmed,omics_discovery,omics_discovery;repeated_monitoring,A_core_acute;B_support_repeated_bouts,1,12,NR,all_participants_adult,no_older_adult_stratum,no_window_interpretation,yes,8,8,14,T_cell_subsets_or_function;cytokine_or_inflammatory_mediator;leukocyte_redistribution;metabolome_or_lipidome;other
FS-007261,2026,INCLUDE_A,INCLUDE_A,adults_confirmed,metric_validation;omics_discovery,omics_discovery,A_core_acute,1,50,NR,all_participants_adult,no_older_adult_stratum,no_window_interpretation,yes,10,20,21,cytokine_or_inflammatory_mediator;immunoglobulin_or_complement;metabolome_or_lipidome;proteome
FS-007328,2026,INCLUDE_A,EXCLUDE,adults_confirmed,metric_validation;omics_discovery,omics_discovery,uncertain,1,NR,Tai Chi,all_participants_adult,no_older_adult_stratum,no_window_interpretation,yes,2,41,7,cytokine_or_inflammatory_mediator
FS-007930,2026,INCLUDE_A,EXCLUDE,adults_confirmed,repeated_monitoring,repeated_monitoring,uncertain,1,1,Ultradistance running,all_participants_adult,no_older_adult_stratum,no_window_interpretation,no,12,2,7,cytokine_or_inflammatory_mediator
FS-008213,2025,INCLUDE_A,INCLUDE_A,adults_confirmed,,metric_validation,A_core_acute,1,16,Rugby union,all_participants_adult,no_older_adult_stratum,no_window_interpretation,no,6,15,7,leukocyte_redistribution
FS-008505,2023,INCLUDE_A,INCLUDE_A,adults_confirmed,omics_discovery,omics_discovery,A_core_acute,1,13,Occupational hiking,all_participants_adult,no_older_adult_stratum,immunosuppression_or_susceptibility_without_term,yes,6,20,0,cytokine_or_inflammatory_mediator;immunoglobulin_or_complement;metabolome_or_lipidome;mucosal_antimicrobial_protein;other;proteome
FS-009465,2018,INCLUDE_A_AND_B,INCLUDE_A_AND_B,adults_confirmed,,metric_validation;repeated_monitoring,A_core_acute;B_support_repeated_bouts,1,12,Strength sports,all_participants_adult,no_older_adult_stratum,no_window_interpretation,no,12,10,7,other
FS-010204,2014,AWAITING_CLASSIFICATION,INCLUDE_A_AND_B,mean_minus_2SD_below_18_unresolved,metric_validation;repeated_monitoring,repeated_monitoring,A_core_acute;B_support_repeated_bouts,1,10,Running and cycling exercise,all_participants_adult,no_older_adult_stratum,no_window_interpretation,no,22,12,14,cytokine_or_inflammatory_mediator;other
