marker_family,pre_exercise_baseline_cohorts,pre_exercise_baseline_reports,during_cohorts,during_reports,0_to_lt30min_cohorts,0_to_lt30min_reports,30min_to_lt3h_cohorts,30min_to_lt3h_reports,3h_to_lt24h_cohorts,3h_to_lt24h_reports,24h_to_72h_inclusive_cohorts,24h_to_72h_inclusive_reports,gt72h_cohorts,gt72h_reports,matched_control_time_cohorts,matched_control_time_reports,UNCLEAR_cohorts,UNCLEAR_reports,NR_cohorts,NR_reports,NA_cohorts,NA_reports
leukocyte_redistribution,39,39,1,1,28,28,14,14,11,11,13,13,3,3,0,0,2,2,1,1,0,0
NK_count_or_cytotoxicity,4,4,0,0,2,2,3,3,1,1,1,1,0,0,0,0,0,0,0,0,0,0
neutrophil_function,11,10,1,1,8,7,4,4,3,3,2,2,0,0,1,1,0,0,0,0,2,1
T_cell_subsets_or_function,15,15,2,2,8,8,8,8,3,3,2,2,1,1,0,0,2,2,0,0,0,0
mucosal_sIgA,8,7,1,1,5,5,3,3,1,1,2,2,1,1,2,2,3,3,2,2,1,1
mucosal_antimicrobial_protein,6,6,0,0,2,2,3,3,1,1,1,1,0,0,1,1,1,1,1,1,0,0
cytokine_or_inflammatory_mediator,81,80,5,5,53,52,31,30,19,19,30,29,8,8,4,4,6,6,2,2,0,0
immunoglobulin_or_complement,18,18,3,3,10,10,9,9,4,4,3,3,2,2,2,2,1,1,2,2,0,0
immune_cell_transcriptome,13,11,0,0,9,8,6,5,6,5,5,5,0,0,0,0,1,1,0,0,0,0
proteome,18,18,2,2,12,12,11,11,6,6,5,5,1,1,5,5,3,3,2,2,0,0
metabolome_or_lipidome,19,19,1,1,13,13,9,9,9,9,8,8,3,3,2,2,2,2,2,2,0,0
epigenome,1,1,0,0,1,1,0,0,0,0,0,0,0,0,0,0,0,0,0,0,0,0
ncRNA,12,12,1,1,11,11,4,4,0,0,3,3,0,0,0,0,1,1,0,0,0,0
single_cell,2,2,1,1,0,0,2,2,0,0,0,0,0,0,0,0,0,0,0,0,0,0
other,63,60,7,7,42,41,24,24,14,14,16,16,5,4,5,5,3,3,3,3,1,1
ALL_CONVENTIONAL,104,99,9,9,78,75,41,40,16,16,33,32,10,9,7,7,9,9,6,6,4,3
ALL_OMICS,54,52,5,5,35,34,27,26,19,18,16,16,3,3,6,6,5,5,2,2,0,0
ALL_FAMILIES,132,125,11,11,96,92,54,52,29,28,42,41,12,11,11,11,13,13,7,7,4,3
