marker_family,map_layer_M_records,map_layer_M_pct,V_layer_historical_abstract_records,V_layer_historical_abstract_pct,deep_layer_reports,deep_layer_pct
leukocyte_redistribution,1147,37.9,198,34.3,71,31.6
NK_count_or_cytotoxicity,187,6.2,32,5.5,19,8.4
neutrophil_function,220,7.3,41,7.1,16,7.1
T_cell_subsets_or_function,217,7.2,28,4.9,28,12.4
mucosal_sIgA,98,3.2,65,11.3,14,6.2
mucosal_antimicrobial_protein,57,1.9,13,2.3,17,7.6
cytokine_or_inflammatory_mediator,1880,62.1,271,47.0,153,68.0
immunoglobulin_or_complement,172,5.7,79,13.7,33,14.7
immune_cell_transcriptome,71,2.3,68,11.8,26,11.6
proteome,0,0.0,31,5.4,29,12.9
metabolome_or_lipidome,3,0.1,35,6.1,31,13.8
epigenome,4,0.1,9,1.6,3,1.3
ncRNA,4,0.1,28,4.9,18,8.0
single_cell,0,0.0,7,1.2,2,0.9
other,644,21.3,115,19.9,101,44.9
NR,29,1.0,2,0.3,0,0.0
DENOMINATOR (records/reports),3027,,577,,225,
EXPOSURE core_A,1845,,313,,,
EXPOSURE support_B,1152,,225,,,
EXPOSURE unclear,19,,9,,,
EXPOSURE habitual_or_resting_cross_sectional,8,,27,,,
EXPOSURE chronic_training_only,3,,3,,,
DEEP STREAM A only,,,,,128,
DEEP STREAM B only,,,,,1,
DEEP STREAM A+B,,,,,92,
DEEP STREAM neither/uncertain,,,,,4,
