table,field,n_rows,n_distinct,pct_NR,pct_NA,pct_UNCLEAR,pct_bare_numeric,controlled_vocab_in_dictionary,pct_outside_dictionary_vocab
sample_sets,matrix,1656,107,0.0,0.0,1.9,0.0,yes,83.8
sample_sets,exercise_mode,1656,139,0.0,3.5,1.4,0.0,yes,95.0
sample_sets,time_unit,1656,12,4.9,54.0,0.0,0.0,yes,1.8
sample_sets,time_bin,1656,11,1.9,1.0,4.0,0.0,yes,0.0
sample_sets,time_from_exercise_end_value,1656,57,23.3,36.8,0.5,36.7,no,
sample_sets,n_participants,1656,50,10.4,0.0,0.1,89.4,no,
measurements,platform,2612,416,1.5,0.0,0.0,0.0,no,
measurements,effect_value,2612,1337,30.5,2.9,0.2,35.6,no,
measurements,effect_uncertainty,2612,522,56.5,11.9,0.1,0.0,no,
measurements,result_direction,2612,10,2.7,4.0,3.5,0.0,yes,0.0
measurements,marker_family,2612,15,0.0,0.0,0.0,0.0,yes,0.0
precision_validation,evidence_state,1868,5,2.2,0.1,0.0,0.0,yes,0.0
precision_validation,clinical_endpoint,1868,152,6.8,81.3,0.0,0.0,yes,11.9
precision_validation,validation_split,1868,6,0.3,27.5,0.0,0.0,yes,0.0
cohorts,training_status,150,123,10.7,0.0,0.7,0.0,yes,88.7
cohorts,n_recruited,150,56,10.7,0.0,0.7,88.7,no,
cohorts,age_range,150,51,63.3,0.0,0.7,0.0,no,
study_families,design,134,133,0.0,0.0,0.0,0.0,yes,100.0
