pilot_item_id,reference_id,title,first_author,year,journal,doi,pmid,pmcid,url,pilot_purpose,open_access,fulltext_source,authors
pilot_01,R59,Salivary immunity and lower respiratory tract infections in non-elite marathon runners,Cantó E,2018,PLOS ONE,10.1371/journal.pone.0206059,30462646,PMC6248899,https://doi.org/10.1371/journal.pone.0206059,感染症状定义与采样先后,yes,PMC,Cantó E; Roca E; Perea L; Rodrigo-Troyano A; Suarez-Cuartin G; Giner J; Feliu A; Soria JM; Nescolarde L; Vidal S; Sibila O
pilot_02,R56,Anxiety and Mood Disturbance Are Prospectively Associated With Respiratory Infection Risk and the Mucosal Immune Response to Exercise,Harrison SE,2025,European Journal of Sport Science,10.1002/ejsc.70058,41024702,PMC12480926,https://doi.org/10.1002/ejsc.70058,sIgA阴性结果与多个子研究,yes,PMC,Harrison SE; Edwards JP; Roberts R; Walsh NP
pilot_03,R61,Single-Cell RNA Sequencing Analysis Reveals Exercise-Induced Transcriptional Dynamics in Half-Marathon Runners,Veschetti L,2025,Scandinavian Journal of Medicine & Science in Sports,10.1111/sms.70018,39817606,PMC11737006,https://doi.org/10.1111/sms.70018,单细胞供者数与质控,yes,PMC,Veschetti L; Patuzzo C; Treccani M; Moron Dalla Tor L; Deiana M; Cheri S; Griggio F; Lippi G; Schena F; De Santis D; Dalle Carbonare L; Tarperi C; Trabetti E; Valenti MT; Malerba G
pilot_04,R62,Endurance training attenuates acute exercise-induced monocyte transcriptomic responses in adolescents: sex-specific molecular adaptations,Plaza-Florido A,2026,Journal of Applied Physiology,10.1152/japplphysiol.00282.2026,42545855,,https://doi.org/10.1152/japplphysiol.00282.2026,人群边界案例：青少年（<18 岁）队列——按 v3 契约 2.3 属 FT03（不可分出成人层），用于校准 age_range、adult_stratum_separable 与 FT03 判定；不预期作为合格证据提取,no,needs institutional access,Plaza-Florido A; Haddad F; Cooper DM; Radom-Aizik S
pilot_05,R46,Immunological Protein Signature During Acute Exercise,Wenzel C,2025,Acta Physiologica,10.1111/apha.70125,41163346,PMC12615995,https://doi.org/10.1111/apha.70125,靶向蛋白动力学与共享队列,yes,PMC,Wenzel C; Walzik D; Wences T; Trebing S; Meyer K; Groll A; Zimmer P; Joisten N
pilot_06,R42,Identification of Urinary Biomarkers for Exercise-Induced Immunosuppression by iTRAQ Proteomics,Xu G,2020,BioMed Research International,10.1155/2020/3030793,32047808,PMC7003279,https://doi.org/10.1155/2020/3030793,混合尿样、技术重复与运动—采样时序边界（按 v3 契约先作背景校准，静息/训练研究规则沿用 v2；仅全文澄清事件与时间关系后再评估 A/B 资格）,yes,PMC,Xu G; Lin W; McAinch AJ; Yan X; Weng X
pilot_07,R12,Vitamin D status modulates innate immune responses and metabolomic profiles following acute prolonged cycling,Jones AW,2023,European Journal of Nutrition,10.1007/s00394-023-03181-1,37458775,PMC10468936,https://doi.org/10.1007/s00394-023-03181-1,代谢组与直接免疫功能共测,yes,PMC,Jones AW; Mironas A; Mur LAJ; Beckmann M; Thatcher R; Davison G
pilot_08,R03,Impact of Acute Aerobic Exercise on Genome-Wide DNA-Methylation in Natural Killer Cells—A Pilot Study,Schenk A,2019,Genes,10.3390/genes10050380,31109152,PMC6562781,https://doi.org/10.3390/genes10050380,分选NK细胞甲基化与即刻采样,yes,PMC,Schenk A; Koliamitra C; Bauer CJ; Schier R; Schweiger MR; Bloch W; Zimmer P
pilot_09,R01,Multiomics profiling identifies molecular and cellular signatures of regular exercise in human peripheral blood,Song X,2026,Science Advances,10.1126/sciadv.aeh0260,42758809,PMC13588174,https://doi.org/10.1126/sciadv.aeh0260,静息横断面背景及预印本版本合并,yes,PMC,Song X; Lv J; Ge S; Xu S; Wu Y; Zheng Y; Zhou W; Li L; Zhang Y; Zhang J; Chen ZX; Gao P; Yin P; Yin J; Liu C
pilot_10,R19,Blood Biochemical Responses to Acute Exercise: Findings from the Molecular Transducers of Physical Activity Consortium (MoTrPAC),Robbins JM,2026,bioRxiv (preprint server),10.64898/2026.03.02.704798,41835387,PMC12980391,https://doi.org/10.64898/2026.03.02.704798,预印本、多平台不同n及重复样本,yes,PMC,Robbins JM; Katz DH; Many GM; Rao P; Smith GR; Tiwari G; Jin C; Spielmann G; Montalvo S; Iyer G; Amar D; Leach D; Coyne BJ; Lindholm ME; Goodpaster B; Walsh MJ; Clish CB; Burant CF; Gerszten RE; MoTrPAC Study Group
